sample_id,exercise,label,frame_sequence,total_frames,knee_angle_right,knee_angle_left,hip_angle_right,hip_angle_left,elbow_angle_right,elbow_angle_left,shoulder_angle_right,shoulder_angle_left,torso_length,knee_angle_right_velocity,knee_angle_left_velocity,hip_angle_right_velocity,hip_angle_left_velocity,elbow_angle_right_velocity,elbow_angle_left_velocity,shoulder_angle_right_velocity,shoulder_angle_left_velocity,knee_angle_right_acceleration
pushup_correct_1 copy 2.mp4_000,pushup,correct,1,33,167.10673597129207,165.75889985180046,161.62912921492637,164.12652953122415,94.90987860453829,86.74765164088495,6.778577532544055,1.4548835785769305,0.16732753600519268,1.4218468226571304,0.4666958115367663,1.704882163909616,0.042938842859996385,-5.928895691492954,-9.091827309919111,-5.441219045024491,-4.528118593754117,1.7226966867774536
pushup_correct_1 copy 2.mp4_000,pushup,correct,2,33,165.9978346282572,165.9391202787664,161.74083726612696,164.8283532864269,90.08909636647388,80.38346700806282,2.32052046609344,7.438369208493665,0.16886301857959762,-1.1089013430348587,0.18022042696594553,0.11170805120059413,0.7018237552027529,-4.82078223806441,-6.3641846328221305,-4.458057066450616,5.983485629916734,-2.530748165691989
pushup_correct_1 copy 2.mp4_000,pushup,correct,3,33,164.81935858924666,164.93771020528365,161.07610277595822,164.49338268498155,83.61523377841621,76.0614593164163,2.6252220156631676,11.372413439683157,0.1669609691729273,-1.1784760390105475,-1.0014100734827593,-0.6647344901687404,-0.33497060144534885,-6.473862588057671,-4.322007691646519,0.3047015495697276,3.9340442311894925,-0.06957469597568888
pushup_correct_1 copy 2.mp4_000,pushup,correct,4,33,163.85018002025495,164.85119257048987,161.2094584569743,164.32582917429932,79.52676412967111,72.18981254257059,6.401687901618498,15.039896255367246,0.16703983579292198,-0.9691785689917083,-0.08651763479377905,0.1333556810160701,-0.16755351068223945,-4.088469648745104,-3.871646773845711,3.7764658859553304,3.667482815684089,0.20929747001883925
pushup_correct_1 copy 2.mp4_000,pushup,correct,5,33,163.03120155315202,162.98282099439967,160.343093236365,163.24634738949825,74.71527988558245,69.06865429578724,10.174024296123708,18.08774112602873,0.16743670283844306,-0.8189784671029372,-1.8683715760901976,-0.866365220609282,-1.079481784801061,-4.8114842440886605,-3.1211582467833523,3.77233639450521,3.0478448706614856,0.1502001018887711
pushup_correct_1 copy 2.mp4_000,pushup,correct,6,33,163.58652681789223,161.98170759332442,160.82238219429027,162.82701753144227,71.7362871917118,65.88642748094077,12.390539162267759,20.72553383060626,0.16759747046427356,0.5553252647402189,-1.0011134010752585,0.47928895792526305,-0.4193298580559883,-2.9789926938706515,-3.182226814846473,2.216514866144051,2.637792704577528,1.3743037318431561
pushup_correct_1 copy 2.mp4_000,pushup,correct,7,33,164.69241994191702,162.20397510315144,162.80656076743966,163.61979132178897,70.86252650759496,64.17063162179093,14.07563718218674,22.426043027973623,0.1667547520405989,1.1058931240247887,0.22226750982702015,1.9841785731493928,0.7927737903467005,-0.8737606841168315,-1.7157958591498357,1.685098019918982,1.7005091973673636,0.5505678592845697
pushup_correct_1 copy 2.mp4_000,pushup,correct,8,33,164.12459040377132,162.0906955228546,161.64812041659178,162.8639813275154,68.98241623861158,62.7302057579564,14.670137731492808,23.076153094097503,0.16608101591767935,-0.5678295381457019,-0.11327958029684737,-1.1584403508478829,-0.7558099942735623,-1.8801102689833868,-1.440425863834534,0.5945005493060673,0.6501100661238794,-1.6737226621704906
pushup_correct_1 copy 2.mp4_000,pushup,correct,9,33,163.3189109072015,161.89340543236915,160.90304288876033,162.1803925390101,66.63371956622336,60.17778904287287,16.613277223237127,24.451045417671438,0.1653686099522645,-0.8056794965698089,-0.19729009048543844,-0.7450775278314552,-0.6835887885052898,-2.348696672388215,-2.552416715083531,1.9431394917443185,1.3748923235739348,-0.23784995842410694
pushup_correct_1 copy 2.mp4_000,pushup,correct,10,33,164.15555594193088,163.11722233313816,162.1942831753163,164.99471377203494,65.89891063187484,60.08796654835213,17.911006073614676,25.913257137358233,0.16538883251323439,0.8366450347293721,1.223816900769009,1.2912402865559613,2.8143212330248275,-0.7348089343485213,-0.08982249452073887,1.297728850377549,1.4622117196867954,1.642324531299181
pushup_correct_1 copy 2.mp4_000,pushup,correct,11,33,162.5215640668548,162.6659103195549,161.98556152807546,165.5007980969679,65.7904887531815,58.787933732148346,18.772510656624714,27.36489026500887,0.1649368833947076,-1.6339918750760773,-0.451312013583248,-0.20872164724082154,0.5060843249329707,-0.10842187869333486,-1.3000328162037817,0.8615045830100385,1.4516331276506378,-2.4706369098054495
pushup_correct_1 copy 2.mp4_000,pushup,correct,12,33,161.99175728339685,162.59182552997996,162.43052206114172,165.89483612350276,64.58140728532274,57.66891559071035,20.46120066068351,28.519985478057126,0.16530305317397306,-0.529806783457957,-0.0740847895749539,0.4449605330662507,0.39403802653484377,-1.2090814678587662,-1.1190181414379978,1.6886900040587953,1.1550952130482557,1.1041850916181204
pushup_correct_1 copy 2.mp4_000,pushup,correct,13,33,160.90908217709938,161.98913999708884,161.56836687524253,165.51244294850983,64.76061480867479,57.049495803378086,20.710256756631125,28.8200952783756,0.16506037828612652,-1.0826751062974722,-0.6026855328911154,-0.8621551858991836,-0.38239317499292724,0.17920752335204782,-0.6194197873322622,0.24905609594761557,0.3001098003184737,-0.5528683228395153
pushup_correct_1 copy 2.mp4_000,pushup,correct,14,33,160.04723310779505,161.49989531717372,160.83359697401434,165.20248045989376,63.58771270151469,56.2408642356855,21.392451582239485,29.08502608969335,0.16511150321651277,-0.861849069304327,-0.48924467991511733,-0.7347699012281907,-0.30996248861606546,-1.1729021071600982,-0.8086315676925864,0.6821948256083594,0.2649308113177504,0.22082603699314518
pushup_correct_1 copy 2.mp4_000,pushup,correct,15,33,159.3655046498146,161.5630851611711,160.13533990479925,164.5343034010677,63.267392739328,55.05451586169754,21.56621162665772,29.463552400924947,0.1652867466760056,-0.681728457980455,0.06318984399737815,-0.6982570692150887,-0.6681770588260747,-0.32031996218668723,-1.1863483739879612,0.17376004441823412,0.37852631123159597,0.18012061132387203
pushup_correct_1 copy 2.mp4_000,pushup,correct,16,33,158.12138443230984,160.9159874946662,159.78343452906014,164.03264450340615,63.08796539026546,54.60359631401656,21.90867566242334,29.636488820435684,0.16534535190237784,-1.2441202175047579,-0.6470976665048909,-0.35190537573910774,-0.5016588976615424,-0.17942734906254287,-0.4509195476809751,0.342464035765623,0.17293641951073724,-0.5623917595243029
pushup_correct_1 copy 2.mp4_000,pushup,correct,17,33,158.1432548261151,160.75250509231844,160.22528383642046,164.1203786574996,63.079763503349064,54.54432265136608,22.22706897711606,29.627618911588716,0.16501975033612556,0.02187039380527267,-0.16348240234776767,0.44184930736031447,0.08773415409345375,-0.008201886916396006,-0.05927366265048306,0.3183933146927167,-0.008869908846968144,1.2659906113100305
pushup_correct_1 copy 2.mp4_000,pushup,correct,18,33,158.59158944404217,160.88226983196665,160.8678880625212,164.26804108711556,63.01805360712434,54.56214473181699,22.59764221642931,29.618880301567913,0.16481255815992504,0.44833461792705975,0.12976473964820912,0.6426042261007296,0.14766242961596276,-0.06170989622472689,0.01782208045091238,0.37057323931325215,-0.008738610020802895,0.4264642241217871
pushup_correct_1 copy 2.mp4_000,pushup,correct,19,33,159.1292840493358,161.12984137917996,161.1696395732997,164.34119178306673,62.90091349605794,54.08200632163723,23.005451477573725,29.94815505314552,0.16523751240831538,0.5376946052936376,0.24757154721331176,0.3017515107785016,0.07315069595117052,-0.11714011106639788,-0.48013841017976233,0.40780926114441485,0.3292747515776071,0.0893599873665778
pushup_correct_1 copy 2.mp4_000,pushup,correct,20,33,159.09991493047414,161.27764076569503,161.0392667479056,164.38626828694785,62.84734282796045,53.3904345032236,23.045304537788525,30.48676952825468,0.16570436729573237,-0.029369118861666266,0.14779938651506086,-0.13037282539409034,0.045076503881119834,-0.05357066809748545,-0.6915718184136281,0.039853060214799285,0.5386144751091599,-0.5670637241553038
pushup_correct_1 copy 2.mp4_000,pushup,correct,21,33,159.27907380613053,161.64619965863457,160.89968548601493,164.5540153368292,62.77978768357593,53.22971107031252,22.89006754291512,30.69317439460342,0.16576722440187505,0.179158875656384,0.36855889293954647,-0.13958126189066888,0.16774704988134204,-0.06755514438452082,-0.16072343291108382,-0.15523699487340537,0.20640486634874122,0.20852799451805026
pushup_correct_1 copy 2.mp4_000,pushup,correct,22,33,159.2224105842886,161.78471741043572,160.76693772120808,164.74255597905088,62.78779006189744,53.16483416399959,22.738064607438073,30.861057455725046,0.16630812415501675,-0.056663221841915856,0.138517751801146,-0.1327477648068509,0.18854064222168176,0.008002378321506853,-0.06487690631292509,-0.15200293547704646,0.16788306112162488,-0.23582209749829985
pushup_correct_1 copy 2.mp4_000,pushup,correct,23,33,159.17020423676612,161.89463867063597,160.71089468493972,164.74947576871483,62.65709082099204,53.113893633435055,22.597059888071026,30.918230815173622,0.16664608600486422,-0.05220634752248543,0.10992126020025239,-0.05604303626836327,0.006919789663953679,-0.13069924090540042,-0.05094053056453873,-0.1410047193670465,0.05717335944857638,0.004456874319430426
pushup_correct_1 copy 2.mp4_000,pushup,correct,24,33,159.04898017329182,161.82957944597445,160.56375293464225,164.672089040809,62.874372664700886,53.19176945485817,22.281916110127582,30.856373557715788,0.16668784118722307,-0.12122406347430115,-0.0650592246615247,-0.14714175029746457,-0.07738672790583223,0.21728184370884662,0.07787582142311322,-0.31514377794344384,-0.061857257457834436,-0.06901771595181572
pushup_correct_1 copy 2.mp4_000,pushup,correct,25,33,158.98719747708665,161.92070010164363,160.38714851846845,165.32967341367032,63.07307920292889,54.02676832724565,21.77632855914606,30.700560425383113,0.16649731214481414,-0.06178269620517085,0.09112065566918659,-0.1766044161738023,0.6575843728613222,0.19870653822800222,0.8349988723874802,-0.5055875509815237,-0.1558131323326748,0.059441367269130296
pushup_correct_1 copy 2.mp4_000,pushup,correct,26,33,159.3258237531252,161.96149264774078,161.3420497175049,165.9889810237219,66.26681318803159,56.1649136749621,19.103052210002634,29.386652270278507,0.1663040799211228,0.33862627603855344,0.04079254609715122,0.954901199036442,0.6593076100515702,3.1937339851027033,2.1381453477164527,-2.673276349143425,-1.3139081551046061,0.4004089722437243
pushup_correct_1 copy 2.mp4_000,pushup,correct,27,33,161.37638304078925,161.71688339117588,161.26512175148318,166.79579931015604,67.92432748818793,60.38638780894586,16.026933685610935,26.582796944835458,0.16720572080217322,2.0505592876640435,-0.24460925656489962,-0.0769279660217137,0.8068182864341509,1.6575143001563362,4.221474133983762,-3.076118524391699,-2.803855325443049,1.71193301162549
pushup_correct_1 copy 2.mp4_000,pushup,correct,28,33,162.39193755375993,160.662720334555,161.45709932896935,166.270705341747,70.53923582506953,66.00833538110021,12.514734415752478,22.0349488037968,0.16750942187425477,1.015554512970681,-1.0541630566208937,0.1919775774861705,-0.5250939684090383,2.614908336881598,5.6219475721543475,-3.5121992698584563,-4.547848141038656,-1.0350047746933626
pushup_correct_1 copy 2.mp4_000,pushup,correct,29,33,162.23643929371153,160.46450357305062,162.38163891235746,164.033428174415,77.24041460244844,69.17143030355601,7.045104584156824,17.960733404325534,0.1679966209737658,-0.15549826004840384,-0.1982167615043693,0.9245395833881105,-2.237277167331996,6.701178777378914,3.163094922455798,-5.469629831595655,-4.074215399471267,-1.1710527730190847
pushup_correct_1 copy 2.mp4_000,pushup,correct,30,33,161.72369934546597,163.73152646616856,163.50685426056828,165.2138849804899,82.32918700237806,74.00271860735327,4.324946151813945,13.51496733597253,0.16799904196745952,-0.512739948245553,3.2670228931179395,1.1252153482108156,1.1804568060748863,5.088772399929624,4.831288303797265,-2.7201584323428785,-4.445766068353004,-0.3572416881971492
pushup_correct_1 copy 2.mp4_000,pushup,correct,31,33,161.96967419762012,165.8129364826047,164.53294234036278,165.26997498984846,86.93904884815097,81.39111348918092,1.9362743033143608,7.136379771972172,0.1680932953809725,0.2459748521541485,2.0814100164361378,1.026088079794505,0.056090009358570114,4.609861845772912,7.388394881827651,-2.3886718484995844,-6.378587564000358,0.7587148003997015
pushup_correct_1 copy 2.mp4_000,pushup,correct,32,33,162.13845121493756,165.20657336339775,164.7131420629221,164.7606424913839,93.02055440051075,90.8291276065471,2.2296390851477077,0.9307464315494091,0.16687569330592902,0.16877701731743855,-0.6063631192069465,0.18019972255930838,-0.5093324984645733,6.081505552359772,9.43801411736618,0.2933647818333469,-6.2056333404227635,-0.07719783483670994
pushup_correct_1 copy 2.mp4_000,pushup,correct,33,33,162.92720731027103,165.35987147485562,165.82503877853455,165.4602555054447,101.20395459661484,102.07378336791808,7.460263344564727,9.860729633632321,0.16477929781871364,0.7887560953334685,0.15329811145787176,1.1118967156124597,0.6996130140608159,8.183400196104088,11.244655761370979,5.23062425941702,8.929983202082912,0.6199790780160299
pushup_correct_1 copy 2.mp4_001,pushup,correct,1,31,159.23113398635198,158.71730274554014,164.18520290122643,165.4582809477856,93.51376135602351,90.20989601415803,2.414731180481445,3.0404611820571668,0.17308927602656338,-1.3724034884214689,-0.8362611560820312,-1.8859599683139265,-1.4767693697730238,-4.893338388571976,-5.476729298045555,-2.962806734656207,1.913915816903976,-0.06478886506059212
pushup_correct_1 copy 2.mp4_001,pushup,correct,2,31,158.60848613215333,158.81438757757238,163.08358715673438,163.95915949915985,89.48742667065748,84.34864117515454,0.8408733196468614,7.45154947204507,0.17156098326525288,-0.6226478541986467,0.0970848320322375,-1.101615744492051,-1.4991214486257434,-4.026334685366024,-5.861254839003493,-1.5738578608345837,4.411088289987903,0.7497556342228222
pushup_correct_1 copy 2.mp4_001,pushup,correct,3,31,159.03551924344353,159.46905376600048,162.82237576843102,164.05519542575982,86.03242648135272,79.89945603313949,3.0631232593618845,11.017946538594705,0.1694946009937197,0.42703311129019994,0.6546661884281093,-0.26121138830336577,0.09603592659996707,-3.4550001893047693,-4.449185142015054,2.222249939715023,3.5663970665496354,1.0496809654888466
pushup_correct_1 copy 2.mp4_001,pushup,correct,4,31,159.93032057841077,160.52967220499679,162.22181955478212,163.9594722316287,82.24689612384266,76.43062126332363,5.875047312738996,14.37854524974206,0.16974210503452003,0.8948013349672408,1.0606184389963005,-0.6005562136489004,-0.09572319413112496,-3.785530357510055,-3.4688347698158566,2.8119240533771115,3.3605987111473556,0.46776822367704085
pushup_correct_1 copy 2.mp4_001,pushup,correct,5,31,161.0849035785235,160.56653268724347,162.74965499759665,163.8892479091994,79.49541533834416,73.38376894991535,8.53264824871975,17.349899302335118,0.1698448110208673,1.1545830001127229,0.036860482246680704,0.5278354428145349,-0.07022432242928289,-2.751480785498501,-3.04685231340828,2.6576009359807546,2.971354052593057,0.25978166514548207
pushup_correct_1 copy 2.mp4_001,pushup,correct,6,31,161.40418791268516,160.69053873883988,163.14476785808156,164.34453042566383,76.94602871416132,71.18390102924349,10.805005125577614,19.602032659409005,0.17036417723789546,0.31928433416166513,0.12400605159641032,0.39511286048491456,0.45528251646442186,-2.5493866241828442,-2.1998679206718634,2.272356876857863,2.2521333570738875,-0.8352986659510577
pushup_correct_1 copy 2.mp4_001,pushup,correct,7,31,161.47453143258488,160.91275471166662,162.60580744961308,164.4211491395782,73.5393288419743,68.5904633876268,12.574747844552478,21.627188848799683,0.1701850836472057,0.07034351989972265,0.22221597282674566,-0.5389604084684834,0.07661871391437103,-3.406699872187019,-2.5934376416166884,1.7697427189748645,2.025156189390678,-0.24894081426194248
pushup_correct_1 copy 2.mp4_001,pushup,correct,8,31,160.2438922335902,160.23328710083513,161.96461429888816,163.8880164495537,72.1039494049693,66.40829131670428,13.486226701285236,23.110856758567284,0.1706182718321209,-1.2306391989946803,-0.6794676108314945,-0.6411931507249164,-0.5331326900245017,-1.4353794370049968,-2.182172070922519,0.9114788567327583,1.4836679097676004,-1.300982718894403
pushup_correct_1 copy 2.mp4_001,pushup,correct,9,31,160.07798853951107,160.04784328510272,162.22789089298757,163.70864841260592,69.87083282032705,64.31572764761731,15.799666591200225,24.724247575347054,0.1708803598422881,-0.16590369407913386,-0.18544381573241253,0.26327659409940907,-0.17936803694777836,-2.2331165846422465,-2.092563669086971,2.3134398899149886,1.61339081677977,1.0647355049155465
pushup_correct_1 copy 2.mp4_001,pushup,correct,10,31,160.03119090465813,160.2522550656289,162.61864426345826,164.16821803874623,68.15344203647095,62.28068670297559,18.253522200512915,26.2882840010816,0.16943173621441862,-0.0467976348529362,0.20441178052618625,0.3907533704706907,0.4595696261403077,-1.7173907838561036,-2.0350409446417146,2.45385560931269,1.564036425734546,0.11910605922619766
pushup_correct_1 copy 2.mp4_001,pushup,correct,11,31,159.018778833917,159.7062882029882,163.1832099283609,165.01203507935583,66.36212451187367,61.275785326792715,20.413942503133086,27.692916812949516,0.16956517545671135,-1.012412070741135,-0.5459668626407108,0.5645656649026307,0.8438170406095935,-1.7913175245972752,-1.004901376182879,2.160420302620171,1.4046328118679163,-0.9656144358881988
pushup_correct_1 copy 2.mp4_001,pushup,correct,12,31,158.81797542230376,159.6441746973055,163.96474739821744,165.53399564218762,65.82484386704239,60.11688328641459,21.657764832595024,29.009609208881983,0.16922444228927652,-0.20080341161323645,-0.06211350568270291,0.7815374698565449,0.5219605628317936,-0.5372806448312843,-1.1589020403781234,1.2438223294619384,1.316692395932467,0.8116086591278986
pushup_correct_1 copy 2.mp4_001,pushup,correct,13,31,159.05848122693658,160.29679890439908,164.46826009162857,166.92870706759496,64.50082450099647,59.05940906236193,23.296585814852854,30.639478889853514,0.16916806733775352,0.2405058046328179,0.652624207093595,0.5035126934111247,1.394711425407337,-1.324019366045917,-1.0574742240526618,1.6388209822578297,1.629869680971531,0.44130921624605435
pushup_correct_1 copy 2.mp4_001,pushup,correct,14,31,157.8390601464768,159.0938806978892,164.97894781449668,166.90860198694654,63.87077848786661,58.2200377228104,24.427146121061558,31.589358733334457,0.16915910711542861,-1.2194210804597674,-1.202918206509878,0.5106877228681128,-0.020105080648420426,-0.6300460131298635,-0.8393713395515263,1.1305603062087037,0.949879843480943,-1.4599268850925853
pushup_correct_1 copy 2.mp4_001,pushup,correct,15,31,157.15039644098326,158.71095367359513,163.52028164135865,166.4140349147566,66.47910394367447,57.9989122416733,22.90146294423706,31.40576107558665,0.16907532518143684,-0.6886637054935534,-0.38292702429407655,-1.4586661731380275,-0.49456707218993756,2.608325455807865,-0.22112548113710062,-1.5256831768244972,-0.18359765774780712,0.530757374966214
pushup_correct_1 copy 2.mp4_001,pushup,correct,16,31,155.71203212486597,157.99077178289545,162.6190764841952,165.48342172403702,66.6872669164735,58.143997975099,22.336538561437916,30.823842180429203,0.16902201126066232,-1.438364316117287,-0.7201818906996778,-0.9012051571634458,-0.9306131907195834,0.2081629727990304,0.1450857334256952,-0.5649243827991448,-0.5819188951574468,-0.7497006106237336
pushup_correct_1 copy 2.mp4_001,pushup,correct,17,31,155.38201242935153,157.86185946817594,162.30512724918484,164.83083844191495,66.61488189017211,58.138293394709905,22.171990127195414,30.514256514337777,0.1689629643316103,-0.3300196955144372,-0.12891231471951414,-0.3139492350103694,-0.6525832821220661,-0.0723850263013901,-0.005704580389092939,-0.16454843424250143,-0.3095856660914258,1.1083446206028498
pushup_correct_1 copy 2.mp4_001,pushup,correct,18,31,154.60689235208713,157.5165372425815,161.6866800942969,164.07272578142187,66.28934290864203,57.54366080416246,22.19555780261251,30.61362002087386,0.16886298921035933,-0.775120077264404,-0.3453222255944297,-0.6184471548879458,-0.758112660493083,-0.3255389815300873,-0.5946325905474481,0.02356767541709459,0.09936350653608272,-0.4451003817499668
pushup_correct_1 copy 2.mp4_001,pushup,correct,19,31,153.92005741716682,157.83967551591778,161.49186067334813,164.55754824126151,66.16258755639457,57.67616109545554,21.94415979922632,30.59705024101771,0.16883857716302253,-0.6868349349203129,0.3231382733362693,-0.19481942094876104,0.48482245983964845,-0.12675535224745715,0.13250029129308416,-0.2513980033861891,-0.016569779856151712,0.08828514234409113
pushup_correct_1 copy 2.mp4_001,pushup,correct,20,31,154.17488618493627,157.99970810099933,161.2754879559867,164.7135569537372,66.51549571382309,57.878474270444904,21.26843567908435,30.53205811642813,0.1686636383178089,0.2548287677694532,0.16003258508155227,-0.21637271736142338,0.15600871247568193,0.3529081574285158,0.20231317498936363,-0.6757241201419681,-0.0649921245895797,0.9416637026897661
pushup_correct_1 copy 2.mp4_001,pushup,correct,21,31,154.7948129107662,158.14162940231446,161.44894521648595,164.76294280403783,66.57025783998724,57.97193181093862,21.167700594269085,30.554407822092916,0.1686038181870848,0.6199267258299415,0.14192130131513636,0.17345726049924792,0.04938585030063791,0.05476212616414955,0.09345754049371635,-0.10073508481526616,0.022349705664787223,0.3650979580604883
pushup_correct_1 copy 2.mp4_001,pushup,correct,22,31,155.00121143672823,158.17528471142117,161.53442411870193,164.7414370023438,66.79969357686502,57.704957679547014,20.9621246198348,30.5935444042897,0.16831532144360076,0.20639852596201536,0.033655309106706,0.08547890221598209,-0.021505801694047477,0.2294357368777895,-0.2669741313916063,-0.20557597443428577,0.0391365821967824,-0.4135281998679261
pushup_correct_1 copy 2.mp4_001,pushup,correct,23,31,155.04177805099982,158.2480632486465,161.85909723562006,165.0901466867704,67.27691030930286,57.94067612922207,20.434600280481863,30.334298464598845,0.16866051857311917,0.040566614271597246,0.07277853722533223,0.3246731169181203,0.3487096844266091,0.4772167324378387,0.23571844967505484,-0.5275243393529365,-0.2592459396908531,-0.1658319116904181
pushup_correct_1 copy 2.mp4_001,pushup,correct,24,31,154.67146132926305,157.7341372458072,161.41058432640915,165.49062779791308,67.07870210566739,59.41484308170188,19.103127109673643,29.30258276011128,0.1688479181800369,-0.37031672173677066,-0.5139260028392982,-0.4485129092109048,0.4004811111426818,-0.19820820363547398,1.4741669524798127,-1.33147317080822,-1.0317157044875636,-0.4108833360083679
pushup_correct_1 copy 2.mp4_001,pushup,correct,25,31,154.58493619887972,157.18423950058403,161.8033257477496,165.82683122289498,69.02460482693672,61.79252886656031,16.772641377622556,28.02008132269669,0.16955246875863664,-0.08652513038333609,-0.549897745223177,0.3927414213404461,0.33620342498190325,1.9459027212693343,2.3776857848584285,-2.3304857320510877,-1.2825014374145915,0.28379159135343457
pushup_correct_1 copy 2.mp4_001,pushup,correct,26,31,154.83056680238155,155.91215708311375,161.56002493248488,165.2481276729941,72.56069647746948,66.74408914605587,13.341931681624052,24.118129155291065,0.169860760959413,0.24563060350183719,-1.2720824174702727,-0.24330081526471758,-0.5787035499008937,3.5360916505327538,4.95156027949556,-3.4307096959985035,-3.901952167405625,0.3321557338851733
pushup_correct_1 copy 2.mp4_001,pushup,correct,27,31,155.8309799370677,157.1288537056407,163.05044384258434,166.1470811810877,78.82680726745032,71.18504770646362,7.766688104343521,19.778511983284528,0.1706508975509362,1.0004131346861413,1.216696622526939,1.4904189100994643,0.8989535080936264,6.266110789980843,4.440958560407751,-5.575243577280531,-4.3396171720065375,0.7547825311843042
pushup_correct_1 copy 2.mp4_001,pushup,correct,28,31,156.0606286576906,159.31310352011522,164.2512267895492,167.33425900867144,83.35272113889195,76.95584378909136,4.902026837811798,14.793901453538515,0.17090756097546433,0.22964872062289032,2.1842498144745264,1.200782946964864,1.1871778275837244,4.525913871441631,5.77079608262774,-2.864661266531723,-4.984610529746012,-0.770764414063251
pushup_correct_1 copy 2.mp4_001,pushup,correct,29,31,158.80888214075785,159.18826970771096,166.31307172925483,167.33602608058857,88.07141972857896,83.81581165846357,1.8292600702857496,8.483387542629416,0.17059859548736003,2.748253483067259,-0.12483381240426183,2.0618449397056224,0.0017670719171292149,4.718698589687008,6.859967869372213,-3.0727667675260486,-6.3105139109090995,2.518604762444369
pushup_correct_1 copy 2.mp4_001,pushup,correct,30,31,158.8140692554213,161.46223225504363,165.68619238094817,166.99208659132196,93.71496528581717,91.16471171771944,2.3795299024340246,0.799141411647456,0.1697703933846722,0.005187114663442571,2.2739625473326726,-0.6268793483066588,-0.343939489266603,5.6435455572382125,7.348900059255868,0.5502698321482751,-7.684246130981959,-2.7430663684038166
pushup_correct_1 copy 2.mp4_001,pushup,correct,31,31,159.5684643610979,162.65231887993687,166.81281640021038,167.71618597903992,97.67145612890808,100.015048877803,3.597200914379172,5.917693642522702,0.16972092584322063,0.7543951056766218,1.1900866248932402,1.1266240192622092,0.7240993877179562,3.9564908430909043,8.850337160083555,1.2176710119451473,5.118552230875245,0.7492079910131793
pushup_correct_1 copy 2.mp4_002,pushup,correct,1,31,156.21658323226038,157.63333668657233,165.47245096772286,166.28578925725287,93.50221839699417,87.58074855061095,0.2638183327362059,6.957871088087118,0.1716498679899398,-0.04830125238831329,-0.8491036415282736,-1.171278464506912,-0.7027217568014521,-4.85736937163891,-3.4301306514788905,-3.2613641517960152,3.4065573693994633,0.05739633753657358
pushup_correct_1 copy 2.mp4_002,pushup,correct,2,31,155.95202351575836,157.29458981664794,164.19878164054447,165.21885174827162,90.12811808133716,82.48779043189626,1.8485011055115073,11.00932946508867,0.17057160935625035,-0.2645597165020206,-0.3387468699243925,-1.2736693271783963,-1.0669375089812547,-3.374100315657003,-5.092958118714691,1.5846827727753015,4.051458377001553,-0.2162584641137073
pushup_correct_1 copy 2.mp4_002,pushup,correct,3,31,155.6324144489419,156.8092006723116,163.0820138486254,164.59908360766474,86.97064550890597,80.67810716347228,3.5827392562605374,12.881894668104566,0.16923614845766613,-0.3196090668164686,-0.4853891443363523,-1.1167677919190737,-0.6197681406068796,-3.157472572431189,-1.8096832684239814,1.73423815074903,1.8725652030158955,-0.05504935031444802
pushup_correct_1 copy 2.mp4_002,pushup,correct,4,31,156.23528709627593,156.73399912302554,163.9902375034799,164.40221573263392,84.7614597781935,78.58438598226262,5.450202813311321,15.095555649499968,0.1679351947546914,0.6028726473340384,-0.07520154928604939,0.9082236548545097,-0.1968678750308186,-2.209185730712477,-2.093721181209659,1.867463557050784,2.2136609813954014,0.9224817141505071
pushup_correct_1 copy 2.mp4_002,pushup,correct,5,31,156.10284835232991,156.23621579861742,163.96770260910267,163.06937910906345,83.96582206928466,74.95087556289164,6.191154636093225,17.49048051763075,0.16849637805344234,-0.13243874394601107,-0.49778332440811823,-0.02253489437723033,-1.332836623570472,-0.795637708908842,-3.633510419370978,0.7409518227819039,2.394924868130783,-0.7353113912800495
pushup_correct_1 copy 2.mp4_002,pushup,correct,6,31,156.51144945350288,156.10713702050035,163.66606294823407,162.78995486309313,80.83940269865332,71.80423771554128,8.571246483545524,20.104757760628477,0.16842932497477295,0.40860110117296244,-0.12907877811707635,-0.3016396608686023,-0.27942424597031845,-3.1264193706313392,-3.1466378473503624,2.3800918474522987,2.6142772429977263,0.5410398451189735
pushup_correct_1 copy 2.mp4_002,pushup,correct,7,31,156.20691099805725,156.68022429106293,163.26709114519852,162.7744190687422,77.72510177722398,68.59554281406562,11.130666271968218,22.68950417146233,0.16869095715968527,-0.3045384554456234,0.5730872705625814,-0.39897180303555047,-0.015535794350938659,-3.114300921429333,-3.2086949014756527,2.5594197884226944,2.5847464108338514,-0.7131395566185859
pushup_correct_1 copy 2.mp4_002,pushup,correct,8,31,156.08489613299903,156.61123988793597,163.7097833484172,163.2537217325158,75.61921450145552,66.3815212287341,12.853325041558078,24.554983818676217,0.16945214031732692,-0.1220148650582189,-0.06898440312696152,0.44269220321868374,0.4793026637736091,-2.105887275768467,-2.2140215853315226,1.7226587695898594,1.8654796472138884,0.1825235903874045
pushup_correct_1 copy 2.mp4_002,pushup,correct,9,31,156.1629189332768,157.05394111471426,163.99774752404323,163.67694483373782,73.42620188209021,65.21095771569163,14.446566220073718,25.255845836893975,0.1700576763065874,0.07802280027777897,0.44270122677829704,0.28796417562602983,0.4232231012220211,-2.1930126193653052,-1.1705635130424668,1.5932411785156404,0.7008620182177587,0.20003766533599787
pushup_correct_1 copy 2.mp4_002,pushup,correct,10,31,155.60828134512042,156.7388875350301,163.47071218182103,163.6669299356526,70.73739074358876,63.47991429431282,16.08723812556639,26.421411794215853,0.16985793876735844,-0.5546375881563961,-0.3150535796841609,-0.5270353422222058,-0.010014898085216828,-2.6888111385014497,-1.7310434213788142,1.6406719054926722,1.1655659573218777,-0.632660388434175
pushup_correct_1 copy 2.mp4_002,pushup,correct,11,31,153.87756825469026,155.64036791545618,162.70993689432729,162.68036681119273,69.55969042704527,61.166493311823984,17.251257539403795,27.797023027409725,0.16907916808129858,-1.7307130904301573,-1.0985196195739206,-0.7607752874937432,-0.9865631244598774,-1.1777003165434934,-2.313420982488836,1.164019413837405,1.3756112331938724,-1.1760755022737612
pushup_correct_1 copy 2.mp4_002,pushup,correct,12,31,152.60187421187777,155.38329706582886,162.510447927985,163.23144678467057,67.95004882641013,60.70865655107699,19.302251818095815,28.521086868657235,0.1688445154761236,-1.2756940428124892,-0.2570708496273255,-0.19948896634227253,0.5510799734778402,-1.6096416006351433,-0.45783676074699287,2.05099427869202,0.72406384124751,0.4550190476176681
pushup_correct_1 copy 2.mp4_002,pushup,correct,13,31,151.47615444901285,154.45534053183053,161.99063524515392,162.72181208640677,67.18699319319887,60.790790316898516,20.55367179849109,28.63805352236739,0.16898962833691658,-1.125719762864918,-0.9279565339983264,-0.5198126828310876,-0.5096346982637954,-0.7630556332112519,0.08213376582152421,1.2514199803952764,0.11696665371015413,0.14997427994757118
pushup_correct_1 copy 2.mp4_002,pushup,correct,14,31,151.2894487407338,155.09971757613891,162.1015898248611,163.24315417860586,64.56042396625973,59.94043343368962,23.267477044065554,29.4255744636868,0.16887180670620464,-0.18670570827904953,0.6443770443083849,0.11095457970716893,0.5213420921990917,-2.6265692269391394,-0.8503568832088959,2.713805245574463,0.7875209413194106,0.9390140545858685
pushup_correct_1 copy 2.mp4_002,pushup,correct,15,31,151.60328045926633,155.5719984379744,162.4900479767584,163.563717193787,63.72730259238428,59.259851043946185,24.12153078605549,30.100083357238287,0.1688919889923333,0.31383171853252634,0.4722808618354861,0.3884581518973107,0.3205630151811363,-0.833121373875457,-0.6805823897434351,0.8540537419899366,0.6745088935514865,0.5005374268115759
pushup_correct_1 copy 2.mp4_002,pushup,correct,16,31,151.6300021335779,155.3030072035365,161.68120878739785,162.9392320239571,62.803537904063525,58.82834515036644,24.354132696114874,30.122182611299834,0.16882991481763573,0.026721674311573906,-0.2689912344378911,-0.8088391893605547,-0.6244851698299101,-0.9237646883207518,-0.43150589357974667,0.23260191005938324,0.02209925406154767,-0.28711004422095243
pushup_correct_1 copy 2.mp4_002,pushup,correct,17,31,151.90439618180588,155.05355015552917,160.8355915713089,162.14400583625977,62.927308186162556,58.04654148749308,23.8973324582368,30.315171929662622,0.1686979503093052,0.2743940482279754,-0.24945704800734347,-0.8456172160889537,-0.7952261876973239,0.12377028209903074,-0.781803662873358,-0.456800237878074,0.19298931836278754,0.2476723739164015
pushup_correct_1 copy 2.mp4_002,pushup,correct,18,31,152.5352615301505,154.69853056118953,160.22339986816502,162.12772151152762,63.212961187225915,57.930202855204136,23.010767916354492,30.376247683468183,0.16816828825313818,0.6308653483446278,-0.3550195943396375,-0.6121917031438784,-0.016284324732140476,0.2856530010633591,-0.1163386322889437,-0.8865645418823078,0.06107575380556085,0.3564713001166524
pushup_correct_1 copy 2.mp4_002,pushup,correct,19,31,152.8065004625863,154.64829807762186,160.00687500005415,162.08432825910594,63.71313027273948,57.7475158357165,22.299229348703726,30.45572694017081,0.167650560501675,0.2712389324358071,-0.05023248356766885,-0.21652486811086646,-0.04339325242168002,0.5001690855135621,-0.18268701948763777,-0.7115385676507664,0.07947925670262634,-0.3596264159088207
pushup_correct_1 copy 2.mp4_002,pushup,correct,20,31,152.76724144607167,154.42736608576465,159.94687755375972,162.01559051246778,64.35363606492959,57.83265367193344,21.677193623092233,30.345223876010333,0.16745132385735226,-0.03925901651464869,-0.22093199185721346,-0.05999744629443171,-0.06873774663816334,0.6405057921901118,0.08513783621694415,-0.622035725611493,-0.11050306416047562,-0.3104979489504558
pushup_correct_1 copy 2.mp4_002,pushup,correct,21,31,152.59144958615673,154.2448224216204,160.04847189190895,162.0243086838832,64.99256546626498,58.07052691264166,21.175640319267735,30.00990532637799,0.16733902253284838,-0.17579185991493773,-0.18254366414424794,0.10159433814922636,0.00871817141540987,0.638929401335389,0.23787324070821825,-0.5015533038244975,-0.3353185496323441,-0.13653284340028904
pushup_correct_1 copy 2.mp4_002,pushup,correct,22,31,152.76833155039088,154.27357491357293,160.33630301355745,162.17345932512848,65.51596245067786,57.928864354104775,20.751861392259126,29.931271402940965,0.16728013955952012,0.17688196423415548,0.028752491952531045,0.28783112164850877,0.149150641245285,0.5233969844128836,-0.14166255853688625,-0.423778927008609,-0.07863392343702458,0.3526738241490932
pushup_correct_1 copy 2.mp4_002,pushup,correct,23,31,152.89160427756818,154.4221044404227,160.30829583485806,162.34298074463564,65.65315406467866,58.03841118350552,20.531604953963107,29.937211546822535,0.16725559919307723,0.12327272717729443,0.14852952684975662,-0.028007178699397173,0.16952141950716282,0.13719161400079827,0.10954682940074179,-0.22025643829601904,0.005940143881570492,-0.05360923705686105
pushup_correct_1 copy 2.mp4_002,pushup,correct,24,31,152.95380550149773,154.5090288132527,160.46502466418534,162.85772248305364,66.14017491496661,58.41423610926116,20.112807037777703,29.959344397048966,0.16715402394168014,0.06220122392954863,0.08692437283002619,0.15672882932727816,0.514741738417996,0.48702085028794784,0.3758249257556443,-0.4187979161854045,0.022132850226430634,-0.061071503247745795
pushup_correct_1 copy 2.mp4_002,pushup,correct,25,31,153.24884089992776,155.11502795473035,161.3685938174352,164.62938366301873,66.8956119962561,61.25898812347806,18.6581598041832,27.954248914794363,0.1672756369117688,0.2950353984300307,0.6059991414776391,0.9035691532498618,1.7716611799650934,0.755437081289486,2.844752014216901,-1.4546472335945033,-2.005095482254603,0.23283417450048205
pushup_correct_1 copy 2.mp4_002,pushup,correct,26,31,152.83760894138632,153.88263960593133,161.26895310539473,164.49639546207842,68.89113560525053,65.00466879568017,16.255131100472223,25.43498457188836,0.16755221535555923,-0.41123195854143546,-1.2323883487990202,-0.09964071204046832,-0.1329882009403036,1.9955236089944322,3.7456806722021128,-2.4030287037109765,-2.519264342906002,-0.7062673569714661
pushup_correct_1 copy 2.mp4_002,pushup,correct,27,31,152.63598313173392,154.0995960410566,162.0520270506634,164.75556275600056,75.89831287188511,68.07654033903361,10.902098108396403,22.954976184066393,0.16845971034223736,-0.2016258096523984,0.21695643512526885,0.7830739452686828,0.25916729392213256,7.007177266634585,3.0718715433534385,-5.3530329920758195,-2.480008387821968,0.20960614888903706
pushup_correct_1 copy 2.mp4_002,pushup,correct,28,31,154.18626485250851,155.66619094895702,163.34705376805525,166.03319901212188,80.81897485793002,72.82034038464415,6.863691373665384,19.049775679997364,0.16966270590250784,1.550281720774592,1.5665949079004236,1.2950267173918348,1.2776362561213261,4.920661986044905,4.743800045610541,-4.038406734731019,-3.905200504069029,1.7519075304269904
pushup_correct_1 copy 2.mp4_002,pushup,correct,29,31,154.519520870053,159.41206036979446,165.92380026990764,168.77794470692507,87.92931197289741,81.18837799676767,2.400536332499469,12.286293121177822,0.1708684574080293,0.3332560175444712,3.745869420837437,2.576746501852398,2.7447456948031856,7.110337114967393,8.368037612123516,-4.4631550411659155,-6.7634825588195415,-1.2170257032301208
pushup_correct_1 copy 2.mp4_002,pushup,correct,30,31,154.6033451738117,158.88097767597662,165.48361250393765,168.5536769826556,90.99102873359735,87.89459918443382,0.006567349705396778,6.011209935978566,0.17141814261721494,0.08382430375871763,-0.5310826938178366,-0.44018776596999487,-0.22426772426948105,3.0617167606999374,6.706221187666145,-2.3939689827940724,-6.275083185199256,-0.24943171378575357
pushup_correct_1 copy 2.mp4_002,pushup,correct,31,31,155.27115190131573,159.06973463237262,165.413276265553,167.359323603594,97.19995840558731,96.67482569507081,5.349462464917143,2.340182027888833,0.1702090824307795,0.6678067275040291,0.18875695639599144,-0.07033623838464109,-1.1943533790615959,6.208929671989964,8.780226510636993,5.342895115211746,-3.671027908089733,0.5839824237453115
pushup_correct_1 copy.mp4_000,pushup,correct,1,33,167.10673597129207,165.75889985180046,161.62912921492637,164.12652953122415,94.90987860453829,86.74765164088495,6.778577532544055,1.4548835785769305,0.16732753600519268,1.4218468226571304,0.4666958115367663,1.704882163909616,0.042938842859996385,-5.928895691492954,-9.091827309919111,-5.441219045024491,-4.528118593754117,1.7226966867774536
pushup_correct_1 copy.mp4_000,pushup,correct,2,33,165.9978346282572,165.9391202787664,161.74083726612696,164.8283532864269,90.08909636647388,80.38346700806282,2.32052046609344,7.438369208493665,0.16886301857959762,-1.1089013430348587,0.18022042696594553,0.11170805120059413,0.7018237552027529,-4.82078223806441,-6.3641846328221305,-4.458057066450616,5.983485629916734,-2.530748165691989
pushup_correct_1 copy.mp4_000,pushup,correct,3,33,164.81935858924666,164.93771020528365,161.07610277595822,164.49338268498155,83.61523377841621,76.0614593164163,2.6252220156631676,11.372413439683157,0.1669609691729273,-1.1784760390105475,-1.0014100734827593,-0.6647344901687404,-0.33497060144534885,-6.473862588057671,-4.322007691646519,0.3047015495697276,3.9340442311894925,-0.06957469597568888
pushup_correct_1 copy.mp4_000,pushup,correct,4,33,163.85018002025495,164.85119257048987,161.2094584569743,164.32582917429932,79.52676412967111,72.18981254257059,6.401687901618498,15.039896255367246,0.16703983579292198,-0.9691785689917083,-0.08651763479377905,0.1333556810160701,-0.16755351068223945,-4.088469648745104,-3.871646773845711,3.7764658859553304,3.667482815684089,0.20929747001883925
pushup_correct_1 copy.mp4_000,pushup,correct,5,33,163.03120155315202,162.98282099439967,160.343093236365,163.24634738949825,74.71527988558245,69.06865429578724,10.174024296123708,18.08774112602873,0.16743670283844306,-0.8189784671029372,-1.8683715760901976,-0.866365220609282,-1.079481784801061,-4.8114842440886605,-3.1211582467833523,3.77233639450521,3.0478448706614856,0.1502001018887711
pushup_correct_1 copy.mp4_000,pushup,correct,6,33,163.58652681789223,161.98170759332442,160.82238219429027,162.82701753144227,71.7362871917118,65.88642748094077,12.390539162267759,20.72553383060626,0.16759747046427356,0.5553252647402189,-1.0011134010752585,0.47928895792526305,-0.4193298580559883,-2.9789926938706515,-3.182226814846473,2.216514866144051,2.637792704577528,1.3743037318431561
pushup_correct_1 copy.mp4_000,pushup,correct,7,33,164.69241994191702,162.20397510315144,162.80656076743966,163.61979132178897,70.86252650759496,64.17063162179093,14.07563718218674,22.426043027973623,0.1667547520405989,1.1058931240247887,0.22226750982702015,1.9841785731493928,0.7927737903467005,-0.8737606841168315,-1.7157958591498357,1.685098019918982,1.7005091973673636,0.5505678592845697
pushup_correct_1 copy.mp4_000,pushup,correct,8,33,164.12459040377132,162.0906955228546,161.64812041659178,162.8639813275154,68.98241623861158,62.7302057579564,14.670137731492808,23.076153094097503,0.16608101591767935,-0.5678295381457019,-0.11327958029684737,-1.1584403508478829,-0.7558099942735623,-1.8801102689833868,-1.440425863834534,0.5945005493060673,0.6501100661238794,-1.6737226621704906
pushup_correct_1 copy.mp4_000,pushup,correct,9,33,163.3189109072015,161.89340543236915,160.90304288876033,162.1803925390101,66.63371956622336,60.17778904287287,16.613277223237127,24.451045417671438,0.1653686099522645,-0.8056794965698089,-0.19729009048543844,-0.7450775278314552,-0.6835887885052898,-2.348696672388215,-2.552416715083531,1.9431394917443185,1.3748923235739348,-0.23784995842410694
pushup_correct_1 copy.mp4_000,pushup,correct,10,33,164.15555594193088,163.11722233313816,162.1942831753163,164.99471377203494,65.89891063187484,60.08796654835213,17.911006073614676,25.913257137358233,0.16538883251323439,0.8366450347293721,1.223816900769009,1.2912402865559613,2.8143212330248275,-0.7348089343485213,-0.08982249452073887,1.297728850377549,1.4622117196867954,1.642324531299181
pushup_correct_1 copy.mp4_000,pushup,correct,11,33,162.5215640668548,162.6659103195549,161.98556152807546,165.5007980969679,65.7904887531815,58.787933732148346,18.772510656624714,27.36489026500887,0.1649368833947076,-1.6339918750760773,-0.451312013583248,-0.20872164724082154,0.5060843249329707,-0.10842187869333486,-1.3000328162037817,0.8615045830100385,1.4516331276506378,-2.4706369098054495
pushup_correct_1 copy.mp4_000,pushup,correct,12,33,161.99175728339685,162.59182552997996,162.43052206114172,165.89483612350276,64.58140728532274,57.66891559071035,20.46120066068351,28.519985478057126,0.16530305317397306,-0.529806783457957,-0.0740847895749539,0.4449605330662507,0.39403802653484377,-1.2090814678587662,-1.1190181414379978,1.6886900040587953,1.1550952130482557,1.1041850916181204
pushup_correct_1 copy.mp4_000,pushup,correct,13,33,160.90908217709938,161.98913999708884,161.56836687524253,165.51244294850983,64.76061480867479,57.049495803378086,20.710256756631125,28.8200952783756,0.16506037828612652,-1.0826751062974722,-0.6026855328911154,-0.8621551858991836,-0.38239317499292724,0.17920752335204782,-0.6194197873322622,0.24905609594761557,0.3001098003184737,-0.5528683228395153
pushup_correct_1 copy.mp4_000,pushup,correct,14,33,160.04723310779505,161.49989531717372,160.83359697401434,165.20248045989376,63.58771270151469,56.2408642356855,21.392451582239485,29.08502608969335,0.16511150321651277,-0.861849069304327,-0.48924467991511733,-0.7347699012281907,-0.30996248861606546,-1.1729021071600982,-0.8086315676925864,0.6821948256083594,0.2649308113177504,0.22082603699314518
pushup_correct_1 copy.mp4_000,pushup,correct,15,33,159.3655046498146,161.5630851611711,160.13533990479925,164.5343034010677,63.267392739328,55.05451586169754,21.56621162665772,29.463552400924947,0.1652867466760056,-0.681728457980455,0.06318984399737815,-0.6982570692150887,-0.6681770588260747,-0.32031996218668723,-1.1863483739879612,0.17376004441823412,0.37852631123159597,0.18012061132387203
pushup_correct_1 copy.mp4_000,pushup,correct,16,33,158.12138443230984,160.9159874946662,159.78343452906014,164.03264450340615,63.08796539026546,54.60359631401656,21.90867566242334,29.636488820435684,0.16534535190237784,-1.2441202175047579,-0.6470976665048909,-0.35190537573910774,-0.5016588976615424,-0.17942734906254287,-0.4509195476809751,0.342464035765623,0.17293641951073724,-0.5623917595243029
pushup_correct_1 copy.mp4_000,pushup,correct,17,33,158.1432548261151,160.75250509231844,160.22528383642046,164.1203786574996,63.079763503349064,54.54432265136608,22.22706897711606,29.627618911588716,0.16501975033612556,0.02187039380527267,-0.16348240234776767,0.44184930736031447,0.08773415409345375,-0.008201886916396006,-0.05927366265048306,0.3183933146927167,-0.008869908846968144,1.2659906113100305
pushup_correct_1 copy.mp4_000,pushup,correct,18,33,158.59158944404217,160.88226983196665,160.8678880625212,164.26804108711556,63.01805360712434,54.56214473181699,22.59764221642931,29.618880301567913,0.16481255815992504,0.44833461792705975,0.12976473964820912,0.6426042261007296,0.14766242961596276,-0.06170989622472689,0.01782208045091238,0.37057323931325215,-0.008738610020802895,0.4264642241217871
pushup_correct_1 copy.mp4_000,pushup,correct,19,33,159.1292840493358,161.12984137917996,161.1696395732997,164.34119178306673,62.90091349605794,54.08200632163723,23.005451477573725,29.94815505314552,0.16523751240831538,0.5376946052936376,0.24757154721331176,0.3017515107785016,0.07315069595117052,-0.11714011106639788,-0.48013841017976233,0.40780926114441485,0.3292747515776071,0.0893599873665778
pushup_correct_1 copy.mp4_000,pushup,correct,20,33,159.09991493047414,161.27764076569503,161.0392667479056,164.38626828694785,62.84734282796045,53.3904345032236,23.045304537788525,30.48676952825468,0.16570436729573237,-0.029369118861666266,0.14779938651506086,-0.13037282539409034,0.045076503881119834,-0.05357066809748545,-0.6915718184136281,0.039853060214799285,0.5386144751091599,-0.5670637241553038
pushup_correct_1 copy.mp4_000,pushup,correct,21,33,159.27907380613053,161.64619965863457,160.89968548601493,164.5540153368292,62.77978768357593,53.22971107031252,22.89006754291512,30.69317439460342,0.16576722440187505,0.179158875656384,0.36855889293954647,-0.13958126189066888,0.16774704988134204,-0.06755514438452082,-0.16072343291108382,-0.15523699487340537,0.20640486634874122,0.20852799451805026
pushup_correct_1 copy.mp4_000,pushup,correct,22,33,159.2224105842886,161.78471741043572,160.76693772120808,164.74255597905088,62.78779006189744,53.16483416399959,22.738064607438073,30.861057455725046,0.16630812415501675,-0.056663221841915856,0.138517751801146,-0.1327477648068509,0.18854064222168176,0.008002378321506853,-0.06487690631292509,-0.15200293547704646,0.16788306112162488,-0.23582209749829985
pushup_correct_1 copy.mp4_000,pushup,correct,23,33,159.17020423676612,161.89463867063597,160.71089468493972,164.74947576871483,62.65709082099204,53.113893633435055,22.597059888071026,30.918230815173622,0.16664608600486422,-0.05220634752248543,0.10992126020025239,-0.05604303626836327,0.006919789663953679,-0.13069924090540042,-0.05094053056453873,-0.1410047193670465,0.05717335944857638,0.004456874319430426
pushup_correct_1 copy.mp4_000,pushup,correct,24,33,159.04898017329182,161.82957944597445,160.56375293464225,164.672089040809,62.874372664700886,53.19176945485817,22.281916110127582,30.856373557715788,0.16668784118722307,-0.12122406347430115,-0.0650592246615247,-0.14714175029746457,-0.07738672790583223,0.21728184370884662,0.07787582142311322,-0.31514377794344384,-0.061857257457834436,-0.06901771595181572
pushup_correct_1 copy.mp4_000,pushup,correct,25,33,158.98719747708665,161.92070010164363,160.38714851846845,165.32967341367032,63.07307920292889,54.02676832724565,21.77632855914606,30.700560425383113,0.16649731214481414,-0.06178269620517085,0.09112065566918659,-0.1766044161738023,0.6575843728613222,0.19870653822800222,0.8349988723874802,-0.5055875509815237,-0.1558131323326748,0.059441367269130296
pushup_correct_1 copy.mp4_000,pushup,correct,26,33,159.3258237531252,161.96149264774078,161.3420497175049,165.9889810237219,66.26681318803159,56.1649136749621,19.103052210002634,29.386652270278507,0.1663040799211228,0.33862627603855344,0.04079254609715122,0.954901199036442,0.6593076100515702,3.1937339851027033,2.1381453477164527,-2.673276349143425,-1.3139081551046061,0.4004089722437243
pushup_correct_1 copy.mp4_000,pushup,correct,27,33,161.37638304078925,161.71688339117588,161.26512175148318,166.79579931015604,67.92432748818793,60.38638780894586,16.026933685610935,26.582796944835458,0.16720572080217322,2.0505592876640435,-0.24460925656489962,-0.0769279660217137,0.8068182864341509,1.6575143001563362,4.221474133983762,-3.076118524391699,-2.803855325443049,1.71193301162549
pushup_correct_1 copy.mp4_000,pushup,correct,28,33,162.39193755375993,160.662720334555,161.45709932896935,166.270705341747,70.53923582506953,66.00833538110021,12.514734415752478,22.0349488037968,0.16750942187425477,1.015554512970681,-1.0541630566208937,0.1919775774861705,-0.5250939684090383,2.614908336881598,5.6219475721543475,-3.5121992698584563,-4.547848141038656,-1.0350047746933626
pushup_correct_1 copy.mp4_000,pushup,correct,29,33,162.23643929371153,160.46450357305062,162.38163891235746,164.033428174415,77.24041460244844,69.17143030355601,7.045104584156824,17.960733404325534,0.1679966209737658,-0.15549826004840384,-0.1982167615043693,0.9245395833881105,-2.237277167331996,6.701178777378914,3.163094922455798,-5.469629831595655,-4.074215399471267,-1.1710527730190847
pushup_correct_1 copy.mp4_000,pushup,correct,30,33,161.72369934546597,163.73152646616856,163.50685426056828,165.2138849804899,82.32918700237806,74.00271860735327,4.324946151813945,13.51496733597253,0.16799904196745952,-0.512739948245553,3.2670228931179395,1.1252153482108156,1.1804568060748863,5.088772399929624,4.831288303797265,-2.7201584323428785,-4.445766068353004,-0.3572416881971492
pushup_correct_1 copy.mp4_000,pushup,correct,31,33,161.96967419762012,165.8129364826047,164.53294234036278,165.26997498984846,86.93904884815097,81.39111348918092,1.9362743033143608,7.136379771972172,0.1680932953809725,0.2459748521541485,2.0814100164361378,1.026088079794505,0.056090009358570114,4.609861845772912,7.388394881827651,-2.3886718484995844,-6.378587564000358,0.7587148003997015
pushup_correct_1 copy.mp4_000,pushup,correct,32,33,162.13845121493756,165.20657336339775,164.7131420629221,164.7606424913839,93.02055440051075,90.8291276065471,2.2296390851477077,0.9307464315494091,0.16687569330592902,0.16877701731743855,-0.6063631192069465,0.18019972255930838,-0.5093324984645733,6.081505552359772,9.43801411736618,0.2933647818333469,-6.2056333404227635,-0.07719783483670994
pushup_correct_1 copy.mp4_000,pushup,correct,33,33,162.92720731027103,165.35987147485562,165.82503877853455,165.4602555054447,101.20395459661484,102.07378336791808,7.460263344564727,9.860729633632321,0.16477929781871364,0.7887560953334685,0.15329811145787176,1.1118967156124597,0.6996130140608159,8.183400196104088,11.244655761370979,5.23062425941702,8.929983202082912,0.6199790780160299
pushup_correct_1 copy.mp4_001,pushup,correct,1,31,159.23113398635198,158.71730274554014,164.18520290122643,165.4582809477856,93.51376135602351,90.20989601415803,2.414731180481445,3.0404611820571668,0.17308927602656338,-1.3724034884214689,-0.8362611560820312,-1.8859599683139265,-1.4767693697730238,-4.893338388571976,-5.476729298045555,-2.962806734656207,1.913915816903976,-0.06478886506059212
pushup_correct_1 copy.mp4_001,pushup,correct,2,31,158.60848613215333,158.81438757757238,163.08358715673438,163.95915949915985,89.48742667065748,84.34864117515454,0.8408733196468614,7.45154947204507,0.17156098326525288,-0.6226478541986467,0.0970848320322375,-1.101615744492051,-1.4991214486257434,-4.026334685366024,-5.861254839003493,-1.5738578608345837,4.411088289987903,0.7497556342228222
pushup_correct_1 copy.mp4_001,pushup,correct,3,31,159.03551924344353,159.46905376600048,162.82237576843102,164.05519542575982,86.03242648135272,79.89945603313949,3.0631232593618845,11.017946538594705,0.1694946009937197,0.42703311129019994,0.6546661884281093,-0.26121138830336577,0.09603592659996707,-3.4550001893047693,-4.449185142015054,2.222249939715023,3.5663970665496354,1.0496809654888466
pushup_correct_1 copy.mp4_001,pushup,correct,4,31,159.93032057841077,160.52967220499679,162.22181955478212,163.9594722316287,82.24689612384266,76.43062126332363,5.875047312738996,14.37854524974206,0.16974210503452003,0.8948013349672408,1.0606184389963005,-0.6005562136489004,-0.09572319413112496,-3.785530357510055,-3.4688347698158566,2.8119240533771115,3.3605987111473556,0.46776822367704085
pushup_correct_1 copy.mp4_001,pushup,correct,5,31,161.0849035785235,160.56653268724347,162.74965499759665,163.8892479091994,79.49541533834416,73.38376894991535,8.53264824871975,17.349899302335118,0.1698448110208673,1.1545830001127229,0.036860482246680704,0.5278354428145349,-0.07022432242928289,-2.751480785498501,-3.04685231340828,2.6576009359807546,2.971354052593057,0.25978166514548207
pushup_correct_1 copy.mp4_001,pushup,correct,6,31,161.40418791268516,160.69053873883988,163.14476785808156,164.34453042566383,76.94602871416132,71.18390102924349,10.805005125577614,19.602032659409005,0.17036417723789546,0.31928433416166513,0.12400605159641032,0.39511286048491456,0.45528251646442186,-2.5493866241828442,-2.1998679206718634,2.272356876857863,2.2521333570738875,-0.8352986659510577
pushup_correct_1 copy.mp4_001,pushup,correct,7,31,161.47453143258488,160.91275471166662,162.60580744961308,164.4211491395782,73.5393288419743,68.5904633876268,12.574747844552478,21.627188848799683,0.1701850836472057,0.07034351989972265,0.22221597282674566,-0.5389604084684834,0.07661871391437103,-3.406699872187019,-2.5934376416166884,1.7697427189748645,2.025156189390678,-0.24894081426194248
pushup_correct_1 copy.mp4_001,pushup,correct,8,31,160.2438922335902,160.23328710083513,161.96461429888816,163.8880164495537,72.1039494049693,66.40829131670428,13.486226701285236,23.110856758567284,0.1706182718321209,-1.2306391989946803,-0.6794676108314945,-0.6411931507249164,-0.5331326900245017,-1.4353794370049968,-2.182172070922519,0.9114788567327583,1.4836679097676004,-1.300982718894403
pushup_correct_1 copy.mp4_001,pushup,correct,9,31,160.07798853951107,160.04784328510272,162.22789089298757,163.70864841260592,69.87083282032705,64.31572764761731,15.799666591200225,24.724247575347054,0.1708803598422881,-0.16590369407913386,-0.18544381573241253,0.26327659409940907,-0.17936803694777836,-2.2331165846422465,-2.092563669086971,2.3134398899149886,1.61339081677977,1.0647355049155465
pushup_correct_1 copy.mp4_001,pushup,correct,10,31,160.03119090465813,160.2522550656289,162.61864426345826,164.16821803874623,68.15344203647095,62.28068670297559,18.253522200512915,26.2882840010816,0.16943173621441862,-0.0467976348529362,0.20441178052618625,0.3907533704706907,0.4595696261403077,-1.7173907838561036,-2.0350409446417146,2.45385560931269,1.564036425734546,0.11910605922619766
pushup_correct_1 copy.mp4_001,pushup,correct,11,31,159.018778833917,159.7062882029882,163.1832099283609,165.01203507935583,66.36212451187367,61.275785326792715,20.413942503133086,27.692916812949516,0.16956517545671135,-1.012412070741135,-0.5459668626407108,0.5645656649026307,0.8438170406095935,-1.7913175245972752,-1.004901376182879,2.160420302620171,1.4046328118679163,-0.9656144358881988
pushup_correct_1 copy.mp4_001,pushup,correct,12,31,158.81797542230376,159.6441746973055,163.96474739821744,165.53399564218762,65.82484386704239,60.11688328641459,21.657764832595024,29.009609208881983,0.16922444228927652,-0.20080341161323645,-0.06211350568270291,0.7815374698565449,0.5219605628317936,-0.5372806448312843,-1.1589020403781234,1.2438223294619384,1.316692395932467,0.8116086591278986
pushup_correct_1 copy.mp4_001,pushup,correct,13,31,159.05848122693658,160.29679890439908,164.46826009162857,166.92870706759496,64.50082450099647,59.05940906236193,23.296585814852854,30.639478889853514,0.16916806733775352,0.2405058046328179,0.652624207093595,0.5035126934111247,1.394711425407337,-1.324019366045917,-1.0574742240526618,1.6388209822578297,1.629869680971531,0.44130921624605435
pushup_correct_1 copy.mp4_001,pushup,correct,14,31,157.8390601464768,159.0938806978892,164.97894781449668,166.90860198694654,63.87077848786661,58.2200377228104,24.427146121061558,31.589358733334457,0.16915910711542861,-1.2194210804597674,-1.202918206509878,0.5106877228681128,-0.020105080648420426,-0.6300460131298635,-0.8393713395515263,1.1305603062087037,0.949879843480943,-1.4599268850925853
pushup_correct_1 copy.mp4_001,pushup,correct,15,31,157.15039644098326,158.71095367359513,163.52028164135865,166.4140349147566,66.47910394367447,57.9989122416733,22.90146294423706,31.40576107558665,0.16907532518143684,-0.6886637054935534,-0.38292702429407655,-1.4586661731380275,-0.49456707218993756,2.608325455807865,-0.22112548113710062,-1.5256831768244972,-0.18359765774780712,0.530757374966214
pushup_correct_1 copy.mp4_001,pushup,correct,16,31,155.71203212486597,157.99077178289545,162.6190764841952,165.48342172403702,66.6872669164735,58.143997975099,22.336538561437916,30.823842180429203,0.16902201126066232,-1.438364316117287,-0.7201818906996778,-0.9012051571634458,-0.9306131907195834,0.2081629727990304,0.1450857334256952,-0.5649243827991448,-0.5819188951574468,-0.7497006106237336
pushup_correct_1 copy.mp4_001,pushup,correct,17,31,155.38201242935153,157.86185946817594,162.30512724918484,164.83083844191495,66.61488189017211,58.138293394709905,22.171990127195414,30.514256514337777,0.1689629643316103,-0.3300196955144372,-0.12891231471951414,-0.3139492350103694,-0.6525832821220661,-0.0723850263013901,-0.005704580389092939,-0.16454843424250143,-0.3095856660914258,1.1083446206028498
pushup_correct_1 copy.mp4_001,pushup,correct,18,31,154.60689235208713,157.5165372425815,161.6866800942969,164.07272578142187,66.28934290864203,57.54366080416246,22.19555780261251,30.61362002087386,0.16886298921035933,-0.775120077264404,-0.3453222255944297,-0.6184471548879458,-0.758112660493083,-0.3255389815300873,-0.5946325905474481,0.02356767541709459,0.09936350653608272,-0.4451003817499668
pushup_correct_1 copy.mp4_001,pushup,correct,19,31,153.92005741716682,157.83967551591778,161.49186067334813,164.55754824126151,66.16258755639457,57.67616109545554,21.94415979922632,30.59705024101771,0.16883857716302253,-0.6868349349203129,0.3231382733362693,-0.19481942094876104,0.48482245983964845,-0.12675535224745715,0.13250029129308416,-0.2513980033861891,-0.016569779856151712,0.08828514234409113
pushup_correct_1 copy.mp4_001,pushup,correct,20,31,154.17488618493627,157.99970810099933,161.2754879559867,164.7135569537372,66.51549571382309,57.878474270444904,21.26843567908435,30.53205811642813,0.1686636383178089,0.2548287677694532,0.16003258508155227,-0.21637271736142338,0.15600871247568193,0.3529081574285158,0.20231317498936363,-0.6757241201419681,-0.0649921245895797,0.9416637026897661
pushup_correct_1 copy.mp4_001,pushup,correct,21,31,154.7948129107662,158.14162940231446,161.44894521648595,164.76294280403783,66.57025783998724,57.97193181093862,21.167700594269085,30.554407822092916,0.1686038181870848,0.6199267258299415,0.14192130131513636,0.17345726049924792,0.04938585030063791,0.05476212616414955,0.09345754049371635,-0.10073508481526616,0.022349705664787223,0.3650979580604883
pushup_correct_1 copy.mp4_001,pushup,correct,22,31,155.00121143672823,158.17528471142117,161.53442411870193,164.7414370023438,66.79969357686502,57.704957679547014,20.9621246198348,30.5935444042897,0.16831532144360076,0.20639852596201536,0.033655309106706,0.08547890221598209,-0.021505801694047477,0.2294357368777895,-0.2669741313916063,-0.20557597443428577,0.0391365821967824,-0.4135281998679261
pushup_correct_1 copy.mp4_001,pushup,correct,23,31,155.04177805099982,158.2480632486465,161.85909723562006,165.0901466867704,67.27691030930286,57.94067612922207,20.434600280481863,30.334298464598845,0.16866051857311917,0.040566614271597246,0.07277853722533223,0.3246731169181203,0.3487096844266091,0.4772167324378387,0.23571844967505484,-0.5275243393529365,-0.2592459396908531,-0.1658319116904181
pushup_correct_1 copy.mp4_001,pushup,correct,24,31,154.67146132926305,157.7341372458072,161.41058432640915,165.49062779791308,67.07870210566739,59.41484308170188,19.103127109673643,29.30258276011128,0.1688479181800369,-0.37031672173677066,-0.5139260028392982,-0.4485129092109048,0.4004811111426818,-0.19820820363547398,1.4741669524798127,-1.33147317080822,-1.0317157044875636,-0.4108833360083679
pushup_correct_1 copy.mp4_001,pushup,correct,25,31,154.58493619887972,157.18423950058403,161.8033257477496,165.82683122289498,69.02460482693672,61.79252886656031,16.772641377622556,28.02008132269669,0.16955246875863664,-0.08652513038333609,-0.549897745223177,0.3927414213404461,0.33620342498190325,1.9459027212693343,2.3776857848584285,-2.3304857320510877,-1.2825014374145915,0.28379159135343457
pushup_correct_1 copy.mp4_001,pushup,correct,26,31,154.83056680238155,155.91215708311375,161.56002493248488,165.2481276729941,72.56069647746948,66.74408914605587,13.341931681624052,24.118129155291065,0.169860760959413,0.24563060350183719,-1.2720824174702727,-0.24330081526471758,-0.5787035499008937,3.5360916505327538,4.95156027949556,-3.4307096959985035,-3.901952167405625,0.3321557338851733
pushup_correct_1 copy.mp4_001,pushup,correct,27,31,155.8309799370677,157.1288537056407,163.05044384258434,166.1470811810877,78.82680726745032,71.18504770646362,7.766688104343521,19.778511983284528,0.1706508975509362,1.0004131346861413,1.216696622526939,1.4904189100994643,0.8989535080936264,6.266110789980843,4.440958560407751,-5.575243577280531,-4.3396171720065375,0.7547825311843042
pushup_correct_1 copy.mp4_001,pushup,correct,28,31,156.0606286576906,159.31310352011522,164.2512267895492,167.33425900867144,83.35272113889195,76.95584378909136,4.902026837811798,14.793901453538515,0.17090756097546433,0.22964872062289032,2.1842498144745264,1.200782946964864,1.1871778275837244,4.525913871441631,5.77079608262774,-2.864661266531723,-4.984610529746012,-0.770764414063251
pushup_correct_1 copy.mp4_001,pushup,correct,29,31,158.80888214075785,159.18826970771096,166.31307172925483,167.33602608058857,88.07141972857896,83.81581165846357,1.8292600702857496,8.483387542629416,0.17059859548736003,2.748253483067259,-0.12483381240426183,2.0618449397056224,0.0017670719171292149,4.718698589687008,6.859967869372213,-3.0727667675260486,-6.3105139109090995,2.518604762444369
pushup_correct_1 copy.mp4_001,pushup,correct,30,31,158.8140692554213,161.46223225504363,165.68619238094817,166.99208659132196,93.71496528581717,91.16471171771944,2.3795299024340246,0.799141411647456,0.1697703933846722,0.005187114663442571,2.2739625473326726,-0.6268793483066588,-0.343939489266603,5.6435455572382125,7.348900059255868,0.5502698321482751,-7.684246130981959,-2.7430663684038166
pushup_correct_1 copy.mp4_001,pushup,correct,31,31,159.5684643610979,162.65231887993687,166.81281640021038,167.71618597903992,97.67145612890808,100.015048877803,3.597200914379172,5.917693642522702,0.16972092584322063,0.7543951056766218,1.1900866248932402,1.1266240192622092,0.7240993877179562,3.9564908430909043,8.850337160083555,1.2176710119451473,5.118552230875245,0.7492079910131793
pushup_correct_1 copy.mp4_002,pushup,correct,1,31,156.21658323226038,157.63333668657233,165.47245096772286,166.28578925725287,93.50221839699417,87.58074855061095,0.2638183327362059,6.957871088087118,0.1716498679899398,-0.04830125238831329,-0.8491036415282736,-1.171278464506912,-0.7027217568014521,-4.85736937163891,-3.4301306514788905,-3.2613641517960152,3.4065573693994633,0.05739633753657358
pushup_correct_1 copy.mp4_002,pushup,correct,2,31,155.95202351575836,157.29458981664794,164.19878164054447,165.21885174827162,90.12811808133716,82.48779043189626,1.8485011055115073,11.00932946508867,0.17057160935625035,-0.2645597165020206,-0.3387468699243925,-1.2736693271783963,-1.0669375089812547,-3.374100315657003,-5.092958118714691,1.5846827727753015,4.051458377001553,-0.2162584641137073
pushup_correct_1 copy.mp4_002,pushup,correct,3,31,155.6324144489419,156.8092006723116,163.0820138486254,164.59908360766474,86.97064550890597,80.67810716347228,3.5827392562605374,12.881894668104566,0.16923614845766613,-0.3196090668164686,-0.4853891443363523,-1.1167677919190737,-0.6197681406068796,-3.157472572431189,-1.8096832684239814,1.73423815074903,1.8725652030158955,-0.05504935031444802
pushup_correct_1 copy.mp4_002,pushup,correct,4,31,156.23528709627593,156.73399912302554,163.9902375034799,164.40221573263392,84.7614597781935,78.58438598226262,5.450202813311321,15.095555649499968,0.1679351947546914,0.6028726473340384,-0.07520154928604939,0.9082236548545097,-0.1968678750308186,-2.209185730712477,-2.093721181209659,1.867463557050784,2.2136609813954014,0.9224817141505071
pushup_correct_1 copy.mp4_002,pushup,correct,5,31,156.10284835232991,156.23621579861742,163.96770260910267,163.06937910906345,83.96582206928466,74.95087556289164,6.191154636093225,17.49048051763075,0.16849637805344234,-0.13243874394601107,-0.49778332440811823,-0.02253489437723033,-1.332836623570472,-0.795637708908842,-3.633510419370978,0.7409518227819039,2.394924868130783,-0.7353113912800495
pushup_correct_1 copy.mp4_002,pushup,correct,6,31,156.51144945350288,156.10713702050035,163.66606294823407,162.78995486309313,80.83940269865332,71.80423771554128,8.571246483545524,20.104757760628477,0.16842932497477295,0.40860110117296244,-0.12907877811707635,-0.3016396608686023,-0.27942424597031845,-3.1264193706313392,-3.1466378473503624,2.3800918474522987,2.6142772429977263,0.5410398451189735
pushup_correct_1 copy.mp4_002,pushup,correct,7,31,156.20691099805725,156.68022429106293,163.26709114519852,162.7744190687422,77.72510177722398,68.59554281406562,11.130666271968218,22.68950417146233,0.16869095715968527,-0.3045384554456234,0.5730872705625814,-0.39897180303555047,-0.015535794350938659,-3.114300921429333,-3.2086949014756527,2.5594197884226944,2.5847464108338514,-0.7131395566185859
pushup_correct_1 copy.mp4_002,pushup,correct,8,31,156.08489613299903,156.61123988793597,163.7097833484172,163.2537217325158,75.61921450145552,66.3815212287341,12.853325041558078,24.554983818676217,0.16945214031732692,-0.1220148650582189,-0.06898440312696152,0.44269220321868374,0.4793026637736091,-2.105887275768467,-2.2140215853315226,1.7226587695898594,1.8654796472138884,0.1825235903874045
pushup_correct_1 copy.mp4_002,pushup,correct,9,31,156.1629189332768,157.05394111471426,163.99774752404323,163.67694483373782,73.42620188209021,65.21095771569163,14.446566220073718,25.255845836893975,0.1700576763065874,0.07802280027777897,0.44270122677829704,0.28796417562602983,0.4232231012220211,-2.1930126193653052,-1.1705635130424668,1.5932411785156404,0.7008620182177587,0.20003766533599787
pushup_correct_1 copy.mp4_002,pushup,correct,10,31,155.60828134512042,156.7388875350301,163.47071218182103,163.6669299356526,70.73739074358876,63.47991429431282,16.08723812556639,26.421411794215853,0.16985793876735844,-0.5546375881563961,-0.3150535796841609,-0.5270353422222058,-0.010014898085216828,-2.6888111385014497,-1.7310434213788142,1.6406719054926722,1.1655659573218777,-0.632660388434175
pushup_correct_1 copy.mp4_002,pushup,correct,11,31,153.87756825469026,155.64036791545618,162.70993689432729,162.68036681119273,69.55969042704527,61.166493311823984,17.251257539403795,27.797023027409725,0.16907916808129858,-1.7307130904301573,-1.0985196195739206,-0.7607752874937432,-0.9865631244598774,-1.1777003165434934,-2.313420982488836,1.164019413837405,1.3756112331938724,-1.1760755022737612
pushup_correct_1 copy.mp4_002,pushup,correct,12,31,152.60187421187777,155.38329706582886,162.510447927985,163.23144678467057,67.95004882641013,60.70865655107699,19.302251818095815,28.521086868657235,0.1688445154761236,-1.2756940428124892,-0.2570708496273255,-0.19948896634227253,0.5510799734778402,-1.6096416006351433,-0.45783676074699287,2.05099427869202,0.72406384124751,0.4550190476176681
pushup_correct_1 copy.mp4_002,pushup,correct,13,31,151.47615444901285,154.45534053183053,161.99063524515392,162.72181208640677,67.18699319319887,60.790790316898516,20.55367179849109,28.63805352236739,0.16898962833691658,-1.125719762864918,-0.9279565339983264,-0.5198126828310876,-0.5096346982637954,-0.7630556332112519,0.08213376582152421,1.2514199803952764,0.11696665371015413,0.14997427994757118
pushup_correct_1 copy.mp4_002,pushup,correct,14,31,151.2894487407338,155.09971757613891,162.1015898248611,163.24315417860586,64.56042396625973,59.94043343368962,23.267477044065554,29.4255744636868,0.16887180670620464,-0.18670570827904953,0.6443770443083849,0.11095457970716893,0.5213420921990917,-2.6265692269391394,-0.8503568832088959,2.713805245574463,0.7875209413194106,0.9390140545858685
pushup_correct_1 copy.mp4_002,pushup,correct,15,31,151.60328045926633,155.5719984379744,162.4900479767584,163.563717193787,63.72730259238428,59.259851043946185,24.12153078605549,30.100083357238287,0.1688919889923333,0.31383171853252634,0.4722808618354861,0.3884581518973107,0.3205630151811363,-0.833121373875457,-0.6805823897434351,0.8540537419899366,0.6745088935514865,0.5005374268115759
pushup_correct_1 copy.mp4_002,pushup,correct,16,31,151.6300021335779,155.3030072035365,161.68120878739785,162.9392320239571,62.803537904063525,58.82834515036644,24.354132696114874,30.122182611299834,0.16882991481763573,0.026721674311573906,-0.2689912344378911,-0.8088391893605547,-0.6244851698299101,-0.9237646883207518,-0.43150589357974667,0.23260191005938324,0.02209925406154767,-0.28711004422095243
pushup_correct_1 copy.mp4_002,pushup,correct,17,31,151.90439618180588,155.05355015552917,160.8355915713089,162.14400583625977,62.927308186162556,58.04654148749308,23.8973324582368,30.315171929662622,0.1686979503093052,0.2743940482279754,-0.24945704800734347,-0.8456172160889537,-0.7952261876973239,0.12377028209903074,-0.781803662873358,-0.456800237878074,0.19298931836278754,0.2476723739164015
pushup_correct_1 copy.mp4_002,pushup,correct,18,31,152.5352615301505,154.69853056118953,160.22339986816502,162.12772151152762,63.212961187225915,57.930202855204136,23.010767916354492,30.376247683468183,0.16816828825313818,0.6308653483446278,-0.3550195943396375,-0.6121917031438784,-0.016284324732140476,0.2856530010633591,-0.1163386322889437,-0.8865645418823078,0.06107575380556085,0.3564713001166524
pushup_correct_1 copy.mp4_002,pushup,correct,19,31,152.8065004625863,154.64829807762186,160.00687500005415,162.08432825910594,63.71313027273948,57.7475158357165,22.299229348703726,30.45572694017081,0.167650560501675,0.2712389324358071,-0.05023248356766885,-0.21652486811086646,-0.04339325242168002,0.5001690855135621,-0.18268701948763777,-0.7115385676507664,0.07947925670262634,-0.3596264159088207
pushup_correct_1 copy.mp4_002,pushup,correct,20,31,152.76724144607167,154.42736608576465,159.94687755375972,162.01559051246778,64.35363606492959,57.83265367193344,21.677193623092233,30.345223876010333,0.16745132385735226,-0.03925901651464869,-0.22093199185721346,-0.05999744629443171,-0.06873774663816334,0.6405057921901118,0.08513783621694415,-0.622035725611493,-0.11050306416047562,-0.3104979489504558
pushup_correct_1 copy.mp4_002,pushup,correct,21,31,152.59144958615673,154.2448224216204,160.04847189190895,162.0243086838832,64.99256546626498,58.07052691264166,21.175640319267735,30.00990532637799,0.16733902253284838,-0.17579185991493773,-0.18254366414424794,0.10159433814922636,0.00871817141540987,0.638929401335389,0.23787324070821825,-0.5015533038244975,-0.3353185496323441,-0.13653284340028904
pushup_correct_1 copy.mp4_002,pushup,correct,22,31,152.76833155039088,154.27357491357293,160.33630301355745,162.17345932512848,65.51596245067786,57.928864354104775,20.751861392259126,29.931271402940965,0.16728013955952012,0.17688196423415548,0.028752491952531045,0.28783112164850877,0.149150641245285,0.5233969844128836,-0.14166255853688625,-0.423778927008609,-0.07863392343702458,0.3526738241490932
pushup_correct_1 copy.mp4_002,pushup,correct,23,31,152.89160427756818,154.4221044404227,160.30829583485806,162.34298074463564,65.65315406467866,58.03841118350552,20.531604953963107,29.937211546822535,0.16725559919307723,0.12327272717729443,0.14852952684975662,-0.028007178699397173,0.16952141950716282,0.13719161400079827,0.10954682940074179,-0.22025643829601904,0.005940143881570492,-0.05360923705686105
pushup_correct_1 copy.mp4_002,pushup,correct,24,31,152.95380550149773,154.5090288132527,160.46502466418534,162.85772248305364,66.14017491496661,58.41423610926116,20.112807037777703,29.959344397048966,0.16715402394168014,0.06220122392954863,0.08692437283002619,0.15672882932727816,0.514741738417996,0.48702085028794784,0.3758249257556443,-0.4187979161854045,0.022132850226430634,-0.061071503247745795
pushup_correct_1 copy.mp4_002,pushup,correct,25,31,153.24884089992776,155.11502795473035,161.3685938174352,164.62938366301873,66.8956119962561,61.25898812347806,18.6581598041832,27.954248914794363,0.1672756369117688,0.2950353984300307,0.6059991414776391,0.9035691532498618,1.7716611799650934,0.755437081289486,2.844752014216901,-1.4546472335945033,-2.005095482254603,0.23283417450048205
pushup_correct_1 copy.mp4_002,pushup,correct,26,31,152.83760894138632,153.88263960593133,161.26895310539473,164.49639546207842,68.89113560525053,65.00466879568017,16.255131100472223,25.43498457188836,0.16755221535555923,-0.41123195854143546,-1.2323883487990202,-0.09964071204046832,-0.1329882009403036,1.9955236089944322,3.7456806722021128,-2.4030287037109765,-2.519264342906002,-0.7062673569714661
pushup_correct_1 copy.mp4_002,pushup,correct,27,31,152.63598313173392,154.0995960410566,162.0520270506634,164.75556275600056,75.89831287188511,68.07654033903361,10.902098108396403,22.954976184066393,0.16845971034223736,-0.2016258096523984,0.21695643512526885,0.7830739452686828,0.25916729392213256,7.007177266634585,3.0718715433534385,-5.3530329920758195,-2.480008387821968,0.20960614888903706
pushup_correct_1 copy.mp4_002,pushup,correct,28,31,154.18626485250851,155.66619094895702,163.34705376805525,166.03319901212188,80.81897485793002,72.82034038464415,6.863691373665384,19.049775679997364,0.16966270590250784,1.550281720774592,1.5665949079004236,1.2950267173918348,1.2776362561213261,4.920661986044905,4.743800045610541,-4.038406734731019,-3.905200504069029,1.7519075304269904
pushup_correct_1 copy.mp4_002,pushup,correct,29,31,154.519520870053,159.41206036979446,165.92380026990764,168.77794470692507,87.92931197289741,81.18837799676767,2.400536332499469,12.286293121177822,0.1708684574080293,0.3332560175444712,3.745869420837437,2.576746501852398,2.7447456948031856,7.110337114967393,8.368037612123516,-4.4631550411659155,-6.7634825588195415,-1.2170257032301208
pushup_correct_1 copy.mp4_002,pushup,correct,30,31,154.6033451738117,158.88097767597662,165.48361250393765,168.5536769826556,90.99102873359735,87.89459918443382,0.006567349705396778,6.011209935978566,0.17141814261721494,0.08382430375871763,-0.5310826938178366,-0.44018776596999487,-0.22426772426948105,3.0617167606999374,6.706221187666145,-2.3939689827940724,-6.275083185199256,-0.24943171378575357
pushup_correct_1 copy.mp4_002,pushup,correct,31,31,155.27115190131573,159.06973463237262,165.413276265553,167.359323603594,97.19995840558731,96.67482569507081,5.349462464917143,2.340182027888833,0.1702090824307795,0.6678067275040291,0.18875695639599144,-0.07033623838464109,-1.1943533790615959,6.208929671989964,8.780226510636993,5.342895115211746,-3.671027908089733,0.5839824237453115
pushup_correct_1.mp4_000,pushup,correct,1,33,167.10673597129207,165.75889985180046,161.62912921492637,164.12652953122415,94.90987860453829,86.74765164088495,6.778577532544055,1.4548835785769305,0.16732753600519268,1.4218468226571304,0.4666958115367663,1.704882163909616,0.042938842859996385,-5.928895691492954,-9.091827309919111,-5.441219045024491,-4.528118593754117,1.7226966867774536
pushup_correct_1.mp4_000,pushup,correct,2,33,165.9978346282572,165.9391202787664,161.74083726612696,164.8283532864269,90.08909636647388,80.38346700806282,2.32052046609344,7.438369208493665,0.16886301857959762,-1.1089013430348587,0.18022042696594553,0.11170805120059413,0.7018237552027529,-4.82078223806441,-6.3641846328221305,-4.458057066450616,5.983485629916734,-2.530748165691989
pushup_correct_1.mp4_000,pushup,correct,3,33,164.81935858924666,164.93771020528365,161.07610277595822,164.49338268498155,83.61523377841621,76.0614593164163,2.6252220156631676,11.372413439683157,0.1669609691729273,-1.1784760390105475,-1.0014100734827593,-0.6647344901687404,-0.33497060144534885,-6.473862588057671,-4.322007691646519,0.3047015495697276,3.9340442311894925,-0.06957469597568888
pushup_correct_1.mp4_000,pushup,correct,4,33,163.85018002025495,164.85119257048987,161.2094584569743,164.32582917429932,79.52676412967111,72.18981254257059,6.401687901618498,15.039896255367246,0.16703983579292198,-0.9691785689917083,-0.08651763479377905,0.1333556810160701,-0.16755351068223945,-4.088469648745104,-3.871646773845711,3.7764658859553304,3.667482815684089,0.20929747001883925
pushup_correct_1.mp4_000,pushup,correct,5,33,163.03120155315202,162.98282099439967,160.343093236365,163.24634738949825,74.71527988558245,69.06865429578724,10.174024296123708,18.08774112602873,0.16743670283844306,-0.8189784671029372,-1.8683715760901976,-0.866365220609282,-1.079481784801061,-4.8114842440886605,-3.1211582467833523,3.77233639450521,3.0478448706614856,0.1502001018887711
pushup_correct_1.mp4_000,pushup,correct,6,33,163.58652681789223,161.98170759332442,160.82238219429027,162.82701753144227,71.7362871917118,65.88642748094077,12.390539162267759,20.72553383060626,0.16759747046427356,0.5553252647402189,-1.0011134010752585,0.47928895792526305,-0.4193298580559883,-2.9789926938706515,-3.182226814846473,2.216514866144051,2.637792704577528,1.3743037318431561
pushup_correct_1.mp4_000,pushup,correct,7,33,164.69241994191702,162.20397510315144,162.80656076743966,163.61979132178897,70.86252650759496,64.17063162179093,14.07563718218674,22.426043027973623,0.1667547520405989,1.1058931240247887,0.22226750982702015,1.9841785731493928,0.7927737903467005,-0.8737606841168315,-1.7157958591498357,1.685098019918982,1.7005091973673636,0.5505678592845697
pushup_correct_1.mp4_000,pushup,correct,8,33,164.12459040377132,162.0906955228546,161.64812041659178,162.8639813275154,68.98241623861158,62.7302057579564,14.670137731492808,23.076153094097503,0.16608101591767935,-0.5678295381457019,-0.11327958029684737,-1.1584403508478829,-0.7558099942735623,-1.8801102689833868,-1.440425863834534,0.5945005493060673,0.6501100661238794,-1.6737226621704906
pushup_correct_1.mp4_000,pushup,correct,9,33,163.3189109072015,161.89340543236915,160.90304288876033,162.1803925390101,66.63371956622336,60.17778904287287,16.613277223237127,24.451045417671438,0.1653686099522645,-0.8056794965698089,-0.19729009048543844,-0.7450775278314552,-0.6835887885052898,-2.348696672388215,-2.552416715083531,1.9431394917443185,1.3748923235739348,-0.23784995842410694
pushup_correct_1.mp4_000,pushup,correct,10,33,164.15555594193088,163.11722233313816,162.1942831753163,164.99471377203494,65.89891063187484,60.08796654835213,17.911006073614676,25.913257137358233,0.16538883251323439,0.8366450347293721,1.223816900769009,1.2912402865559613,2.8143212330248275,-0.7348089343485213,-0.08982249452073887,1.297728850377549,1.4622117196867954,1.642324531299181
pushup_correct_1.mp4_000,pushup,correct,11,33,162.5215640668548,162.6659103195549,161.98556152807546,165.5007980969679,65.7904887531815,58.787933732148346,18.772510656624714,27.36489026500887,0.1649368833947076,-1.6339918750760773,-0.451312013583248,-0.20872164724082154,0.5060843249329707,-0.10842187869333486,-1.3000328162037817,0.8615045830100385,1.4516331276506378,-2.4706369098054495
pushup_correct_1.mp4_000,pushup,correct,12,33,161.99175728339685,162.59182552997996,162.43052206114172,165.89483612350276,64.58140728532274,57.66891559071035,20.46120066068351,28.519985478057126,0.16530305317397306,-0.529806783457957,-0.0740847895749539,0.4449605330662507,0.39403802653484377,-1.2090814678587662,-1.1190181414379978,1.6886900040587953,1.1550952130482557,1.1041850916181204
pushup_correct_1.mp4_000,pushup,correct,13,33,160.90908217709938,161.98913999708884,161.56836687524253,165.51244294850983,64.76061480867479,57.049495803378086,20.710256756631125,28.8200952783756,0.16506037828612652,-1.0826751062974722,-0.6026855328911154,-0.8621551858991836,-0.38239317499292724,0.17920752335204782,-0.6194197873322622,0.24905609594761557,0.3001098003184737,-0.5528683228395153
pushup_correct_1.mp4_000,pushup,correct,14,33,160.04723310779505,161.49989531717372,160.83359697401434,165.20248045989376,63.58771270151469,56.2408642356855,21.392451582239485,29.08502608969335,0.16511150321651277,-0.861849069304327,-0.48924467991511733,-0.7347699012281907,-0.30996248861606546,-1.1729021071600982,-0.8086315676925864,0.6821948256083594,0.2649308113177504,0.22082603699314518
pushup_correct_1.mp4_000,pushup,correct,15,33,159.3655046498146,161.5630851611711,160.13533990479925,164.5343034010677,63.267392739328,55.05451586169754,21.56621162665772,29.463552400924947,0.1652867466760056,-0.681728457980455,0.06318984399737815,-0.6982570692150887,-0.6681770588260747,-0.32031996218668723,-1.1863483739879612,0.17376004441823412,0.37852631123159597,0.18012061132387203
pushup_correct_1.mp4_000,pushup,correct,16,33,158.12138443230984,160.9159874946662,159.78343452906014,164.03264450340615,63.08796539026546,54.60359631401656,21.90867566242334,29.636488820435684,0.16534535190237784,-1.2441202175047579,-0.6470976665048909,-0.35190537573910774,-0.5016588976615424,-0.17942734906254287,-0.4509195476809751,0.342464035765623,0.17293641951073724,-0.5623917595243029
pushup_correct_1.mp4_000,pushup,correct,17,33,158.1432548261151,160.75250509231844,160.22528383642046,164.1203786574996,63.079763503349064,54.54432265136608,22.22706897711606,29.627618911588716,0.16501975033612556,0.02187039380527267,-0.16348240234776767,0.44184930736031447,0.08773415409345375,-0.008201886916396006,-0.05927366265048306,0.3183933146927167,-0.008869908846968144,1.2659906113100305
pushup_correct_1.mp4_000,pushup,correct,18,33,158.59158944404217,160.88226983196665,160.8678880625212,164.26804108711556,63.01805360712434,54.56214473181699,22.59764221642931,29.618880301567913,0.16481255815992504,0.44833461792705975,0.12976473964820912,0.6426042261007296,0.14766242961596276,-0.06170989622472689,0.01782208045091238,0.37057323931325215,-0.008738610020802895,0.4264642241217871
pushup_correct_1.mp4_000,pushup,correct,19,33,159.1292840493358,161.12984137917996,161.1696395732997,164.34119178306673,62.90091349605794,54.08200632163723,23.005451477573725,29.94815505314552,0.16523751240831538,0.5376946052936376,0.24757154721331176,0.3017515107785016,0.07315069595117052,-0.11714011106639788,-0.48013841017976233,0.40780926114441485,0.3292747515776071,0.0893599873665778
pushup_correct_1.mp4_000,pushup,correct,20,33,159.09991493047414,161.27764076569503,161.0392667479056,164.38626828694785,62.84734282796045,53.3904345032236,23.045304537788525,30.48676952825468,0.16570436729573237,-0.029369118861666266,0.14779938651506086,-0.13037282539409034,0.045076503881119834,-0.05357066809748545,-0.6915718184136281,0.039853060214799285,0.5386144751091599,-0.5670637241553038
pushup_correct_1.mp4_000,pushup,correct,21,33,159.27907380613053,161.64619965863457,160.89968548601493,164.5540153368292,62.77978768357593,53.22971107031252,22.89006754291512,30.69317439460342,0.16576722440187505,0.179158875656384,0.36855889293954647,-0.13958126189066888,0.16774704988134204,-0.06755514438452082,-0.16072343291108382,-0.15523699487340537,0.20640486634874122,0.20852799451805026
pushup_correct_1.mp4_000,pushup,correct,22,33,159.2224105842886,161.78471741043572,160.76693772120808,164.74255597905088,62.78779006189744,53.16483416399959,22.738064607438073,30.861057455725046,0.16630812415501675,-0.056663221841915856,0.138517751801146,-0.1327477648068509,0.18854064222168176,0.008002378321506853,-0.06487690631292509,-0.15200293547704646,0.16788306112162488,-0.23582209749829985
pushup_correct_1.mp4_000,pushup,correct,23,33,159.17020423676612,161.89463867063597,160.71089468493972,164.74947576871483,62.65709082099204,53.113893633435055,22.597059888071026,30.918230815173622,0.16664608600486422,-0.05220634752248543,0.10992126020025239,-0.05604303626836327,0.006919789663953679,-0.13069924090540042,-0.05094053056453873,-0.1410047193670465,0.05717335944857638,0.004456874319430426
pushup_correct_1.mp4_000,pushup,correct,24,33,159.04898017329182,161.82957944597445,160.56375293464225,164.672089040809,62.874372664700886,53.19176945485817,22.281916110127582,30.856373557715788,0.16668784118722307,-0.12122406347430115,-0.0650592246615247,-0.14714175029746457,-0.07738672790583223,0.21728184370884662,0.07787582142311322,-0.31514377794344384,-0.061857257457834436,-0.06901771595181572
pushup_correct_1.mp4_000,pushup,correct,25,33,158.98719747708665,161.92070010164363,160.38714851846845,165.32967341367032,63.07307920292889,54.02676832724565,21.77632855914606,30.700560425383113,0.16649731214481414,-0.06178269620517085,0.09112065566918659,-0.1766044161738023,0.6575843728613222,0.19870653822800222,0.8349988723874802,-0.5055875509815237,-0.1558131323326748,0.059441367269130296
pushup_correct_1.mp4_000,pushup,correct,26,33,159.3258237531252,161.96149264774078,161.3420497175049,165.9889810237219,66.26681318803159,56.1649136749621,19.103052210002634,29.386652270278507,0.1663040799211228,0.33862627603855344,0.04079254609715122,0.954901199036442,0.6593076100515702,3.1937339851027033,2.1381453477164527,-2.673276349143425,-1.3139081551046061,0.4004089722437243
pushup_correct_1.mp4_000,pushup,correct,27,33,161.37638304078925,161.71688339117588,161.26512175148318,166.79579931015604,67.92432748818793,60.38638780894586,16.026933685610935,26.582796944835458,0.16720572080217322,2.0505592876640435,-0.24460925656489962,-0.0769279660217137,0.8068182864341509,1.6575143001563362,4.221474133983762,-3.076118524391699,-2.803855325443049,1.71193301162549
pushup_correct_1.mp4_000,pushup,correct,28,33,162.39193755375993,160.662720334555,161.45709932896935,166.270705341747,70.53923582506953,66.00833538110021,12.514734415752478,22.0349488037968,0.16750942187425477,1.015554512970681,-1.0541630566208937,0.1919775774861705,-0.5250939684090383,2.614908336881598,5.6219475721543475,-3.5121992698584563,-4.547848141038656,-1.0350047746933626
pushup_correct_1.mp4_000,pushup,correct,29,33,162.23643929371153,160.46450357305062,162.38163891235746,164.033428174415,77.24041460244844,69.17143030355601,7.045104584156824,17.960733404325534,0.1679966209737658,-0.15549826004840384,-0.1982167615043693,0.9245395833881105,-2.237277167331996,6.701178777378914,3.163094922455798,-5.469629831595655,-4.074215399471267,-1.1710527730190847
pushup_correct_1.mp4_000,pushup,correct,30,33,161.72369934546597,163.73152646616856,163.50685426056828,165.2138849804899,82.32918700237806,74.00271860735327,4.324946151813945,13.51496733597253,0.16799904196745952,-0.512739948245553,3.2670228931179395,1.1252153482108156,1.1804568060748863,5.088772399929624,4.831288303797265,-2.7201584323428785,-4.445766068353004,-0.3572416881971492
pushup_correct_1.mp4_000,pushup,correct,31,33,161.96967419762012,165.8129364826047,164.53294234036278,165.26997498984846,86.93904884815097,81.39111348918092,1.9362743033143608,7.136379771972172,0.1680932953809725,0.2459748521541485,2.0814100164361378,1.026088079794505,0.056090009358570114,4.609861845772912,7.388394881827651,-2.3886718484995844,-6.378587564000358,0.7587148003997015
pushup_correct_1.mp4_000,pushup,correct,32,33,162.13845121493756,165.20657336339775,164.7131420629221,164.7606424913839,93.02055440051075,90.8291276065471,2.2296390851477077,0.9307464315494091,0.16687569330592902,0.16877701731743855,-0.6063631192069465,0.18019972255930838,-0.5093324984645733,6.081505552359772,9.43801411736618,0.2933647818333469,-6.2056333404227635,-0.07719783483670994
pushup_correct_1.mp4_000,pushup,correct,33,33,162.92720731027103,165.35987147485562,165.82503877853455,165.4602555054447,101.20395459661484,102.07378336791808,7.460263344564727,9.860729633632321,0.16477929781871364,0.7887560953334685,0.15329811145787176,1.1118967156124597,0.6996130140608159,8.183400196104088,11.244655761370979,5.23062425941702,8.929983202082912,0.6199790780160299
pushup_correct_1.mp4_001,pushup,correct,1,31,159.23113398635198,158.71730274554014,164.18520290122643,165.4582809477856,93.51376135602351,90.20989601415803,2.414731180481445,3.0404611820571668,0.17308927602656338,-1.3724034884214689,-0.8362611560820312,-1.8859599683139265,-1.4767693697730238,-4.893338388571976,-5.476729298045555,-2.962806734656207,1.913915816903976,-0.06478886506059212
pushup_correct_1.mp4_001,pushup,correct,2,31,158.60848613215333,158.81438757757238,163.08358715673438,163.95915949915985,89.48742667065748,84.34864117515454,0.8408733196468614,7.45154947204507,0.17156098326525288,-0.6226478541986467,0.0970848320322375,-1.101615744492051,-1.4991214486257434,-4.026334685366024,-5.861254839003493,-1.5738578608345837,4.411088289987903,0.7497556342228222
pushup_correct_1.mp4_001,pushup,correct,3,31,159.03551924344353,159.46905376600048,162.82237576843102,164.05519542575982,86.03242648135272,79.89945603313949,3.0631232593618845,11.017946538594705,0.1694946009937197,0.42703311129019994,0.6546661884281093,-0.26121138830336577,0.09603592659996707,-3.4550001893047693,-4.449185142015054,2.222249939715023,3.5663970665496354,1.0496809654888466
pushup_correct_1.mp4_001,pushup,correct,4,31,159.93032057841077,160.52967220499679,162.22181955478212,163.9594722316287,82.24689612384266,76.43062126332363,5.875047312738996,14.37854524974206,0.16974210503452003,0.8948013349672408,1.0606184389963005,-0.6005562136489004,-0.09572319413112496,-3.785530357510055,-3.4688347698158566,2.8119240533771115,3.3605987111473556,0.46776822367704085
pushup_correct_1.mp4_001,pushup,correct,5,31,161.0849035785235,160.56653268724347,162.74965499759665,163.8892479091994,79.49541533834416,73.38376894991535,8.53264824871975,17.349899302335118,0.1698448110208673,1.1545830001127229,0.036860482246680704,0.5278354428145349,-0.07022432242928289,-2.751480785498501,-3.04685231340828,2.6576009359807546,2.971354052593057,0.25978166514548207
pushup_correct_1.mp4_001,pushup,correct,6,31,161.40418791268516,160.69053873883988,163.14476785808156,164.34453042566383,76.94602871416132,71.18390102924349,10.805005125577614,19.602032659409005,0.17036417723789546,0.31928433416166513,0.12400605159641032,0.39511286048491456,0.45528251646442186,-2.5493866241828442,-2.1998679206718634,2.272356876857863,2.2521333570738875,-0.8352986659510577
pushup_correct_1.mp4_001,pushup,correct,7,31,161.47453143258488,160.91275471166662,162.60580744961308,164.4211491395782,73.5393288419743,68.5904633876268,12.574747844552478,21.627188848799683,0.1701850836472057,0.07034351989972265,0.22221597282674566,-0.5389604084684834,0.07661871391437103,-3.406699872187019,-2.5934376416166884,1.7697427189748645,2.025156189390678,-0.24894081426194248
pushup_correct_1.mp4_001,pushup,correct,8,31,160.2438922335902,160.23328710083513,161.96461429888816,163.8880164495537,72.1039494049693,66.40829131670428,13.486226701285236,23.110856758567284,0.1706182718321209,-1.2306391989946803,-0.6794676108314945,-0.6411931507249164,-0.5331326900245017,-1.4353794370049968,-2.182172070922519,0.9114788567327583,1.4836679097676004,-1.300982718894403
pushup_correct_1.mp4_001,pushup,correct,9,31,160.07798853951107,160.04784328510272,162.22789089298757,163.70864841260592,69.87083282032705,64.31572764761731,15.799666591200225,24.724247575347054,0.1708803598422881,-0.16590369407913386,-0.18544381573241253,0.26327659409940907,-0.17936803694777836,-2.2331165846422465,-2.092563669086971,2.3134398899149886,1.61339081677977,1.0647355049155465
pushup_correct_1.mp4_001,pushup,correct,10,31,160.03119090465813,160.2522550656289,162.61864426345826,164.16821803874623,68.15344203647095,62.28068670297559,18.253522200512915,26.2882840010816,0.16943173621441862,-0.0467976348529362,0.20441178052618625,0.3907533704706907,0.4595696261403077,-1.7173907838561036,-2.0350409446417146,2.45385560931269,1.564036425734546,0.11910605922619766
pushup_correct_1.mp4_001,pushup,correct,11,31,159.018778833917,159.7062882029882,163.1832099283609,165.01203507935583,66.36212451187367,61.275785326792715,20.413942503133086,27.692916812949516,0.16956517545671135,-1.012412070741135,-0.5459668626407108,0.5645656649026307,0.8438170406095935,-1.7913175245972752,-1.004901376182879,2.160420302620171,1.4046328118679163,-0.9656144358881988
pushup_correct_1.mp4_001,pushup,correct,12,31,158.81797542230376,159.6441746973055,163.96474739821744,165.53399564218762,65.82484386704239,60.11688328641459,21.657764832595024,29.009609208881983,0.16922444228927652,-0.20080341161323645,-0.06211350568270291,0.7815374698565449,0.5219605628317936,-0.5372806448312843,-1.1589020403781234,1.2438223294619384,1.316692395932467,0.8116086591278986
pushup_correct_1.mp4_001,pushup,correct,13,31,159.05848122693658,160.29679890439908,164.46826009162857,166.92870706759496,64.50082450099647,59.05940906236193,23.296585814852854,30.639478889853514,0.16916806733775352,0.2405058046328179,0.652624207093595,0.5035126934111247,1.394711425407337,-1.324019366045917,-1.0574742240526618,1.6388209822578297,1.629869680971531,0.44130921624605435
pushup_correct_1.mp4_001,pushup,correct,14,31,157.8390601464768,159.0938806978892,164.97894781449668,166.90860198694654,63.87077848786661,58.2200377228104,24.427146121061558,31.589358733334457,0.16915910711542861,-1.2194210804597674,-1.202918206509878,0.5106877228681128,-0.020105080648420426,-0.6300460131298635,-0.8393713395515263,1.1305603062087037,0.949879843480943,-1.4599268850925853
pushup_correct_1.mp4_001,pushup,correct,15,31,157.15039644098326,158.71095367359513,163.52028164135865,166.4140349147566,66.47910394367447,57.9989122416733,22.90146294423706,31.40576107558665,0.16907532518143684,-0.6886637054935534,-0.38292702429407655,-1.4586661731380275,-0.49456707218993756,2.608325455807865,-0.22112548113710062,-1.5256831768244972,-0.18359765774780712,0.530757374966214
pushup_correct_1.mp4_001,pushup,correct,16,31,155.71203212486597,157.99077178289545,162.6190764841952,165.48342172403702,66.6872669164735,58.143997975099,22.336538561437916,30.823842180429203,0.16902201126066232,-1.438364316117287,-0.7201818906996778,-0.9012051571634458,-0.9306131907195834,0.2081629727990304,0.1450857334256952,-0.5649243827991448,-0.5819188951574468,-0.7497006106237336
pushup_correct_1.mp4_001,pushup,correct,17,31,155.38201242935153,157.86185946817594,162.30512724918484,164.83083844191495,66.61488189017211,58.138293394709905,22.171990127195414,30.514256514337777,0.1689629643316103,-0.3300196955144372,-0.12891231471951414,-0.3139492350103694,-0.6525832821220661,-0.0723850263013901,-0.005704580389092939,-0.16454843424250143,-0.3095856660914258,1.1083446206028498
pushup_correct_1.mp4_001,pushup,correct,18,31,154.60689235208713,157.5165372425815,161.6866800942969,164.07272578142187,66.28934290864203,57.54366080416246,22.19555780261251,30.61362002087386,0.16886298921035933,-0.775120077264404,-0.3453222255944297,-0.6184471548879458,-0.758112660493083,-0.3255389815300873,-0.5946325905474481,0.02356767541709459,0.09936350653608272,-0.4451003817499668
pushup_correct_1.mp4_001,pushup,correct,19,31,153.92005741716682,157.83967551591778,161.49186067334813,164.55754824126151,66.16258755639457,57.67616109545554,21.94415979922632,30.59705024101771,0.16883857716302253,-0.6868349349203129,0.3231382733362693,-0.19481942094876104,0.48482245983964845,-0.12675535224745715,0.13250029129308416,-0.2513980033861891,-0.016569779856151712,0.08828514234409113
pushup_correct_1.mp4_001,pushup,correct,20,31,154.17488618493627,157.99970810099933,161.2754879559867,164.7135569537372,66.51549571382309,57.878474270444904,21.26843567908435,30.53205811642813,0.1686636383178089,0.2548287677694532,0.16003258508155227,-0.21637271736142338,0.15600871247568193,0.3529081574285158,0.20231317498936363,-0.6757241201419681,-0.0649921245895797,0.9416637026897661
pushup_correct_1.mp4_001,pushup,correct,21,31,154.7948129107662,158.14162940231446,161.44894521648595,164.76294280403783,66.57025783998724,57.97193181093862,21.167700594269085,30.554407822092916,0.1686038181870848,0.6199267258299415,0.14192130131513636,0.17345726049924792,0.04938585030063791,0.05476212616414955,0.09345754049371635,-0.10073508481526616,0.022349705664787223,0.3650979580604883
pushup_correct_1.mp4_001,pushup,correct,22,31,155.00121143672823,158.17528471142117,161.53442411870193,164.7414370023438,66.79969357686502,57.704957679547014,20.9621246198348,30.5935444042897,0.16831532144360076,0.20639852596201536,0.033655309106706,0.08547890221598209,-0.021505801694047477,0.2294357368777895,-0.2669741313916063,-0.20557597443428577,0.0391365821967824,-0.4135281998679261
pushup_correct_1.mp4_001,pushup,correct,23,31,155.04177805099982,158.2480632486465,161.85909723562006,165.0901466867704,67.27691030930286,57.94067612922207,20.434600280481863,30.334298464598845,0.16866051857311917,0.040566614271597246,0.07277853722533223,0.3246731169181203,0.3487096844266091,0.4772167324378387,0.23571844967505484,-0.5275243393529365,-0.2592459396908531,-0.1658319116904181
pushup_correct_1.mp4_001,pushup,correct,24,31,154.67146132926305,157.7341372458072,161.41058432640915,165.49062779791308,67.07870210566739,59.41484308170188,19.103127109673643,29.30258276011128,0.1688479181800369,-0.37031672173677066,-0.5139260028392982,-0.4485129092109048,0.4004811111426818,-0.19820820363547398,1.4741669524798127,-1.33147317080822,-1.0317157044875636,-0.4108833360083679
pushup_correct_1.mp4_001,pushup,correct,25,31,154.58493619887972,157.18423950058403,161.8033257477496,165.82683122289498,69.02460482693672,61.79252886656031,16.772641377622556,28.02008132269669,0.16955246875863664,-0.08652513038333609,-0.549897745223177,0.3927414213404461,0.33620342498190325,1.9459027212693343,2.3776857848584285,-2.3304857320510877,-1.2825014374145915,0.28379159135343457
pushup_correct_1.mp4_001,pushup,correct,26,31,154.83056680238155,155.91215708311375,161.56002493248488,165.2481276729941,72.56069647746948,66.74408914605587,13.341931681624052,24.118129155291065,0.169860760959413,0.24563060350183719,-1.2720824174702727,-0.24330081526471758,-0.5787035499008937,3.5360916505327538,4.95156027949556,-3.4307096959985035,-3.901952167405625,0.3321557338851733
pushup_correct_1.mp4_001,pushup,correct,27,31,155.8309799370677,157.1288537056407,163.05044384258434,166.1470811810877,78.82680726745032,71.18504770646362,7.766688104343521,19.778511983284528,0.1706508975509362,1.0004131346861413,1.216696622526939,1.4904189100994643,0.8989535080936264,6.266110789980843,4.440958560407751,-5.575243577280531,-4.3396171720065375,0.7547825311843042
pushup_correct_1.mp4_001,pushup,correct,28,31,156.0606286576906,159.31310352011522,164.2512267895492,167.33425900867144,83.35272113889195,76.95584378909136,4.902026837811798,14.793901453538515,0.17090756097546433,0.22964872062289032,2.1842498144745264,1.200782946964864,1.1871778275837244,4.525913871441631,5.77079608262774,-2.864661266531723,-4.984610529746012,-0.770764414063251
pushup_correct_1.mp4_001,pushup,correct,29,31,158.80888214075785,159.18826970771096,166.31307172925483,167.33602608058857,88.07141972857896,83.81581165846357,1.8292600702857496,8.483387542629416,0.17059859548736003,2.748253483067259,-0.12483381240426183,2.0618449397056224,0.0017670719171292149,4.718698589687008,6.859967869372213,-3.0727667675260486,-6.3105139109090995,2.518604762444369
pushup_correct_1.mp4_001,pushup,correct,30,31,158.8140692554213,161.46223225504363,165.68619238094817,166.99208659132196,93.71496528581717,91.16471171771944,2.3795299024340246,0.799141411647456,0.1697703933846722,0.005187114663442571,2.2739625473326726,-0.6268793483066588,-0.343939489266603,5.6435455572382125,7.348900059255868,0.5502698321482751,-7.684246130981959,-2.7430663684038166
pushup_correct_1.mp4_001,pushup,correct,31,31,159.5684643610979,162.65231887993687,166.81281640021038,167.71618597903992,97.67145612890808,100.015048877803,3.597200914379172,5.917693642522702,0.16972092584322063,0.7543951056766218,1.1900866248932402,1.1266240192622092,0.7240993877179562,3.9564908430909043,8.850337160083555,1.2176710119451473,5.118552230875245,0.7492079910131793
pushup_correct_1.mp4_002,pushup,correct,1,31,156.21658323226038,157.63333668657233,165.47245096772286,166.28578925725287,93.50221839699417,87.58074855061095,0.2638183327362059,6.957871088087118,0.1716498679899398,-0.04830125238831329,-0.8491036415282736,-1.171278464506912,-0.7027217568014521,-4.85736937163891,-3.4301306514788905,-3.2613641517960152,3.4065573693994633,0.05739633753657358
pushup_correct_1.mp4_002,pushup,correct,2,31,155.95202351575836,157.29458981664794,164.19878164054447,165.21885174827162,90.12811808133716,82.48779043189626,1.8485011055115073,11.00932946508867,0.17057160935625035,-0.2645597165020206,-0.3387468699243925,-1.2736693271783963,-1.0669375089812547,-3.374100315657003,-5.092958118714691,1.5846827727753015,4.051458377001553,-0.2162584641137073
pushup_correct_1.mp4_002,pushup,correct,3,31,155.6324144489419,156.8092006723116,163.0820138486254,164.59908360766474,86.97064550890597,80.67810716347228,3.5827392562605374,12.881894668104566,0.16923614845766613,-0.3196090668164686,-0.4853891443363523,-1.1167677919190737,-0.6197681406068796,-3.157472572431189,-1.8096832684239814,1.73423815074903,1.8725652030158955,-0.05504935031444802
pushup_correct_1.mp4_002,pushup,correct,4,31,156.23528709627593,156.73399912302554,163.9902375034799,164.40221573263392,84.7614597781935,78.58438598226262,5.450202813311321,15.095555649499968,0.1679351947546914,0.6028726473340384,-0.07520154928604939,0.9082236548545097,-0.1968678750308186,-2.209185730712477,-2.093721181209659,1.867463557050784,2.2136609813954014,0.9224817141505071
pushup_correct_1.mp4_002,pushup,correct,5,31,156.10284835232991,156.23621579861742,163.96770260910267,163.06937910906345,83.96582206928466,74.95087556289164,6.191154636093225,17.49048051763075,0.16849637805344234,-0.13243874394601107,-0.49778332440811823,-0.02253489437723033,-1.332836623570472,-0.795637708908842,-3.633510419370978,0.7409518227819039,2.394924868130783,-0.7353113912800495
pushup_correct_1.mp4_002,pushup,correct,6,31,156.51144945350288,156.10713702050035,163.66606294823407,162.78995486309313,80.83940269865332,71.80423771554128,8.571246483545524,20.104757760628477,0.16842932497477295,0.40860110117296244,-0.12907877811707635,-0.3016396608686023,-0.27942424597031845,-3.1264193706313392,-3.1466378473503624,2.3800918474522987,2.6142772429977263,0.5410398451189735
pushup_correct_1.mp4_002,pushup,correct,7,31,156.20691099805725,156.68022429106293,163.26709114519852,162.7744190687422,77.72510177722398,68.59554281406562,11.130666271968218,22.68950417146233,0.16869095715968527,-0.3045384554456234,0.5730872705625814,-0.39897180303555047,-0.015535794350938659,-3.114300921429333,-3.2086949014756527,2.5594197884226944,2.5847464108338514,-0.7131395566185859
pushup_correct_1.mp4_002,pushup,correct,8,31,156.08489613299903,156.61123988793597,163.7097833484172,163.2537217325158,75.61921450145552,66.3815212287341,12.853325041558078,24.554983818676217,0.16945214031732692,-0.1220148650582189,-0.06898440312696152,0.44269220321868374,0.4793026637736091,-2.105887275768467,-2.2140215853315226,1.7226587695898594,1.8654796472138884,0.1825235903874045
pushup_correct_1.mp4_002,pushup,correct,9,31,156.1629189332768,157.05394111471426,163.99774752404323,163.67694483373782,73.42620188209021,65.21095771569163,14.446566220073718,25.255845836893975,0.1700576763065874,0.07802280027777897,0.44270122677829704,0.28796417562602983,0.4232231012220211,-2.1930126193653052,-1.1705635130424668,1.5932411785156404,0.7008620182177587,0.20003766533599787
pushup_correct_1.mp4_002,pushup,correct,10,31,155.60828134512042,156.7388875350301,163.47071218182103,163.6669299356526,70.73739074358876,63.47991429431282,16.08723812556639,26.421411794215853,0.16985793876735844,-0.5546375881563961,-0.3150535796841609,-0.5270353422222058,-0.010014898085216828,-2.6888111385014497,-1.7310434213788142,1.6406719054926722,1.1655659573218777,-0.632660388434175
pushup_correct_1.mp4_002,pushup,correct,11,31,153.87756825469026,155.64036791545618,162.70993689432729,162.68036681119273,69.55969042704527,61.166493311823984,17.251257539403795,27.797023027409725,0.16907916808129858,-1.7307130904301573,-1.0985196195739206,-0.7607752874937432,-0.9865631244598774,-1.1777003165434934,-2.313420982488836,1.164019413837405,1.3756112331938724,-1.1760755022737612
pushup_correct_1.mp4_002,pushup,correct,12,31,152.60187421187777,155.38329706582886,162.510447927985,163.23144678467057,67.95004882641013,60.70865655107699,19.302251818095815,28.521086868657235,0.1688445154761236,-1.2756940428124892,-0.2570708496273255,-0.19948896634227253,0.5510799734778402,-1.6096416006351433,-0.45783676074699287,2.05099427869202,0.72406384124751,0.4550190476176681
pushup_correct_1.mp4_002,pushup,correct,13,31,151.47615444901285,154.45534053183053,161.99063524515392,162.72181208640677,67.18699319319887,60.790790316898516,20.55367179849109,28.63805352236739,0.16898962833691658,-1.125719762864918,-0.9279565339983264,-0.5198126828310876,-0.5096346982637954,-0.7630556332112519,0.08213376582152421,1.2514199803952764,0.11696665371015413,0.14997427994757118
pushup_correct_1.mp4_002,pushup,correct,14,31,151.2894487407338,155.09971757613891,162.1015898248611,163.24315417860586,64.56042396625973,59.94043343368962,23.267477044065554,29.4255744636868,0.16887180670620464,-0.18670570827904953,0.6443770443083849,0.11095457970716893,0.5213420921990917,-2.6265692269391394,-0.8503568832088959,2.713805245574463,0.7875209413194106,0.9390140545858685
pushup_correct_1.mp4_002,pushup,correct,15,31,151.60328045926633,155.5719984379744,162.4900479767584,163.563717193787,63.72730259238428,59.259851043946185,24.12153078605549,30.100083357238287,0.1688919889923333,0.31383171853252634,0.4722808618354861,0.3884581518973107,0.3205630151811363,-0.833121373875457,-0.6805823897434351,0.8540537419899366,0.6745088935514865,0.5005374268115759
pushup_correct_1.mp4_002,pushup,correct,16,31,151.6300021335779,155.3030072035365,161.68120878739785,162.9392320239571,62.803537904063525,58.82834515036644,24.354132696114874,30.122182611299834,0.16882991481763573,0.026721674311573906,-0.2689912344378911,-0.8088391893605547,-0.6244851698299101,-0.9237646883207518,-0.43150589357974667,0.23260191005938324,0.02209925406154767,-0.28711004422095243
pushup_correct_1.mp4_002,pushup,correct,17,31,151.90439618180588,155.05355015552917,160.8355915713089,162.14400583625977,62.927308186162556,58.04654148749308,23.8973324582368,30.315171929662622,0.1686979503093052,0.2743940482279754,-0.24945704800734347,-0.8456172160889537,-0.7952261876973239,0.12377028209903074,-0.781803662873358,-0.456800237878074,0.19298931836278754,0.2476723739164015
pushup_correct_1.mp4_002,pushup,correct,18,31,152.5352615301505,154.69853056118953,160.22339986816502,162.12772151152762,63.212961187225915,57.930202855204136,23.010767916354492,30.376247683468183,0.16816828825313818,0.6308653483446278,-0.3550195943396375,-0.6121917031438784,-0.016284324732140476,0.2856530010633591,-0.1163386322889437,-0.8865645418823078,0.06107575380556085,0.3564713001166524
pushup_correct_1.mp4_002,pushup,correct,19,31,152.8065004625863,154.64829807762186,160.00687500005415,162.08432825910594,63.71313027273948,57.7475158357165,22.299229348703726,30.45572694017081,0.167650560501675,0.2712389324358071,-0.05023248356766885,-0.21652486811086646,-0.04339325242168002,0.5001690855135621,-0.18268701948763777,-0.7115385676507664,0.07947925670262634,-0.3596264159088207
pushup_correct_1.mp4_002,pushup,correct,20,31,152.76724144607167,154.42736608576465,159.94687755375972,162.01559051246778,64.35363606492959,57.83265367193344,21.677193623092233,30.345223876010333,0.16745132385735226,-0.03925901651464869,-0.22093199185721346,-0.05999744629443171,-0.06873774663816334,0.6405057921901118,0.08513783621694415,-0.622035725611493,-0.11050306416047562,-0.3104979489504558
pushup_correct_1.mp4_002,pushup,correct,21,31,152.59144958615673,154.2448224216204,160.04847189190895,162.0243086838832,64.99256546626498,58.07052691264166,21.175640319267735,30.00990532637799,0.16733902253284838,-0.17579185991493773,-0.18254366414424794,0.10159433814922636,0.00871817141540987,0.638929401335389,0.23787324070821825,-0.5015533038244975,-0.3353185496323441,-0.13653284340028904
pushup_correct_1.mp4_002,pushup,correct,22,31,152.76833155039088,154.27357491357293,160.33630301355745,162.17345932512848,65.51596245067786,57.928864354104775,20.751861392259126,29.931271402940965,0.16728013955952012,0.17688196423415548,0.028752491952531045,0.28783112164850877,0.149150641245285,0.5233969844128836,-0.14166255853688625,-0.423778927008609,-0.07863392343702458,0.3526738241490932
pushup_correct_1.mp4_002,pushup,correct,23,31,152.89160427756818,154.4221044404227,160.30829583485806,162.34298074463564,65.65315406467866,58.03841118350552,20.531604953963107,29.937211546822535,0.16725559919307723,0.12327272717729443,0.14852952684975662,-0.028007178699397173,0.16952141950716282,0.13719161400079827,0.10954682940074179,-0.22025643829601904,0.005940143881570492,-0.05360923705686105
pushup_correct_1.mp4_002,pushup,correct,24,31,152.95380550149773,154.5090288132527,160.46502466418534,162.85772248305364,66.14017491496661,58.41423610926116,20.112807037777703,29.959344397048966,0.16715402394168014,0.06220122392954863,0.08692437283002619,0.15672882932727816,0.514741738417996,0.48702085028794784,0.3758249257556443,-0.4187979161854045,0.022132850226430634,-0.061071503247745795
pushup_correct_1.mp4_002,pushup,correct,25,31,153.24884089992776,155.11502795473035,161.3685938174352,164.62938366301873,66.8956119962561,61.25898812347806,18.6581598041832,27.954248914794363,0.1672756369117688,0.2950353984300307,0.6059991414776391,0.9035691532498618,1.7716611799650934,0.755437081289486,2.844752014216901,-1.4546472335945033,-2.005095482254603,0.23283417450048205
pushup_correct_1.mp4_002,pushup,correct,26,31,152.83760894138632,153.88263960593133,161.26895310539473,164.49639546207842,68.89113560525053,65.00466879568017,16.255131100472223,25.43498457188836,0.16755221535555923,-0.41123195854143546,-1.2323883487990202,-0.09964071204046832,-0.1329882009403036,1.9955236089944322,3.7456806722021128,-2.4030287037109765,-2.519264342906002,-0.7062673569714661
pushup_correct_1.mp4_002,pushup,correct,27,31,152.63598313173392,154.0995960410566,162.0520270506634,164.75556275600056,75.89831287188511,68.07654033903361,10.902098108396403,22.954976184066393,0.16845971034223736,-0.2016258096523984,0.21695643512526885,0.7830739452686828,0.25916729392213256,7.007177266634585,3.0718715433534385,-5.3530329920758195,-2.480008387821968,0.20960614888903706
pushup_correct_1.mp4_002,pushup,correct,28,31,154.18626485250851,155.66619094895702,163.34705376805525,166.03319901212188,80.81897485793002,72.82034038464415,6.863691373665384,19.049775679997364,0.16966270590250784,1.550281720774592,1.5665949079004236,1.2950267173918348,1.2776362561213261,4.920661986044905,4.743800045610541,-4.038406734731019,-3.905200504069029,1.7519075304269904
pushup_correct_1.mp4_002,pushup,correct,29,31,154.519520870053,159.41206036979446,165.92380026990764,168.77794470692507,87.92931197289741,81.18837799676767,2.400536332499469,12.286293121177822,0.1708684574080293,0.3332560175444712,3.745869420837437,2.576746501852398,2.7447456948031856,7.110337114967393,8.368037612123516,-4.4631550411659155,-6.7634825588195415,-1.2170257032301208
pushup_correct_1.mp4_002,pushup,correct,30,31,154.6033451738117,158.88097767597662,165.48361250393765,168.5536769826556,90.99102873359735,87.89459918443382,0.006567349705396778,6.011209935978566,0.17141814261721494,0.08382430375871763,-0.5310826938178366,-0.44018776596999487,-0.22426772426948105,3.0617167606999374,6.706221187666145,-2.3939689827940724,-6.275083185199256,-0.24943171378575357
pushup_correct_1.mp4_002,pushup,correct,31,31,155.27115190131573,159.06973463237262,165.413276265553,167.359323603594,97.19995840558731,96.67482569507081,5.349462464917143,2.340182027888833,0.1702090824307795,0.6678067275040291,0.18875695639599144,-0.07033623838464109,-1.1943533790615959,6.208929671989964,8.780226510636993,5.342895115211746,-3.671027908089733,0.5839824237453115
pushup_correct_2 copy 2.mp4_000,pushup,correct,1,6,89.04654619967117,91.99601329018202,127.86746951631198,89.35784322869645,80.9455335811597,141.98315224521053,139.51160826619653,174.04887595527447,0.07644464438941022,,,,,,,,,
pushup_correct_2 copy 2.mp4_000,pushup,correct,2,6,54.56614844470958,37.63611913276281,123.57475656711368,89.77006927368964,146.01805787625457,155.93655698727096,137.19718384433207,170.30485005958406,0.12320828004658162,,,,,,,,,
pushup_correct_2 copy 2.mp4_000,pushup,correct,3,6,48.88302926843319,38.34322849079054,133.22908694976005,16.229407409607653,146.69116862969858,152.50855447107838,124.69903169424508,127.38565210833032,0.027403658934347853,-5.683119176276392,0.7071093580277292,9.654330382646364,-73.54066186408198,0.6731107534440071,-3.428002516192578,-12.498152150086995,-42.919197951253736,28.797278578685194
pushup_correct_2 copy 2.mp4_000,pushup,correct,4,6,34.2204141585401,24.61993118382998,129.47465266410686,123.34867234092727,134.21037436251726,144.78339279238048,153.54899321369433,161.8572169293679,0.18442641782745667,-14.662615109893089,-13.723297306960557,-3.75443428565319,107.1192649313196,-12.480794267181324,-7.725161678697901,28.849961519449252,34.471564821037575,-8.979495933616697
pushup_correct_2 copy 2.mp4_000,pushup,correct,5,6,34.98210920516167,39.917201018421174,131.3820090933857,134.30733425845094,141.9908920704009,152.29760699851332,144.22612634607125,140.15885719976148,0.23334550716573405,0.7616950466215684,15.297269834591194,1.907356429278849,10.95866191752367,7.780517707883632,7.514214206132834,-9.322866867623077,-21.69835972960641,15.424310156514657
pushup_correct_2 copy 2.mp4_000,pushup,correct,6,6,37.34019309213049,73.34947425241948,135.70076566791747,164.94503170309804,135.19197537118401,135.45271391718782,153.9218721705199,155.82357381450365,0.21082276959990565,2.3580838869688208,33.43227323399831,4.318756574531761,30.637697444647102,-6.798916699216875,-16.844893081325495,9.695745824448636,15.664716614742161,1.5963888403472524
pushup_correct_2 copy 2.mp4_001,pushup,correct,1,17,169.0601604156205,170.62741297316154,166.22845545717175,176.1253628551987,109.10070813140179,66.72607605550874,40.54572003081985,31.975364265161637,0.20672752093473026,-0.6105077371682341,0.12844756113344147,-2.047562162085711,0.052748005932159,-6.919052018627525,-5.113242591054174,-2.1852848591764342,2.8284103362930786,0.6527211003422053
pushup_correct_2 copy 2.mp4_001,pushup,correct,2,17,167.88771546134438,170.47574787162495,165.65356789225407,175.9044944317302,100.93345255483585,59.50990880672282,35.84823366591561,36.53830019421092,0.20497619426583924,-1.1724449542761022,-0.15166510153659374,-0.5748875649176739,-0.22086842346848812,-8.167255576565935,-7.216167248785922,-4.697486364904243,4.5629359290492815,-0.561937217107868
pushup_correct_2 copy 2.mp4_001,pushup,correct,3,17,167.28585590860996,169.5966174403262,164.4076191307634,177.69119534821778,98.80990658792777,56.01192030362527,29.31339655373811,38.34949747828311,0.20406861098502135,-0.6018595527344246,-0.8791304312987336,-1.2459487614906664,1.7867009164875753,-2.1235459669080825,-3.4979885030975524,-6.534837112177499,1.8111972840721933,0.5705854015416776
pushup_correct_2 copy 2.mp4_001,pushup,correct,4,17,166.81558910776073,169.7961792025394,163.37297528088033,179.0022814979406,93.86933294294622,52.46082568701225,26.312526363300282,38.7634587979271,0.2014797007102885,-0.470266800849231,0.1995617622131931,-1.0346438498830821,1.3110861497228257,-4.940573644981555,-3.551094616613014,-3.0008701904378263,0.4139613196439882,0.1315927518851936
pushup_correct_2 copy 2.mp4_001,pushup,correct,5,17,167.10032182998455,170.2543586929091,162.34026945689436,178.24401612529377,89.54326504334682,48.83314012251874,23.458490342942152,41.158157404713386,0.19788938244836918,0.28473272222382207,0.4581794903697016,-1.0327058239859639,-0.7582653726468322,-4.326067899599394,-3.627685564493511,-2.85403602035813,2.394698606786285,0.7549995230730531
pushup_correct_2 copy 2.mp4_001,pushup,correct,6,17,168.61795614529598,167.17936642886986,161.94851773110938,179.41595380543717,84.09118283592623,46.113945620785735,19.720723068267503,43.50815191589418,0.19769950353096324,1.517634315311426,-3.0749922640392526,-0.3917517257849852,1.171937680143401,-5.452082207420588,-2.719194501733007,-3.737767274674649,2.349994511180796,1.232901593087604
pushup_correct_2 copy 2.mp4_001,pushup,correct,7,17,168.62160309041624,166.5282971951674,161.24637700956654,178.3660896786493,83.92026326981097,44.78301131601543,23.34415602986107,46.3030654509331,0.1967681172842411,0.0036469451202663095,-0.651069233702458,-0.7021407215428326,-1.0498641267878668,-0.17091956611525916,-1.3309343047703024,3.6234329615935685,2.7949135350389156,-1.5139873701911597
pushup_correct_2 copy 2.mp4_001,pushup,correct,8,17,168.0456622652236,167.78783073780664,161.5760029583505,177.60042383928902,84.62210008189597,42.35083738354479,21.790191402102085,48.022085210901565,0.19767306954713412,-0.5759408251926459,1.2595335426392467,0.32962594878395635,-0.7656658393602811,0.7018368120849914,-2.43217393247064,-1.5539646277589867,1.719019759968468,-0.5795877703129122
pushup_correct_2 copy 2.mp4_001,pushup,correct,9,17,170.7936602846944,170.56749394990217,162.71701464888832,177.3143957910306,87.90004676709717,42.32911577750945,23.005654353171973,47.37071990912979,0.19680939675807102,2.747998019470799,2.779663212095528,1.1410116905378231,-0.2860280482584301,3.2779466852012007,-0.021721606035342234,1.2154629510698882,-0.6513653017717758,3.323938844663445
pushup_correct_2 copy 2.mp4_001,pushup,correct,10,17,169.2821079356731,169.09868408363306,163.46094018543883,177.6801084810821,91.79775531929639,43.983895859153236,26.0436756162722,46.52851774596435,0.19727999670556853,-1.5115523490212865,-1.4688098662691118,0.7439255365505062,0.3657126900515095,3.8977085521992194,1.6547800816437856,3.0380212631002266,-0.8422021631654388,-4.259550368492086
pushup_correct_2 copy 2.mp4_001,pushup,correct,11,17,169.89882473218572,169.87544724150973,163.53708328044007,178.44067619197943,95.46061078798313,46.5509582264607,30.552281374858058,44.27758887291033,0.1978916532275522,0.6167167965126055,0.7767631578766725,0.0761430950012425,0.7605677108973339,3.662855468686743,2.5670623673074644,4.508605758585858,-2.250928873054022,2.128269145533892
pushup_correct_2 copy 2.mp4_001,pushup,correct,12,17,170.57884057492888,170.89338308472728,163.93100404572294,179.19668415458773,95.71114569704487,47.08607172340928,30.632185403942152,44.138221960422094,0.19858459209544477,0.6800158427431597,1.0179358432175434,0.39392076528287134,0.7560079626082938,0.2505349090617415,0.5351134969485827,0.07990402908409422,-0.13936691248823507,0.06329904623055427
pushup_correct_2 copy 2.mp4_001,pushup,correct,13,17,171.06417819011904,171.34457799812776,163.74500383077432,179.07711014509303,95.7564076089553,48.502360908542244,30.812603278017054,42.69833269698668,0.199583782689766,0.4853376151901614,0.4511949134004851,-0.18600021494862062,-0.11957400949469843,0.04526191191042983,1.4162891851329604,0.18041787407490162,-1.4398892634354112,-0.19467822755299835
pushup_correct_2 copy 2.mp4_001,pushup,correct,14,17,171.7470014308352,171.82548327614109,164.81579586382446,179.04512908402575,98.39914875624467,48.77018411094516,29.847780760928778,42.10039430788824,0.20024932989760896,0.682823240716175,0.4809052780133243,1.0707920330501395,-0.0319810610672846,2.642741147289371,0.2678232024029157,-0.964822517088276,-0.5979383890984451,0.19748562552601356
pushup_correct_2 copy 2.mp4_001,pushup,correct,15,17,171.0790451189279,171.8390506957563,166.15517013897338,178.98771023593085,103.84638244596194,51.25564481323213,28.909078694665006,41.08179650899342,0.20420829198599094,-0.667956311907318,0.013567419615213794,1.3393742751489128,-0.05741884809489761,5.447233689717265,2.4854607022869715,-0.9387020662637724,-1.0185977988948167,-1.350779552623493
pushup_correct_2 copy 2.mp4_001,pushup,correct,16,17,170.0728780924114,170.45126369408882,166.40058984253147,178.62831854443456,109.46070235605521,58.28192042098314,31.840617745667988,36.285473076314226,0.20537619297792856,-1.0061670265164935,-1.3877870016674763,0.24541970355809894,-0.3593916914962847,5.614319910093272,7.0262756077510105,2.931539051002982,-4.796323432679195,-0.3382107146091755
pushup_correct_2 copy 2.mp4_001,pushup,correct,17,17,169.94608238974436,169.62050103656037,164.76065568764585,176.68409576252793,116.55347013760597,65.17571675734003,37.4166339173648,30.24260226270904,0.20746170845608877,-0.12679570266703877,-0.830762657528453,-1.6399341548856228,-1.9442227819066318,7.092767781550762,6.8937963363568855,5.576016171696811,-6.042870813605187,0.8793713238494547
pushup_correct_2 copy 2.mp4_002,pushup,correct,1,21,173.8741576774433,170.6591734131651,166.4248443080412,177.0742456960941,107.94461846671545,69.80884661153836,44.03508351800038,28.689299455791208,0.20778943923343518,-0.006374908541687319,-0.6791603819810916,0.22950443350379146,-0.3420064863101402,-6.433477473771958,-12.288006101880754,-3.0524566281636325,12.080170369106249,-0.7557631790519963
pushup_correct_2 copy 2.mp4_002,pushup,correct,2,21,173.55120758572738,170.13397306230416,165.21608316553335,179.26733657077898,100.8845256727521,62.15718258142839,41.43668685955631,32.56695717625169,0.2059337828379917,-0.32295009171591005,-0.5252003508609278,-1.2087611425078535,2.1930908746848843,-7.060092793963349,-7.65166403010997,-2.5983966584440665,3.8776577204604834,-0.31657518317422273
pushup_correct_2 copy 2.mp4_002,pushup,correct,3,21,173.5402825262892,169.74261488392483,164.50676221205012,179.65721336124005,98.1124516458467,58.97960498242888,39.300349526565775,34.62326520375538,0.20554508573293084,-0.01092505943819333,-0.39135817837933473,-0.7093209534832283,0.3898767904610736,-2.7720740269054005,-3.1775775989995054,-2.1363373329905357,2.0563080275036896,0.3120250322777167
pushup_correct_2 copy 2.mp4_002,pushup,correct,4,21,174.99285090643014,170.8358701360177,164.76684844849052,178.6883388456053,92.09071310379274,49.268823234079456,33.76733566194345,40.1837254910915,0.20462228862134618,1.4525683801409457,1.0932552520928596,0.26008623644040085,-0.9688745156347522,-6.021738542053967,-9.710781748349426,-5.533013864622326,5.56046028733612,1.463493439579139
pushup_correct_2 copy 2.mp4_002,pushup,correct,5,21,174.59983295321533,170.02204380614398,164.76391155009875,177.4295286152064,88.58485282440513,47.8426410813966,30.455543193899132,41.323914692218935,0.20329944559343005,-0.3930179532148088,-0.8138263298737058,-0.0029368983917663627,-1.2588102303988933,-3.505860279387605,-1.4261821526828555,-3.3117924680443167,1.1401892011274342,-1.8455863333557545
pushup_correct_2 copy 2.mp4_002,pushup,correct,6,21,173.60421863112197,169.09383745948927,163.8365843900498,177.0208213497678,84.21462793576478,46.50855618868287,26.000274313055197,43.09789571185357,0.20107615051648653,-0.9956143220933598,-0.9282063466547186,-0.9273271600489466,-0.4087072654386077,-4.370224888640351,-1.334084892713733,-4.455268880843935,1.7739810196346326,-0.602596368878551
pushup_correct_2 copy 2.mp4_002,pushup,correct,7,21,174.7583756087701,170.10313243248106,163.15016584364295,178.44217340116143,79.80188054494009,45.61691818308912,23.617287930832052,45.109037164384034,0.2015190145655979,1.1541569776481424,1.0092949729917962,-0.6864185464068555,1.421352051393626,-4.412747390824691,-0.8916380055937481,-2.3829863822231445,2.0111414525304667,2.149771299741502
pushup_correct_2 copy 2.mp4_002,pushup,correct,8,21,174.6040006480059,169.89699585950345,161.6869448145507,177.97305244893047,81.50271674734756,44.32503695832442,26.849460511149555,46.064486926349474,0.2014731013865126,-0.15437496076421553,-0.2061365729776128,-1.4632210290922387,-0.46912095223095207,1.7008362024074728,-1.2918812247647011,3.2321725803175028,0.9554497619654398,-1.308531938412358
pushup_correct_2 copy 2.mp4_002,pushup,correct,9,21,173.1260153728177,169.45020506037145,162.75389606167536,178.3672257292092,86.7303322733554,47.96917634244567,28.994561767200153,46.54227813795006,0.19964760477821308,-1.477985275188189,-0.44679079913200326,1.0669512471246492,0.39417328027872145,5.227615526007838,3.644139384121253,2.145101256050598,0.47779121160058935,-1.3236103144239735
pushup_correct_2 copy 2.mp4_002,pushup,correct,10,21,172.08204009286916,168.95345461444154,164.72936177893402,178.95920041146056,90.57392847833415,49.35917017276314,28.33690774878817,46.8163105617701,0.19622760250490304,-1.0439752799485404,-0.496750445929905,1.9754657172586576,0.5919746822513616,3.843596204978752,1.3899938303174721,-0.6576540184119821,0.2740324238200387,0.43400999523964856
pushup_correct_2 copy 2.mp4_002,pushup,correct,11,21,170.84833095127567,168.5308230064101,164.22213279744682,179.16146900140927,90.23168039885148,50.19139434186956,26.88881263296106,47.0810896757946,0.19574069288658213,-1.2337091415934935,-0.42263160803145183,-0.5072289814872022,0.20226858994871577,-0.34224807948267255,0.8322241691064178,-1.4480951158271118,0.26477911402449905,-0.1897338616449531
pushup_correct_2 copy 2.mp4_002,pushup,correct,12,21,170.7631712880596,168.2261228839688,164.66186886474634,178.66141369061694,93.74189641369175,51.07922451563796,27.823508912417175,47.810963952070544,0.1967798726577107,-0.08515966321607493,-0.3047001224412895,0.4397360672995205,-0.5000553107923338,3.5102160148402675,0.8878301737683998,0.9346962794561158,0.7298742762759431,1.1485494783774186
pushup_correct_2 copy 2.mp4_002,pushup,correct,13,21,170.3470473645338,167.59948538725547,164.02049287057963,178.95297556022192,94.69651400594174,52.36002819678965,29.632928791820234,47.47836940170092,0.19645656177384446,-0.4161239235257881,-0.6266374967133288,-0.6413759941667081,0.2915618696049762,0.9546175922499884,1.2808036811516885,1.809419879403059,-0.3325945503696275,-0.33096426030971315
pushup_correct_2 copy 2.mp4_002,pushup,correct,14,21,170.50295891813929,167.31662179057534,164.18042201392782,179.5815379292676,95.76885958890311,52.7797615615442,33.082117249556504,47.765593679663965,0.1963287079960056,0.1559115536054776,-0.28286359668013006,0.15992914334819375,0.6285623690456816,1.0723455829613755,0.41973336475454914,3.4491884577362697,0.2872242779630483,0.5720354771312657
pushup_correct_2 copy 2.mp4_002,pushup,correct,15,21,170.40606368595692,167.19657082597433,163.81074809931025,178.2956733440848,94.23491240304526,49.56570096811457,33.68837553646546,48.00307867125253,0.19806701187860518,-0.09689523218236218,-0.12005096460100617,-0.3696739146175787,-1.285864585182793,-1.5339471858578548,-3.214060593429629,0.6062582869089539,0.23748499158856617,-0.25280678578783977
pushup_correct_2 copy 2.mp4_002,pushup,correct,16,21,169.60480299967656,167.05684779384381,161.8115576715695,175.399769156257,93.9169261824895,50.710517205035764,34.27305424064943,44.561779687180014,0.19936135072264538,-0.801260686280358,-0.13972303213051873,-1.999190427740757,-2.895904187827796,-0.31798622055575265,1.1448162369211943,0.5846787041839718,-3.4412989840725174,-0.7043654540979958
pushup_correct_2 copy 2.mp4_002,pushup,correct,17,21,168.74090993020033,166.61221210841376,159.44443903610258,173.50380638450167,91.3481671159777,52.58524727483909,32.86649705765625,41.60484121848164,0.20046784868094228,-0.8638930694762337,-0.4446356854300575,-2.367118635466909,-1.895962771755336,-2.5687590665118023,1.8747300698033271,-1.4065571829931827,-2.9569384686983753,-0.06263238319587572
pushup_correct_2 copy 2.mp4_002,pushup,correct,18,21,169.5582811461902,168.16214450904394,160.50545036396403,173.11779000667008,94.71066895628257,54.93706775770754,33.338221940237815,38.14678078769764,0.20272084162794896,0.8173712159898798,1.5499324006301833,1.0610113278614506,-0.38601637783159504,3.3625018403048728,2.3518204828684475,0.47172488258156875,-3.458060430784002,1.6812642854661135
pushup_correct_2 copy 2.mp4_002,pushup,correct,19,21,170.22554408300317,168.42370059499478,162.59890827104837,172.16588645878366,99.61894358477832,55.651770315898425,35.412134456676114,37.537974395262346,0.20424857510406214,0.6672629368129606,0.26155608595084345,2.0934579070843427,-0.9519035478864168,4.908274628495747,0.7147025581908864,2.0739125164382983,-0.6088063924352909,-0.15010827917691927
pushup_correct_2 copy 2.mp4_002,pushup,correct,20,21,173.0114952194155,167.871385702503,165.9428431581439,171.95824111973877,109.01598066984586,64.70099122779284,40.527411548677144,29.70552619253682,0.20547675724378708,2.7859511364123364,-0.5523148924917791,3.3439348870955143,-0.20764533904488758,9.397037085067538,9.049220911894416,5.11527709200103,-7.832448202725526,2.118688199599376
pushup_correct_2 copy 2.mp4_002,pushup,correct,21,21,174.10184038625053,167.76922433755968,166.91525389821928,173.21092056087187,117.59556161792823,73.75586795332003,45.487486194854164,22.61493870296128,0.2071229623936692,1.0903451668350215,-0.10216136494332773,0.9724107400753894,1.2526794411330968,8.579580948082366,9.054876725527194,4.96007464617702,-7.09058748957554,-1.695605969577315
pushup_correct_2 copy 2.mp4_003,pushup,correct,1,21,174.63108951005395,170.03888191334423,166.07766753754487,179.80548058279055,110.14732212340334,71.89059895171418,47.97200343616812,28.721720736922453,0.2085861406407329,0.9942909132342947,-0.023999084498797174,0.038316951818814005,0.3687050726877885,-9.841806844897278,-14.077631418935937,-0.1986921655553644,10.20812050722041,0.2035550812459519
pushup_correct_2 copy 2.mp4_003,pushup,correct,2,21,174.8271931512767,169.79102526590398,166.4098826386674,179.09648350413207,100.22856788413799,61.746960013707415,46.704473411200404,31.545886108808748,0.20738791681715893,0.1961036412227486,-0.24785664744024416,0.3322151011225287,-0.7089970786584843,-9.918754239265354,-10.143638938006767,-1.2675300249677193,2.824165371886295,-0.7981872720115462
pushup_correct_2 copy 2.mp4_003,pushup,correct,3,21,174.23591625444996,170.49295238961363,164.96878174412933,179.3688457451815,96.16634830652175,58.82299119607172,42.892454877436606,34.66758406189488,0.2057316097760756,-0.5912768968267414,0.7019271237096518,-1.4411008945380672,0.2723622410494215,-4.062219577616233,-2.9239688176356964,-3.8120185337637977,3.12169795308613,-0.78738053804949
pushup_correct_2 copy 2.mp4_003,pushup,correct,4,21,174.68540703038514,168.773509303343,163.80593634671789,178.1379603535165,90.61973218157269,53.29753308220916,38.57947782619,39.62164197310391,0.20590844572886277,0.4494907759351747,-1.719443086270644,-1.162845397411445,-1.230885391664998,-5.546616124949068,-5.525458113862555,-4.312977051246605,4.954057911209034,1.0407676727619162
pushup_correct_2 copy 2.mp4_003,pushup,correct,5,21,174.86744356161816,169.32898668433648,163.5869239196588,176.42764107823524,92.31847026318965,49.27637186699085,35.532226996402734,42.106664176054736,0.20622028569369427,0.18203653123302388,0.5554773809934943,-0.2190124270590843,-1.7103192752812504,1.6987380816169662,-4.021161215218314,-3.0472508297872665,2.485022202950823,-0.26745424470215085
pushup_correct_2 copy 2.mp4_003,pushup,correct,6,21,174.56946581387027,170.31862195915525,164.04983218598267,177.4419221836554,85.49099522158494,48.0661950076173,28.90339258142099,44.02591238570199,0.205129170222493,-0.2979777477478933,0.9896352748187667,0.46290826632386484,1.0142811054201673,-6.827475041604714,-1.2101768593735471,-6.628834414981743,1.9192482096472574,-0.4800142789809172
pushup_correct_2 copy 2.mp4_003,pushup,correct,7,21,174.9628281427858,171.4943238996627,162.74257453406113,178.52835377061564,82.1372936728798,47.0246176196824,28.281281497152428,45.92613103982874,0.20456003367865647,0.39336232891554346,1.1757019405074516,-1.3072576519215318,1.0864315869602308,-3.353701548705132,-1.0415773879349004,-0.622111084268564,1.9002186541267463,0.6913400766634368
pushup_correct_2 copy 2.mp4_003,pushup,correct,8,21,173.72089268597054,172.69751505143927,162.49555954042089,179.7106888398488,81.20563169572594,46.09366136505949,28.45308136203552,47.2321992773672,0.20335565109160234,-1.2419354568152698,1.203191151776565,-0.24701499364024926,1.1823350692331758,-0.9316619771538655,-0.9309562546229131,0.1717998648830914,1.3060682375384616,-1.6352977857308133
pushup_correct_2 copy 2.mp4_003,pushup,correct,9,21,172.51232620123997,172.46839864242517,163.63502576995404,179.52026356956884,85.71621178968124,48.09644821358104,29.75374511257487,46.81828553738591,0.2014871338563827,-1.208566484730568,-0.2291164090140967,1.1394662295331557,-0.1904252702799738,4.510580093955298,2.002786848521552,1.30066375053935,-0.41391373998128955,0.03336897208470191
pushup_correct_2 copy 2.mp4_003,pushup,correct,10,21,170.9183638901579,170.91561642568433,165.63739177883252,179.87542174452642,89.47032980230365,48.93868812082621,30.243543031964407,46.45730823208065,0.20082212528331764,-1.5939623110820662,-1.5527822167408374,2.0023660088784823,0.3551581749575803,3.7541180126224134,0.8422399072451654,0.4897979193895381,-0.36097730530526206,-0.38539582635149827
pushup_correct_2 copy 2.mp4_003,pushup,correct,11,21,170.67169473351944,169.97944678780624,166.49521376781595,178.80381530131984,93.69287696379456,50.08877576522324,31.598960404968345,47.124255855826846,0.19994683799581775,-0.24666915663846112,-0.9361696378780948,0.8578219889834315,-1.0716064432065764,4.222547161490908,1.1500876443970327,1.355417373003938,0.6669476237461964,1.347293154443605
pushup_correct_2 copy 2.mp4_003,pushup,correct,12,21,170.4912347775863,167.2173807550483,166.1387849202086,179.44050823706155,97.27186418336994,51.210897381035664,39.60226280849592,47.38887522710974,0.19943667562241735,-0.180459955933145,-2.7620660327579287,-0.3564288476073614,0.6366929357417064,3.5789872195753816,1.122121615812425,8.003302403527577,0.2646193712828975,0.0662092007053161
pushup_correct_2 copy 2.mp4_003,pushup,correct,13,21,170.20413885364562,166.47181467952763,165.74895800532113,178.9441220193986,96.80206621734392,51.48511944157116,39.26373819418569,46.92857795835202,0.198799564988377,-0.28709592394068295,-0.745566075520685,-0.3898269148874647,-0.4963862176629448,-0.46979796602602164,0.27422206053549303,-0.33852461431023073,-0.4602972687577207,-0.10663596800753794
pushup_correct_2 copy 2.mp4_003,pushup,correct,14,21,169.14546209106715,166.08895779953662,165.14803166950819,179.53588540426952,97.08248150630544,51.01744254048273,39.044760093340344,47.10510528450568,0.19885166454243747,-1.0586767625784717,-0.38285687999101015,-0.6009263358129431,0.5917633848709158,0.280415288961521,-0.4676769010884243,-0.21897810084534797,0.17652732615366062,-0.7715808386377887
pushup_correct_2 copy 2.mp4_003,pushup,correct,15,21,169.9457846891938,166.38642709425588,165.37579104479374,179.0682121404302,95.00145762354258,50.07232357169059,38.89650418615579,46.45318896961557,0.19919779408151295,0.8003225981266553,0.29746929471926364,0.227759375285558,-0.4676732638393162,-2.0810238827628638,-0.9451189687921442,-0.14825590718455572,-0.6519163148901157,1.858999360705127
pushup_correct_2 copy 2.mp4_003,pushup,correct,16,21,168.53525485805957,168.37207296142077,163.7619718540983,177.1499840412409,93.18255695519035,50.68348707127837,40.489208770181136,43.807425360242505,0.19980364782543064,-1.4105298311342267,1.9856458671648909,-1.6138191906954376,-1.9182280991892924,-1.818900668352228,0.6111634995877822,1.5927045840253484,-2.6457636093730628,-2.210852429260882
pushup_correct_2 copy 2.mp4_003,pushup,correct,17,21,170.69016737976244,168.53202473310878,163.77093833292133,175.28587196605076,91.8236441544753,52.856385119215275,42.85351126852731,40.00581579478329,0.20068290891669882,2.154912521702869,0.15995177168801433,0.008966478823026591,-1.8641120751901497,-1.3589128007150464,2.172898047936904,2.364302498346177,-3.8016095654592164,3.5654423528370955
pushup_correct_2 copy 2.mp4_003,pushup,correct,18,21,172.90706313844402,170.00865368588467,164.38824537858432,176.45461563268668,94.95434465717571,58.0834975688893,42.42372206226833,36.780561590851974,0.2013457350911486,2.2168957586815736,1.476628952775883,0.617307045662983,1.168743666635919,3.1307005027004067,5.227112449674024,-0.429789206258981,-3.225254203931314,0.06198323697870478
pushup_correct_2 copy 2.mp4_003,pushup,correct,19,21,174.74385776204477,169.6252229155911,166.74391628331776,177.32186438991977,101.97031790654228,64.4727191742352,39.37132391623416,31.847449197206036,0.20186887934880465,1.8367946236007526,-0.38343077029355754,2.3556709047334436,0.8672487572330851,7.015973249366567,6.389221605345895,-3.0523981460341716,-4.9331123936459385,-0.380101135080821
pushup_correct_2 copy 2.mp4_003,pushup,correct,20,21,174.64354426944703,169.989493014234,168.5481329798051,178.22073192124668,107.74971411670977,68.80285042574728,40.519323540684,27.234054219544948,0.2031560174668851,-0.10031349259773492,0.3642700986428906,1.8042166964873445,0.8988675313269141,5.779396210167491,4.3301312515120856,1.147999624449838,-4.613394977661088,-1.9371081161984876
pushup_correct_2 copy 2.mp4_003,pushup,correct,21,21,175.0837936743641,170.24137739172798,171.10793731581353,179.17332609906703,116.67498793084324,78.8585622135478,38.39292605125279,24.15587657499393,0.2055391698107817,0.44024940491706843,0.2518843774939796,2.559804336008426,0.9525941778203446,8.925273814133476,10.055711787800519,-2.1263974894312057,-3.078177644551019,0.5405628975148034
pushup_correct_2 copy 2.mp4_004,pushup,correct,1,22,170.5877419907727,170.48595525384226,167.031693202808,177.55057326545796,111.52981034832592,67.37728776882413,40.02380040012746,35.243314595084925,0.20700337574468924,0.3609397018645666,0.4694187056035446,1.1228738424159133,-1.6635617323651388,-6.216843012276797,-5.914693370924397,-4.616911206336333,5.830216463792148,0.9506769626443372
pushup_correct_2 copy 2.mp4_004,pushup,correct,2,22,167.34998436657406,168.89484862215056,165.78243047739974,178.48542814352348,101.72099791743763,61.425779367174044,35.8158392978492,38.38186596980529,0.20525381625103764,-3.2377576241986503,-1.5911066316917015,-1.2492627254082436,0.9348548780655221,-9.808812430888295,-5.951508401650088,-4.2079611022782615,3.1385513747203646,-3.598697326063217
pushup_correct_2 copy 2.mp4_004,pushup,correct,3,22,167.24178857671137,170.22332525223,165.854701274438,177.4133581979729,96.80026589344759,57.42831448358262,33.557074522601255,41.2488036099418,0.2050951976931244,-0.10819578986269107,1.3284766300794502,0.07227079703827144,-1.0720699455505667,-4.920732023990041,-3.9974648835914266,-2.258764775247947,2.8669376401365128,3.1295618343359592
pushup_correct_2 copy 2.mp4_004,pushup,correct,4,22,168.41794164548907,170.0678807825425,165.32727973175483,177.6204337444144,94.27434103305357,53.30602265640047,29.914075407811673,44.298638997448535,0.20458328886901525,1.176153068777694,-0.15544446968752368,-0.5274215426831859,0.2070755464415015,-2.5259248603940136,-4.122291827182146,-3.642999114789582,3.0498353875067323,1.284348858640385
pushup_correct_2 copy 2.mp4_004,pushup,correct,5,22,170.29003553642372,168.85772316429913,165.34620025652237,178.5230797631008,89.82247382531487,48.83681304287429,25.756372100676252,47.436545174027536,0.20450194729486845,1.87209389093465,-1.2101576182433575,0.018920524767537472,0.9026460186863972,-4.451867207738701,-4.469209613526182,-4.157703307135421,3.1379061765790013,0.6959408221569561
pushup_correct_2 copy 2.mp4_004,pushup,correct,6,22,170.9256427527512,167.64256152896746,164.452369517972,179.45994182147098,88.09779444245711,49.22206405199785,28.057371309475123,47.20055113624285,0.20429801926408306,0.635607216327486,-1.2151616353316683,-0.8938307385503776,0.936862058370167,-1.724679382857758,0.38525100912355725,2.3009992087988707,-0.23599403778468542,-1.236486674607164
pushup_correct_2 copy 2.mp4_004,pushup,correct,7,22,170.78493110719145,165.60773052659835,163.95611431765806,179.86744761019878,85.94753128974786,48.56256794129222,24.35792067860715,49.11209318780305,0.20449546061665147,-0.14071164555974747,-2.034831002369117,-0.4962552003139251,0.4075057887278035,-2.1502631527092575,-0.659496110705625,-3.6994506308679718,1.9115420515601969,-0.7763188618872334
pushup_correct_2 copy 2.mp4_004,pushup,correct,8,22,169.55172316970567,165.19354721942344,163.38618499272516,179.67688836494077,87.60894454939712,49.96860102018288,25.61486911937163,47.366374290900744,0.20371661922774417,-1.233207937485787,-0.41418330717490903,-0.5699293249329003,-0.19055924525801515,1.6614132596492652,1.4060330788906583,1.2569484407644786,-1.7457188969023036,-1.0924962919260395
pushup_correct_2 copy 2.mp4_004,pushup,correct,9,22,169.33694027008806,165.35436925289073,163.0407785385868,179.39105393708232,90.1565931599417,50.44466761567652,33.83359568675447,46.78893494992385,0.20166903353614032,-0.2147828996176031,0.16082203346729784,-0.3454064541383559,-0.2858344278584468,2.5476486105445844,0.4760665954936414,8.218726567382841,-0.5774393409768948,1.0184250378681838
pushup_correct_2 copy 2.mp4_004,pushup,correct,10,22,169.92754297642765,164.67938665524224,165.85540709382988,179.9545022428098,91.45656534918479,49.1056959947961,31.87181072970443,48.03874756400538,0.20115148037387628,0.5906027063395811,-0.6749825976484942,2.8146285552430754,0.5634483057274906,1.2999721892430784,-1.3389716208804217,-1.9617849570500425,1.2498126140815273,0.8053856059571842
pushup_correct_2 copy 2.mp4_004,pushup,correct,11,22,169.55862532906272,165.6850462322743,166.480138151905,179.96204265934222,92.7390054223685,50.95441429904285,31.71857753960285,47.78783449294528,0.20033266330183308,-0.36891764736492405,1.0056595770320484,0.6247310580751275,0.007540416532407335,1.2824400731837216,1.848718304246752,-0.15323319010157732,-0.2509130710600971,-0.9595203537045052
pushup_correct_2 copy 2.mp4_004,pushup,correct,12,22,169.10708828478738,166.04584130782774,167.61336989923808,179.6340671171025,94.47626709820749,51.01793390020835,31.240535256221083,48.065380006951656,0.20019206793087327,-0.4515370442753408,0.3607950755534546,1.1332317473330704,-0.32797554223972725,1.7372616758389796,0.06351960116549549,-0.47804228338176813,0.27754551400637695,-0.08261939691041675
pushup_correct_2 copy 2.mp4_004,pushup,correct,13,22,168.747149337834,166.4256816203673,168.0179400093049,179.54980697285785,94.71269072618063,51.121862169258605,26.900587698152023,48.5457928827676,0.20100809692632213,-0.3599389469533776,0.37984031253955663,0.4045701100668282,-0.08426014424463801,0.23642362797313865,0.10392826905025743,-4.33994755806906,0.4804128758159436,0.09159809732196322
pushup_correct_2 copy 2.mp4_004,pushup,correct,14,22,169.04696430883996,166.44809183580284,167.66805691021173,179.71290187114624,93.02116115686376,51.242440568587604,22.888488757923316,48.69466666523899,0.20164309468491579,0.2998149710059579,0.022410215435542113,-0.3498830990931765,0.1630948982883922,-1.6915295693168702,0.12057839932899839,-4.012098940228707,0.14887378247139083,0.6597539179593355
pushup_correct_2 copy 2.mp4_004,pushup,correct,15,22,168.90444178853588,166.1528891874199,167.38944760061221,179.9546415827994,94.46250123050201,51.132851056301796,23.923658710725398,48.653291914538435,0.20203978869325603,-0.14252252030408386,-0.29520264838293997,-0.278609309599517,0.24173971165316743,1.4413400736382584,-0.10958951228580815,1.0351699528020823,-0.041374750700555296,-0.44233749131004174
pushup_correct_2 copy 2.mp4_004,pushup,correct,16,22,168.89729237988027,166.12965437609208,166.88691933544882,179.85844478433458,102.7601256414895,51.4210110322533,34.954772957501426,48.42003690800383,0.20146620805631194,-0.007149408655607203,-0.0232348113278249,-0.5025282651633916,-0.09619679846483109,8.297624410987481,0.2881599759515012,11.031114246776028,-0.2332550065346055,0.13537311164847665
pushup_correct_2 copy 2.mp4_004,pushup,correct,17,22,168.4203046292496,166.11643574468758,165.65943872606806,178.872918470715,102.21052147410833,51.51908273747425,35.90476635093041,47.74279331949643,0.20159063158779103,-0.4769877506306557,-0.013218631404498637,-1.2274806093807626,-0.9855263136195731,-0.5496041673811618,0.09807170522095277,0.9499933934289828,-0.6772435885074017,-0.4698383419750485
pushup_correct_2 copy 2.mp4_004,pushup,correct,18,22,168.1912333754645,164.80062021988687,164.9452857117995,175.56650796117597,102.83379230220581,51.05853483282044,37.96804146165759,45.565417395285685,0.2019759753719761,-0.22907125378512205,-1.315815524800712,-0.714153014268561,-3.3064105095390346,0.6232708280974748,-0.4605479046538079,2.063275110727183,-2.177375924210743,0.24791649684553363
pushup_correct_2 copy 2.mp4_004,pushup,correct,19,22,168.59274564236253,163.88379277589775,163.6981382178194,171.13232727192644,99.3093185068366,51.24238987423739,40.340652545999816,41.89267519374105,0.20260414288736542,0.4015122668980382,-0.9168274439891206,-1.2471474939800942,-4.43418068924953,-3.524473795369204,0.18385504141694753,2.372611084342225,-3.6727422015446365,0.6305835206831603
pushup_correct_2 copy 2.mp4_004,pushup,correct,20,22,170.04365756518365,165.01795061956994,163.76557090283274,171.6369691450368,98.78514349981198,55.38045126377419,43.35582093303607,36.63465483436037,0.2039669699741862,1.4509119228211205,1.1341578436721989,0.06743268501332977,0.5046418731103586,-0.524175007024624,4.1380613895368015,3.0151683870362547,-5.25802035938068,1.0493996559230823
pushup_correct_2 copy 2.mp4_004,pushup,correct,21,22,170.32580484949608,165.02217784777625,163.3612749578947,171.56106556802297,101.77897897335873,58.21416658511944,44.95321434654427,34.27520839950579,0.2054664460931577,0.28214728431242975,0.004227228206303835,-0.4042959449380419,-0.07590357701383255,2.9938354735467527,2.8337153213452524,1.5973934135082004,-2.3594464348545756,-1.1687646385086907
pushup_correct_2 copy 2.mp4_004,pushup,correct,22,22,169.586711694624,165.6309523474033,162.2496142979652,172.07041307979225,117.37808611934216,68.42751830804325,48.95414748608019,25.92952183822891,0.20712887428138615,-0.73909315487208,0.6087744996270601,-1.1116606599294983,0.5093475117692776,15.599107145983425,10.213351722923804,4.000933139535917,-8.345686561276882,-1.0212404391845098
pushup_correct_2 copy 2.mp4_005,pushup,correct,1,24,169.16304976600847,168.7810935646291,162.51037103548322,178.38316356185737,108.78675724476233,83.90091308517034,49.296836572345825,22.817760264013128,0.21158895888081003,-0.8959546030391721,1.4040972851952347,-0.15332119636670427,0.79090432612972,-12.879909498694474,-5.919296574614634,-0.5737229155452326,5.055804000971403,-0.7245525293107278
pushup_correct_2 copy 2.mp4_005,pushup,correct,2,24,170.10952413742174,170.03429931862865,163.57882838687632,179.4580497148927,100.03694448497302,67.65659017445205,47.33405173705733,29.073787952776584,0.21099868076860406,0.9464743714132737,1.2532057539995662,1.068457351393107,1.0748861530353224,-8.749812759789307,-16.244322910718296,-1.9627848352884953,6.2560276887634565,1.8424289744524458
pushup_correct_2 copy 2.mp4_005,pushup,correct,3,24,168.19329867752586,171.02193236557022,162.90824049782472,179.81289538216905,96.2868293135411,61.525367171079225,45.71387751860162,33.53020582845589,0.210169591709665,-1.9162254598958839,0.9876330469415677,-0.6705878890516033,0.3548456672763507,-3.750115171431915,-6.131223003372824,-1.620174218455709,4.456417875679307,-2.8626998313091576
pushup_correct_2 copy 2.mp4_005,pushup,correct,4,24,167.19444941676025,170.5084691939351,162.9715765756101,179.4675822901022,93.67671444892254,57.38113160463808,42.86717249477338,37.86686064892931,0.20988736089605103,-0.9988492607656099,-0.5134631716351237,0.06333607778537953,-0.3453130920668457,-2.6101148646185663,-4.1442355664411465,-2.8467050238282425,4.33665482047342,0.917376199130274
pushup_correct_2 copy 2.mp4_005,pushup,correct,5,24,168.36093900068437,170.80070524225812,163.40235489156368,179.40725384233338,90.83743045929708,52.96765661457464,38.283503563650854,41.65792478488832,0.20888998887740148,1.1664895839241183,0.2922360483230193,0.4307783159535745,-0.060328447768824844,-2.839283989625457,-4.413474990063435,-4.583668931122524,3.7910641359590116,2.165338844689728
pushup_correct_2 copy 2.mp4_005,pushup,correct,6,24,168.5094533529396,170.5657589848953,162.3894401601148,179.43217648771946,87.70274951019329,49.999509903345924,40.257742655704234,44.372667706049775,0.2073413396336513,0.14851435225523346,-0.2349462573628216,-1.0129147314488876,0.02492264538608424,-3.134680949103796,-2.9681467112287194,1.9742390920533808,2.714742921161452,-1.0179752316688848
pushup_correct_2 copy 2.mp4_005,pushup,correct,7,24,167.94709183947916,171.51348395628779,161.91804511920927,179.40331279997463,85.45698243852645,47.23522942419651,37.65500731932967,46.097866669012745,0.20544133739232218,-0.5623615134604449,0.9477249713924891,-0.4713950409055201,-0.028863687744831168,-2.245767071666833,-2.764280479149413,-2.6027353363745647,1.7251989629629705,-0.7108758657156784
pushup_correct_2 copy 2.mp4_005,pushup,correct,8,24,169.65698759114693,169.63972961037263,161.62595900559603,178.62853743147275,86.81413221401627,45.515599342769434,36.50170944268752,46.971633726331696,0.20413330921119072,1.7098957516677729,-1.8737543459151595,-0.29208611361323733,-0.7747753685018779,1.357149775489816,-1.719630081427077,-1.1532978766421493,0.8737670573189504,2.272257265128218
pushup_correct_2 copy 2.mp4_005,pushup,correct,9,24,168.73987739472133,169.84487981385035,164.66728540305527,179.57300055240893,89.80766660315244,47.0466701993989,33.26398741190933,46.63235032399547,0.20300798877045492,-0.9171101964255968,0.2051502034777286,3.041326397459244,0.9444631209361773,2.9935343891361725,1.5310708566294693,-3.237722030778187,-0.33928340233622833,-2.6270059480933696
pushup_correct_2 copy 2.mp4_005,pushup,correct,10,24,169.49996755612992,171.57956788722254,167.08079787071748,177.86720730250187,94.35287202897942,46.29667648837381,32.14714238517405,47.86220872624409,0.2023010676113617,0.7600901614085842,1.7346880733721832,2.4135124676622013,-1.7057932499070603,4.545205425826978,-0.7499937110250912,-1.1168450267352839,1.2298584022486239,1.677200357834181
pushup_correct_2 copy 2.mp4_005,pushup,correct,11,24,169.85318289105254,171.19907214544946,168.4772866682734,177.35982245377215,99.02522106677493,47.43466990840986,31.055219370286395,48.52904916620388,0.2018535080116388,0.35321533492262347,-0.38049574177307477,1.396488797555918,-0.5073848487297141,4.672349037795513,1.1379934200360466,-1.091923014887655,0.6668404399597918,-0.40687482648596074
pushup_correct_2 copy 2.mp4_005,pushup,correct,12,24,168.41039260373887,167.63434006912016,168.4941360087031,179.5229313850326,101.41564723672914,46.775321174752634,30.459279150894993,49.97724441757092,0.20133196443806256,-1.4427902873136702,-3.5647320763293067,0.016849340429700987,2.163108931260439,2.3904261699542104,-0.6593487336572252,-0.5959402193914016,1.4481952513670393,-1.7960056222362937
pushup_correct_2 copy 2.mp4_005,pushup,correct,13,24,169.6159491096067,167.99695259374363,169.00345187296628,179.7069648528358,97.0632851463746,47.13171402266779,22.061915785183626,51.441270845788964,0.20159389178561288,1.2055565058678326,0.36261252462347215,0.5093158642631863,0.18403346780320362,-4.352362090354546,0.3563928479151599,-8.397363365711367,1.464026428218041,2.648346793181503
pushup_correct_2 copy 2.mp4_005,pushup,correct,14,24,169.8477343106329,167.56331131970705,169.35019020196893,179.5146980765913,99.04821169815969,48.070119968736314,24.248835603497728,51.57756082582803,0.20077677325594367,0.2317852010261845,-0.4336412740365745,0.34673832900264756,-0.19226677624450872,1.9849265517850938,0.9384059460685208,2.1869198183141023,0.13628998003906645,-0.9737713048416481
pushup_correct_2 copy 2.mp4_005,pushup,correct,15,24,169.74845959854215,167.35459714253616,169.01526622350377,179.6556032454615,92.07729736493897,48.51492246334322,15.21418632194194,51.53074389751199,0.19997223420455815,-0.09927471209073246,-0.20871417717089003,-0.33492397846515587,0.140905168870205,-6.970914333220719,0.444802494606904,-9.034649281555788,-0.046816928316040674,-0.33105991311691696
pushup_correct_2 copy 2.mp4_005,pushup,correct,16,24,169.29851176256597,167.32566934187528,168.47668648239406,179.82962808432956,94.35886284615022,48.81362723457352,17.321237038274774,51.115477460094205,0.1995665924745295,-0.4499478359761895,-0.028927800660881076,-0.5385797411097144,0.17402483886806408,2.2815654812112456,0.29870477123029815,2.107050716332834,-0.4152664374177846,-0.350673123885457
pushup_correct_2 copy 2.mp4_005,pushup,correct,17,24,169.9172882265715,167.22040636690508,168.54192940923073,179.9806665804205,100.52508768330608,49.85865452582997,27.07106642073192,50.297856151770624,0.19932588204235013,0.6187764640055207,-0.1052629749702021,0.06524292683667454,0.15103849609093345,6.166224837155866,1.0450272912564529,9.749829382457147,-0.8176213083235808,1.0687242999817101
pushup_correct_2 copy 2.mp4_005,pushup,correct,18,24,170.68100434388936,167.25864710581394,167.28188751965703,179.9797289701391,97.99638412910443,49.091410931009,33.06986177469721,49.927964804792914,0.2001908584861875,0.7637161173178697,0.038240738908854155,-1.2600418895736993,-0.000937610281397383,-2.5287035542016554,-0.7672435948209682,5.9987953539652885,-0.36989134697770965,0.14493965331234904
pushup_correct_2 copy 2.mp4_005,pushup,correct,19,24,170.4059604566533,166.91305594404682,164.64912700919942,179.67314374767318,96.79233028065511,48.43066629867583,35.98781936543358,47.940076923226464,0.2007481373262975,-0.2750438872360519,-0.3455911617671177,-2.632760510457615,-0.30658522246591247,-1.2040538484493197,-0.66074463233317,2.9179575907363713,-1.9878878815664507,-1.0387600045539216
pushup_correct_2 copy 2.mp4_005,pushup,correct,20,24,170.40196045498914,166.05289091001242,163.2267846285442,177.67487846633603,94.16286083514268,50.307378067515344,38.5011336282187,43.10167284069821,0.20331735674477563,-0.00400000166416703,-0.8601650340343951,-1.4223423806552091,-1.9982652813371544,-2.6294694455124272,1.8767117688395132,2.513314262785123,-4.838404082528257,0.27104388557188486
pushup_correct_2 copy 2.mp4_005,pushup,correct,21,24,170.15129759702592,165.8353082310614,162.64519486411612,176.9513262569277,97.61164679150994,52.820384588187835,42.69397966773047,42.60500728307304,0.20360094948801538,-0.25066285796322063,-0.21758267895103245,-0.5815897644280881,-0.7235522094083251,3.44878595636726,2.5130065206724908,4.192846039511764,-0.49666555762516396,-0.2466628562990536
pushup_correct_2 copy 2.mp4_005,pushup,correct,22,24,170.66035715969522,170.59369327534975,163.95801873364647,179.55980421627885,99.1524314368332,59.17383095552604,44.06462221518312,38.045050844936135,0.20379339025448615,0.5090595626693073,4.75838504428836,1.312823869530348,2.6084779593511485,1.5407846453232565,6.353446367338208,1.370642547452654,-4.559956438136908,0.7597224206325279
pushup_correct_2 copy 2.mp4_005,pushup,correct,23,24,171.18859033971623,171.03316793619155,165.4976714263189,179.77644328456168,105.60561485790058,64.8058228477407,47.78876447297087,33.35591151230551,0.20478984319192556,0.5282331800210045,0.4394746608417961,1.5396526926724334,0.21663906828283075,6.453183421067379,5.631991892214657,3.724142257787747,-4.689139332630624,0.019173617351697203
pushup_correct_2 copy 2.mp4_005,pushup,correct,24,24,170.98739461805798,170.44842719427913,166.85869021211045,179.84262527368085,115.92047682384701,71.93507027943942,50.54521743579459,24.74733634742912,0.2058496011421413,-0.20119572165825161,-0.5847407419124124,1.3610187857915435,0.06618198911917261,10.314861965946434,7.129247431698715,2.7564529628237224,-8.608575164876392,-0.7294289016792561
pushup_correct_2 copy 2.mp4_006,pushup,correct,1,29,170.0259801592878,172.373096542234,162.4995151355938,179.05450596324906,112.86040800546724,74.71963821085538,48.10479795404766,27.336174994097586,0.2082461208957806,0.12102378648719991,0.31428745900294075,-0.9029586431122425,0.3171668348281287,-7.233888696862294,-16.395071984646535,-1.7119959408250196,9.96063471049974,0.8920790734125603
pushup_correct_2 copy 2.mp4_006,pushup,correct,2,29,171.43045430273455,173.95909696011353,164.51359651187786,179.31051584575965,104.0487809663871,67.5779503612417,43.6458961430625,31.27881945407005,0.2082613478729287,1.4044741434467483,1.586000417879518,2.0140813762840537,0.25600988251059675,-8.811627039080136,-7.141687849613675,-4.458901810985161,3.9426444599724633,1.2834503569595483
pushup_correct_2 copy 2.mp4_006,pushup,correct,3,29,170.85713078037656,172.07705677916547,165.08359365499936,179.919342781664,99.06035426353498,63.06254840308382,39.71552505484891,34.812807901874685,0.2073856872282387,-0.5733235223579811,-1.882040180948053,0.5699971431214976,0.6088269359043466,-4.988426702852124,-4.515401958157888,-3.9303710882135903,3.533988447804635,-1.9777976658047294
pushup_correct_2 copy 2.mp4_006,pushup,correct,4,29,171.97551790649672,170.9790489582915,166.29366066818616,179.39956893235183,98.11410259808414,55.64413008423827,36.28297675038482,40.15389698659184,0.20698138715138442,1.1183871261201546,-1.0980078208739883,1.2100670131868014,-0.5197738493121733,-0.9462516654508306,-7.418418318845546,-3.432548304464092,5.341089084717154,1.6917106484781357
pushup_correct_2 copy 2.mp4_006,pushup,correct,5,29,172.08331482729005,171.05397549185454,166.51089547784645,179.3288905678926,94.37958974963315,53.44253925847223,33.76216841381283,42.63721787381191,0.20650953269834757,0.10779692079333358,0.07492653356305823,0.2172348096602832,-0.07067836445921216,-3.73451284845099,-2.20159082576604,-2.5208083365719887,2.4833208872200743,-1.010590205326821
pushup_correct_2 copy 2.mp4_006,pushup,correct,6,29,171.4392025036244,169.32301324662592,166.28691535102655,179.96456242518508,93.5171185803168,50.86714244583362,32.18281864625729,44.36759423837894,0.20640407434100383,-0.6441123236656665,-1.7309622452286249,-0.22398012681989599,0.6356718572924649,-0.8624711693163505,-2.5753968126386084,-1.5793497675555415,1.7303763645670287,-0.7519092444590001
pushup_correct_2 copy 2.mp4_006,pushup,correct,7,29,169.88156619095776,168.69070900995752,163.69964437056373,179.23797976148265,90.84397603091642,50.110525114483586,34.74756677005708,46.158471148354586,0.20593272327331544,-1.5576363126666308,-0.6323042366684035,-2.5872709804628187,-0.7265826637024304,-2.6731425494003815,-0.7566173313500357,2.564748123799788,1.790876909975644,-0.9135239890009643
pushup_correct_2 copy 2.mp4_006,pushup,correct,8,29,170.13289636904216,168.73020128397133,163.53685125383882,178.85161110520116,87.68536304974545,50.06601761664671,33.569544261892005,46.427873731698,0.20482739111987788,0.2513301780844017,0.03949227401380995,-0.16279311672491303,-0.38636865628149053,-3.1586129811709753,-0.04450749783687513,-1.1780225081650713,0.26940258334341394,1.8089664907510326
pushup_correct_2 copy 2.mp4_006,pushup,correct,9,29,171.20010217235676,168.25596931330244,163.6951748007709,178.81380239155868,90.07141612410926,51.391882115183115,40.623967640543256,44.43017310266896,0.20272678191974944,1.0672058033146072,-0.4742319706688818,0.15832354693208117,-0.03780871364247673,2.386053074363815,1.3258644985364043,7.054423378651251,-1.9977006290290404,0.8158756252302055
pushup_correct_2 copy 2.mp4_006,pushup,correct,10,29,170.55000674875305,168.95260554033047,163.92987633206022,179.34739238658943,89.5864296777363,51.82986789202951,39.87704648270446,42.93865306435103,0.20056909710004694,-0.650095423603716,0.6966362270280229,0.2347015312893177,0.5335899950307521,-0.4849864463729574,0.4379857768463964,-0.7469211578387984,-1.4915200383179297,-1.7173012269183232
pushup_correct_2 copy 2.mp4_006,pushup,correct,11,29,170.387302031263,170.01451524457872,165.40824857142766,179.08675378428316,92.07667922937517,51.626396040511466,41.17346795012249,42.58724150985502,0.19886036406862442,-0.162704717490044,1.0619097042482508,1.4783722393674452,-0.26063860230627256,2.4902495516388683,-0.2034718515180458,1.2964214674180354,-0.3514115544960106,0.48739070611367197
pushup_correct_2 copy 2.mp4_006,pushup,correct,12,29,170.86380130231782,169.50529990183404,166.3666973014057,179.86723004933853,93.55274785672044,51.28351477116123,43.17571187958215,44.44561396876649,0.19862931112308596,0.47649927105481993,-0.5092153427446817,0.9584487299780449,0.7804762650553698,1.4760686273452706,-0.34288126935023655,2.0022439294596595,1.858372458911468,0.6392039885448639
pushup_correct_2 copy 2.mp4_006,pushup,correct,13,29,170.79620951331086,169.45960115082931,166.6009384641628,179.56498318258818,92.88335019190255,50.50324307350061,39.85648366704163,45.89494581732534,0.19883624892258925,-0.06759178900696838,-0.045698751004721316,0.23424116275708684,-0.30224686675035173,-0.6693976648178932,-0.7802716976606163,-3.319228212540523,1.449331848558856,-0.5440910600617883
pushup_correct_2 copy 2.mp4_006,pushup,correct,14,29,170.85903927034826,167.65463848115806,167.8280454394371,179.02844366547944,96.56868065193063,50.133699656419424,39.883360192619406,48.15247720765617,0.19862951240389637,0.0628297570374059,-1.804962669671255,1.227106975274296,-0.5365395171087357,3.6853304600280836,-0.3695434170811893,0.026876525577776533,2.2575313903308256,0.13042154604437428
pushup_correct_2 copy 2.mp4_006,pushup,correct,15,29,170.5584889482463,166.07888192583022,167.7698623194976,179.00323433119618,96.94119460771178,50.895852745910204,39.43801174773077,48.44766392582865,0.19899077006432528,-0.3005503221019694,-1.5757565553278425,-0.05818311993948555,-0.025209334283260887,0.37251395578114455,0.7621530894907806,-0.4453484448886371,0.29518671817248077,-0.3633800791393753
pushup_correct_2 copy 2.mp4_006,pushup,correct,16,29,170.47884429747333,165.3784601721045,168.03368046478062,178.39715987423963,99.73288498515855,53.14242247618831,42.37109809964819,49.10242937703406,0.19895355563764383,-0.07964465077296268,-0.7004217537257205,0.26381814528301106,-0.6060744569565486,2.79169037744677,2.246569730278104,2.9330863519174173,0.6547654512054137,0.22090567132900674
pushup_correct_2 copy 2.mp4_006,pushup,correct,17,29,170.42829300130302,166.05916855613154,167.68659382944406,177.88356187634196,100.33140606916682,53.43378259481422,44.10707591240746,49.30454490676582,0.19885354474982014,-0.050551296170311844,0.6807083840270423,-0.34708663533655226,-0.5135979978976764,0.5985210840082686,0.29136011862591005,1.7359778127592733,0.20211552973175628,0.029093354602650834
pushup_correct_2 copy 2.mp4_006,pushup,correct,18,29,169.66836151521588,166.20101722335653,167.1833555114297,178.06163313417923,100.79559443483438,52.089058054184655,47.5733884527571,49.411599840600935,0.19877662883954836,-0.7599314860871402,0.14184866722499123,-0.503238318014354,0.1780712578372743,0.4641883656675674,-1.3447245406295636,3.466312540349641,0.10705493383511566,-0.7093801899168284
pushup_correct_2 copy 2.mp4_006,pushup,correct,19,29,169.92851392044207,166.70972268116284,166.95006195342305,177.93125303846472,101.85662970140831,50.17610213947924,48.1926298270573,49.25978906808614,0.19832357141942877,0.26015240522619365,0.5087054578063146,-0.23329355800666463,-0.13038009571451425,1.0610352665739242,-1.9129559147054138,0.6192413743002021,-0.1518107725147928,1.0200838913133339
pushup_correct_2 copy 2.mp4_006,pushup,correct,20,29,169.85976650105545,167.01302767232065,166.62538417760626,177.9536937296906,97.11634545395853,50.080563480641885,46.45024906120021,49.16124790298976,0.19817471059727904,-0.0687474193866251,0.30330499115780185,-0.3246777758167809,0.022440691225881437,-4.740284247449779,-0.09553865883735568,-1.7423807658570922,-0.09854116509638544,-0.32889982461281875
pushup_correct_2 copy 2.mp4_006,pushup,correct,21,29,169.04974726581506,167.68130276110097,165.37818476641002,178.91966637130008,89.36141190322061,48.37605302983266,44.56167352361394,48.05049652331918,0.19817368786803174,-0.8100192352403894,0.6682750887803195,-1.2471994111962488,0.9659726416094827,-7.754933550737917,-1.7045104508092237,-1.88857553758627,-1.1107513796705746,-0.7412718158537643
pushup_correct_2 copy 2.mp4_006,pushup,correct,22,29,168.11638292619358,168.15534343128203,164.91402961243136,179.26539971179332,87.03203384543528,48.228466085872014,45.11054333569695,46.14284487857649,0.19918648256392257,-0.9333643396214768,0.47404067018106844,-0.4641551539786519,0.3457333404932399,-2.329378057785334,-0.14758694396064698,0.5488698120830122,-1.9076516447426926,-0.12334510438108737
pushup_correct_2 copy 2.mp4_006,pushup,correct,23,29,166.55714430243108,167.65229037422557,163.51519846727754,179.56452385079564,87.46561826763103,49.456118893466574,46.837664647670465,43.23580447444398,0.20000133705532702,-1.5592386237624964,-0.5030530570564622,-1.398831145153821,0.29912413900231627,0.4335844221957501,1.2276528075945592,1.7271213119735123,-2.907040404132509,-0.6258742841410196
pushup_correct_2 copy 2.mp4_006,pushup,correct,24,29,167.9997559852204,165.5149839633363,162.7401325117891,176.4681795887095,89.32728136180761,54.10994607033583,47.66886225902091,39.40300116523111,0.20116116754301128,1.4426116827893054,-2.1373064108892663,-0.7750659554884294,-3.0963442620861485,1.8616630941765777,4.653827176869257,0.8311976113504471,-3.8328033092128706,3.001850306551802
pushup_correct_2 copy 2.mp4_006,pushup,correct,25,29,168.8071653375481,165.43131956200952,163.01393715352515,175.94993121513946,85.63342238391962,55.70036856508885,48.3857975309064,38.88110004864474,0.20283344524991045,0.8074093523277099,-0.08366440132678576,0.27380464173603514,-0.5182483735700316,-3.6938589778879845,1.590422494753021,0.7169352718854896,-0.5219011165863705,-0.6352023304615955
pushup_correct_2 copy 2.mp4_006,pushup,correct,26,29,168.46930519872612,167.08369696630584,163.66838776609868,178.01658234265415,88.55704779342962,58.14068450693138,47.73610317220572,38.99602670506249,0.20431719747785013,-0.3378601388219806,1.6523774042963169,0.6544506125735268,2.066651127514689,2.923625409509995,2.4403159418425275,-0.6496943587006783,0.1149266564177509,-1.1452694911496906
pushup_correct_2 copy 2.mp4_006,pushup,correct,27,29,167.7441477401612,170.8641916837719,164.52141837693767,178.0302736518659,99.18167008111199,62.94416416984086,46.77827783765389,36.05713267318129,0.20582423752027715,-0.7251574585649223,3.7804947174660697,0.8530306108389993,0.013691309211765201,10.62462228768237,4.803479662909481,-0.9578253345518348,-2.9388940318811976,-0.3872973197429417
pushup_correct_2 copy 2.mp4_006,pushup,correct,28,29,166.7004799825252,172.2076224388454,165.4483937694295,175.816089751715,106.69044662471386,67.69340239822397,46.571381134222605,31.357865578924628,0.20688180724369604,-1.0436677576360012,1.3434307550734843,0.926975392491812,-2.214183900150914,7.5087765436018685,4.749238228383106,-0.2068967034312834,-4.6992670942566654,-0.31851029907107886
pushup_correct_2 copy 2.mp4_006,pushup,correct,29,29,165.2403774036192,171.11439367571143,165.56036037961644,175.28213874112072,115.58361911002699,74.29030729157725,46.91564502688395,25.96386797440128,0.2074894002340959,-1.4601025789060031,-1.0932287631339648,0.11196661018695409,-0.5339510105942793,8.89317248531313,6.596904893353283,0.3442638926613455,-5.393997604523349,-0.416434821270002
pushup_correct_2 copy.mp4_000,pushup,correct,1,6,85.89926139072936,88.56739275819413,122.99818576889183,88.69698861033855,77.57622481267168,142.31042498729286,137.17143363511215,174.45026138651468,0.07403559667089259,,,,,,,,,
pushup_correct_2 copy.mp4_000,pushup,correct,2,6,46.47749294981833,53.120239471945105,121.85041580617658,100.67590773000555,139.2010186258095,146.84361049947864,138.51466212923523,173.92167295837828,0.11260114873230541,,,,,,,,,
pushup_correct_2 copy.mp4_000,pushup,correct,3,6,32.235462563122994,25.33471400103668,45.14732716293845,33.39702974384117,159.98866596539446,151.23119828119164,5.125994441148438,103.54017605891471,0.025956577369314456,-14.242030386695333,-27.785525470908425,-76.70308864323813,-67.27887798616437,20.787647339584964,4.387587781712995,-133.3886676880868,-70.38149689946357,25.179738054215704
pushup_correct_2 copy.mp4_000,pushup,correct,4,6,35.6787937248648,18.129319269494736,124.75726761940243,117.89980127463342,127.94958904389404,135.5172160260817,144.11302522487293,163.7887370016266,0.18705377923600816,3.44333116174181,-7.2053947315419435,79.60994045646397,84.50277153079224,-32.039076921500424,-15.713982255109926,138.9870307837245,60.24856094271189,17.685361548437143
pushup_correct_2 copy.mp4_000,pushup,correct,5,6,174.54828849183616,170.715311062542,177.48589492866424,178.77643252624915,142.7433560369653,130.1673567746838,53.07885512399079,14.407694827435284,0.21723971100523595,138.86949476697134,152.58599179304727,52.72862730926181,60.876631251615734,14.793766993071273,-5.349859251397902,-91.03417010088214,-149.38104217419132,135.42616360522953
pushup_correct_2 copy.mp4_000,pushup,correct,6,6,172.03151467495513,170.29753277268725,174.92306939311447,179.11551298227997,140.78666721824618,130.9806893893464,53.160420599672165,14.94322483309455,0.2155140134516029,-2.5167738168810274,-0.41777828985476617,-2.562825535549763,0.33908045603081405,-1.9566888187191296,0.8133326146625848,0.08156547568137285,0.5355300056592665,-141.38626858385237
pushup_correct_2 copy.mp4_001,pushup,correct,1,17,166.1815337318014,167.87455238787018,162.75864299890443,178.03299887807796,109.93749266371917,66.546936288909,41.21694685795336,31.1396942469276,0.2057239778120382,-0.5237916394793274,-0.1789560144558493,-1.7841627338946182,-0.2861454845215974,-6.0269775090661,-7.572196841685823,-1.7447509173356082,4.7802696085301974,0.35103472410835934
pushup_correct_2 copy.mp4_001,pushup,correct,2,17,165.92016468933804,168.75458153603967,161.75268368010012,177.28259879705794,105.24835179308498,57.338512816071876,38.14211434501276,37.26630698817187,0.2045740070489179,-0.26136904246337167,0.8800291481694842,-1.0059593188043152,-0.7504000810200182,-4.689140870634191,-9.208423472837119,-3.0748325129406027,6.126612741244269,0.2624225970159557
pushup_correct_2 copy.mp4_001,pushup,correct,3,17,166.30657420102636,168.42644293478148,162.81551663111756,178.38007495789233,100.15895511610022,52.897343102579654,31.54040290392641,38.66181164245833,0.20303073837345517,0.3864095116883277,-0.32813860125818906,1.062832951017441,1.0974761608343897,-5.089396676984762,-4.441169713492222,-6.601711441086348,1.3955046542864622,0.6477785541516994
pushup_correct_2 copy.mp4_001,pushup,correct,4,17,167.23031729786902,168.64014974691423,163.33903929762707,179.87953226520528,95.6743887080563,48.49581720715377,28.318876331568514,40.881171798745775,0.20151782724650782,0.9237430968426565,0.21370681213275589,0.523522666509507,1.4994573073129516,-4.484566408043918,-4.401525895425884,-3.221526572357895,2.2193601562874434,0.5373335851543288
pushup_correct_2 copy.mp4_001,pushup,correct,5,17,168.1629575841098,167.30314634252835,162.20528163091953,178.31753918828332,90.0373180095171,44.996850467581176,25.458186198127493,41.45638139332493,0.19927778860587253,0.932640286240769,-1.3370034043858823,-1.1337576667075382,-1.561993076921965,-5.637070698539205,-3.4989667395725945,-2.8606901334410217,0.5752095945791567,0.00889718939811246
pushup_correct_2 copy.mp4_001,pushup,correct,6,17,169.08267754419205,167.5170390156984,163.05898982412614,179.07424185229067,86.7232688324758,42.43990241972215,24.027073386119582,44.51426453963498,0.19820708787120697,0.9197199600822614,0.21389267317005078,0.8537081932066144,0.7567026640073493,-3.314049177041298,-2.5569480478590236,-1.4311128120079104,3.057883146310047,-0.012920326158507578
pushup_correct_2 copy.mp4_001,pushup,correct,7,17,167.90165558697467,167.11618644394323,161.04900990652257,178.79257482074976,84.418618711609,40.36880731726914,26.103719641670995,47.19771914736906,0.19627398104191332,-1.1810219572173821,-0.4008525717551663,-2.009979917603573,-0.28166703154090555,-2.304650120866796,-2.0710951024530146,2.076646255551413,2.6834546077340775,-2.1007419172996435
pushup_correct_2 copy.mp4_001,pushup,correct,8,17,170.72960995730912,168.1435608579292,162.5074669326191,177.62243498024458,87.05237347140246,40.049927438365735,25.06267025572795,48.07236999596655,0.19749389562874758,2.827954370334453,1.0273744139859673,1.4584570260965393,-1.1701398405051862,2.6337547597934616,-0.3188798789034024,-1.0410493859430439,0.87465084859749,4.008976327551835
pushup_correct_2 copy.mp4_001,pushup,correct,9,17,171.05467000346587,171.45049341938537,163.62900061069578,178.53703775908866,89.97303190864821,41.102993472117944,25.72122289497061,47.15499268356452,0.1973725959352878,0.3250600461567501,3.306932561456165,1.1215336780766734,0.9146027788440847,2.9206584372457485,1.0530660337522093,0.6585526392426573,-0.9173773124020244,-2.502894324177703
pushup_correct_2 copy.mp4_001,pushup,correct,10,17,169.82701869991237,170.1080682546089,163.4638035715212,178.7170121661347,92.02215265202743,42.06339646989333,27.154015422544894,47.27902634770951,0.19880420981747296,-1.2276513035535004,-1.342425164776472,-0.16519703917458628,0.17997440704604628,2.04912074337922,0.9604029977753825,1.4327925275742857,0.12403366414498862,-1.5527113497102505
pushup_correct_2 copy.mp4_001,pushup,correct,11,17,168.80308406737606,170.1582360660171,163.48879622288374,178.8704374057422,95.76398022650024,44.558466780180225,30.853937560492845,45.405106095387445,0.19891826000230373,-1.0239346325363101,0.05016781140821536,0.024992651362538254,0.15342523960748622,3.741827574472808,2.4950703102868985,3.6999221379479508,-1.8739202523220655,0.20371667101719027
pushup_correct_2 copy.mp4_001,pushup,correct,12,17,170.41447269697414,170.5124726856452,164.26452057579797,179.22827907833553,96.0555616750294,45.73531596550474,30.84181978372088,45.16748176380461,0.1994837504425696,1.611388629598082,0.3542366196280966,0.7757243529142386,0.357841672593338,0.2915814485291577,1.1768491853245138,-0.012117776771965794,-0.23762433158283613,2.635323262134392
pushup_correct_2 copy.mp4_001,pushup,correct,13,17,171.09462067197657,171.1323017761636,164.24712959887196,179.02963119953296,96.64381989163958,46.976387344943916,31.251683787634875,42.86790054254535,0.2013438723612307,0.6801479750024271,0.6198290905183796,-0.017390976926009216,-0.19864787880257495,0.5882582166101855,1.2410713794391768,0.40986400391399513,-2.2995812212592597,-0.9312406545956549
pushup_correct_2 copy.mp4_001,pushup,correct,14,17,172.47544403847482,171.34380903655642,165.5665459432732,179.122649631033,98.37307056984945,47.575391317770126,29.16972266725129,41.93161179101399,0.20091294373950358,1.380823366498248,0.2115072603928354,1.3194163444012474,0.09301843150004174,1.7292506782098656,0.5990039728262104,-2.0819611203835855,-0.9362887515313574,0.700675391495821
pushup_correct_2 copy.mp4_001,pushup,correct,15,17,172.05008988156771,171.72632453079135,166.88507930720962,179.08031733945492,104.35291215530337,49.54644172676683,28.879427531308284,41.13354858239784,0.20435127636278827,-0.42535415690710465,0.3825154942349229,1.3185333639364103,-0.042332291578077275,5.979841585453926,1.9710504089967031,-0.2902951359430048,-0.7980632086161492,-1.8061775234053528
pushup_correct_2 copy.mp4_001,pushup,correct,16,17,171.1301673227887,170.18581036439386,166.91273868570062,178.1895357167263,109.32463939992464,56.64164834794315,31.303299973849207,36.75160920724503,0.20533697904978276,-0.9199225587790067,-1.540514166397486,0.027659378490994868,-0.8907816227286105,4.971727244621263,7.095206621176324,2.4238724425409224,-4.381939375152811,-0.4945684018719021
pushup_correct_2 copy.mp4_001,pushup,correct,17,17,170.2056841880863,168.63186705469778,165.06877713664548,174.45809346418906,116.08076027982376,66.64960153273033,36.5860191042597,29.201238424055944,0.20753645868446813,-0.924483134702399,-1.5539433096960806,-1.8439615490551375,-3.7314422525372493,6.756120879899129,10.007953184787176,5.2827191304104915,-7.550370783189088,-0.004560575923392207
pushup_correct_2 copy.mp4_002,pushup,correct,1,21,173.9459459663717,171.08735556994108,166.583845921586,177.0764963062242,108.2730537652225,70.07371798378036,44.28985356195023,28.309486777544016,0.20772212427978495,-0.13291549599102837,-0.21457758435664687,0.2887885790137261,-0.8722845289326528,-6.180454979714085,-11.116966237040842,-2.776162890163782,11.630770403961996,-0.6496590732293441
pushup_correct_2 copy.mp4_002,pushup,correct,2,21,173.92077496886242,171.30592241994563,165.20714716208153,178.9318875347243,100.75002132391306,61.491400864926646,40.95493408726946,33.28511601704804,0.2058330107429277,-0.025170997509292192,0.21856685000454945,-1.3766987595044782,1.8553912285001104,-7.523032441309439,-8.582317118853709,-3.334919474680774,4.975629239504023,0.10774449848173617
pushup_correct_2 copy.mp4_002,pushup,correct,3,21,173.98392834452594,170.66130883014083,164.37607965945378,179.71729861767813,96.72790034332982,57.09805564633433,38.914128017626965,35.86805638276291,0.20522713756989586,0.06315337566351786,-0.6446135898048055,-0.8310675026277465,0.7854110829538286,-4.022120980583239,-4.393345218592316,-2.0408060696424926,2.582940365714869,0.08832437317281006
pushup_correct_2 copy.mp4_002,pushup,correct,4,21,175.36405753990041,171.16724222935784,165.02460798877283,178.64208568737462,91.82794747423337,49.038604662950846,33.04039312925429,40.34262599530851,0.2046440092078723,1.3801291953744794,0.5059333992170139,0.6485283293190491,-1.0752129303035076,-4.8999528690964524,-8.059450983383485,-5.873734888372674,4.474569612545601,1.3169758197109616
pushup_correct_2 copy.mp4_002,pushup,correct,5,21,175.01409384755598,170.74375120057292,164.874988726307,177.72451620084968,88.30168521959625,47.892114354190966,31.248848611184034,41.58124177240864,0.20291840735757832,-0.34996369234443137,-0.4234910287849232,-0.14961926246581925,-0.9175694865249397,-3.5262622546371176,-1.14649030875988,-1.791544518070257,1.2386157771001294,-1.7300928877189108
pushup_correct_2 copy.mp4_002,pushup,correct,6,21,174.19659946735425,170.2343893848944,164.35193127836567,178.2142837994536,84.57523614454406,46.691379725090215,23.57166940262603,44.37557740831669,0.20040811951094634,-0.8174943802017367,-0.5093618156785169,-0.5230574479413406,0.48976759860391894,-3.7264490750521873,-1.2007346291007508,-7.677179208558005,2.7943356359080482,-0.46753068785730534
pushup_correct_2 copy.mp4_002,pushup,correct,7,21,175.04518894410356,170.51587056403386,163.83188083293737,179.0061332228613,79.14441009790544,45.672837719196,20.632211823258903,46.0236574313358,0.2007720845636087,0.8485894767493107,0.2814811791394618,-0.5200504454282964,0.7918494234077116,-5.430826046638629,-1.0185420058942114,-2.939457579367126,1.6480800230191122,1.6660838569510474
pushup_correct_2 copy.mp4_002,pushup,correct,8,21,174.75924975204666,170.92460229081283,162.62979769690867,178.74382995936097,79.78286442257307,43.625377990428774,24.401265643912375,47.13693809799988,0.2011312547700626,-0.285939192056901,0.4087317267789672,-1.2020831360287048,-0.2623032635003426,0.6384543246676344,-2.0474597287672296,3.769053820653472,1.1132806666640818,-1.1345286688062117
pushup_correct_2 copy.mp4_002,pushup,correct,9,21,173.90231484783985,170.5195024045398,163.2739518446116,178.93215606654957,82.66381176198108,46.10750333156162,27.16892033164044,47.264357935611415,0.19997053983273458,-0.8569349042068097,-0.4050998862730353,0.6441541477029205,0.1883261071886011,2.88094733940801,2.4821253411328428,2.767654687728065,0.12741983761153364,-0.5709957121499087
pushup_correct_2 copy.mp4_002,pushup,correct,10,21,171.80021426622434,169.81028492496924,164.27174181852106,179.5965347894808,86.40317172399122,49.085801386599464,27.354995635870935,45.54556424841538,0.19669302475541078,-2.1021005816155025,-0.7092174795705546,0.9977899739094767,0.6643787229312466,3.739359962010141,2.978298055037847,0.18607530423049568,-1.7187936871960332,-1.2451656774086928
pushup_correct_2 copy.mp4_002,pushup,correct,11,21,170.5927389202105,168.90193306093948,164.05236543101591,179.49015637494463,90.57731232966158,50.12274199540815,28.75203478065896,46.17228756570981,0.19628522475631607,-1.2074753460138368,-0.9083518640297541,-0.2193763875051502,-0.1063784145361808,4.17414060567036,1.0369406088086848,1.3970391447880246,0.6267233172944273,0.8946252356016657
pushup_correct_2 copy.mp4_002,pushup,correct,12,21,169.78211971570443,168.2602915715499,164.40719136050677,179.01136394917347,93.03342781657655,51.21558060735391,27.9971746517065,46.76176394542183,0.19703388517428896,-0.8106192045060823,-0.6416414893895706,0.35482592949085756,-0.4787924257711609,2.4561154869149675,1.0928386119457585,-0.7548601289524584,0.5894763797120248,0.3968561415077545
pushup_correct_2 copy.mp4_002,pushup,correct,13,21,169.45766998628025,167.4781603339687,163.84692276125878,179.09527110757824,93.67154103622512,52.61427591174173,29.350816492922288,46.5702430968901,0.1969273261057974,-0.32444972942417394,-0.7821312375812113,-0.5602685992479906,0.08390715840477014,0.6381132196485737,1.3986953043878216,1.3536418412157865,-0.1915208485317308,0.48616947508190833
pushup_correct_2 copy.mp4_002,pushup,correct,14,21,169.53864935805672,167.12339831538577,163.67057628562955,179.4593717115603,95.85022467596882,53.11961873366956,35.13805624394863,47.00082872870221,0.19632255696019862,0.08097937177646486,-0.35476201858293166,-0.17634647562923078,0.36410060398205246,2.1786836397436957,0.5053428219278331,5.787239751026345,0.4305856318121073,0.4054291012006388
pushup_correct_2 copy.mp4_002,pushup,correct,15,21,169.69838511398612,166.7571138623773,163.23157953696074,178.25790688702673,93.29471525184628,50.86561625396607,33.27972608006381,46.422500952913055,0.19768440271572138,0.15973575592940392,-0.36628445300846124,-0.43899674866881355,-1.2014648245335593,-2.5555094241225333,-2.2540024797034945,-1.8583301638848226,-0.5783277757891554,0.07875638415293906
pushup_correct_2 copy.mp4_002,pushup,correct,16,21,169.58553787071398,166.63920510646722,161.01922974354696,174.86330655769459,91.34822802131043,51.56448746121517,32.3851271448583,43.710382340381855,0.19941036257837705,-0.11284724327214235,-0.11790875591009353,-2.212349793413779,-3.3946003293321496,-1.9464872305358512,0.6988712072491055,-0.8945989352055079,-2.7121186125311993,-0.27258299920154627
pushup_correct_2 copy.mp4_002,pushup,correct,17,21,168.9244352390871,166.75537240827404,159.16465569784555,173.4036253435245,89.51628422334556,52.603929740854305,31.286769198289466,41.55857446820022,0.20059371062185619,-0.6611026316268749,0.11616730180682566,-1.854574045701412,-1.4596812141700752,-1.8319437979648683,1.0394422796391325,-1.0983579465688358,-2.151807872181635,-0.5482553883547325
pushup_correct_2 copy.mp4_002,pushup,correct,18,21,169.54339465520218,167.78732127287603,160.41554967505508,172.79286160564854,93.72187201009989,55.217952919872005,32.03452684127857,38.004032946176515,0.20291272075851483,0.6189594161150751,1.0319488646019863,1.2508939772095289,-0.6107637378759705,4.205587786754322,2.6140231790176998,0.7477576429891037,-3.5545415220237047,1.28006204774195
pushup_correct_2 copy.mp4_002,pushup,correct,19,21,169.78415999521994,168.47072842675573,162.58256209182056,172.27444177167354,99.0808293274072,55.882891985314856,35.02897671960005,37.44356570391333,0.20424996483332905,0.2407653400177594,0.6834071538796991,2.1670124167654876,-0.5184198339750026,5.358957317307315,0.6649390654428515,2.9944498783214826,-0.5604672422631864,-0.3781940760973157
pushup_correct_2 copy.mp4_002,pushup,correct,20,21,172.95378486554324,168.36650164193082,165.58438732110156,172.19487229387784,108.64487769845117,64.0266843924392,40.7336898111423,30.041554522310253,0.20534564132101407,3.169624870323304,-0.10422678482490255,3.001825229280996,-0.079569477795701,9.564048371043967,8.143792407124337,5.704713091542246,-7.402011181603076,2.9288595303055445
pushup_correct_2 copy.mp4_002,pushup,correct,21,21,174.3334257379593,167.8085392160245,166.9790599653849,173.24997126577,117.8952415993796,74.4905699305117,45.933822771741,23.39850036080134,0.20696365076327636,1.3796408724160472,-0.557962425906311,1.3946726442833324,1.0550989718921642,9.250363900928434,10.463885538072503,5.200132960598701,-6.643054161508914,-1.7899839979072567
pushup_correct_2 copy.mp4_003,pushup,correct,1,21,174.6443887053336,170.21320760937326,166.30056178643605,179.80122787925367,110.36322197033952,71.55979521420582,48.10178796793493,27.449738747854656,0.2089186963164953,0.9403363832701359,0.1516377147328285,0.28552547492438407,0.411484320719552,-10.056565957475286,-14.041251897534295,-0.2175668116567948,9.17213212012496,0.18288364013099567
pushup_correct_2 copy.mp4_003,pushup,correct,2,21,175.1139499895536,170.81247502949861,166.6117076800891,179.55196684986095,101.62927979251572,60.65242572725191,46.560831061696256,33.63546334888738,0.20710632723399752,0.4695612842199921,0.5992674201253578,0.31114589365304823,-0.2492610293927271,-8.733942177823806,-10.907369486953911,-1.5409569062386765,6.185724601032721,-0.4707750990501438
pushup_correct_2 copy.mp4_003,pushup,correct,3,21,174.37361078726755,171.11670637201945,165.52006201210358,179.96629706567037,99.05549446932598,59.12653164525303,43.13036371623655,35.23560171781806,0.20606979401509842,-0.7403392022860373,0.3042313425208363,-1.0916456679855173,0.41433021580942864,-2.573785323189739,-1.525894081998878,-3.4304673454597037,1.6001383689306792,-1.2099004865060294
pushup_correct_2 copy.mp4_003,pushup,correct,4,21,175.10682486690115,169.3126262422127,164.5299389875174,178.6877613276178,91.60154109716584,53.92136967576633,38.42425027336966,39.584827372997715,0.20599433643723852,0.7332140796335977,-1.8040801298067493,-0.9901230245861825,-1.2785357380525681,-7.453953372160143,-5.205161969486703,-4.706113442866894,4.349225655179659,1.473553281919635
pushup_correct_2 copy.mp4_003,pushup,correct,5,21,175.23219054462893,170.41816464032414,163.94152416902855,177.13614297681244,92.66532802082578,49.70422653534754,35.742543691417616,42.08346947753867,0.20624716764009632,0.1253656777277854,1.1055383981114346,-0.5884148184888431,-1.55161835080537,1.063786923659947,-4.217143140418791,-2.6817065819520423,2.4986421045409557,-0.6078484019058124
pushup_correct_2 copy.mp4_003,pushup,correct,6,21,174.72069210971787,170.1882382497503,163.57962294064214,176.87879720032132,85.7980190963469,48.226047715979625,30.59192292312123,43.735854409876005,0.2055392289263353,-0.5114984349110614,-0.22992639057383712,-0.36190122838641514,-0.2573457764911211,-6.867308924478877,-1.478178819367912,-5.150620768296385,1.652384932337334,-0.6368641126388468
pushup_correct_2 copy.mp4_003,pushup,correct,7,21,174.63079115224573,171.48448211479814,162.54619301590884,178.2054965708745,81.54811313226237,46.7767661112906,29.12992527021341,45.51778434064834,0.20459555510075503,-0.089900957472139,1.2962438650478418,-1.0334299247332979,1.3266993705531718,-4.249905964084533,-1.449281604689027,-1.4619976529078222,1.7819299307723355,0.4215974774389224
pushup_correct_2 copy.mp4_003,pushup,correct,8,21,173.6353305891662,172.6295803579695,162.15316628748488,179.72276588965772,80.72585098850618,45.997286358803855,27.67163753704225,46.93934492975283,0.20351383158616854,-0.995460563079547,1.1450982431713612,-0.3930267284239619,1.5172693187832351,-0.8222621437561912,-0.7794797524867434,-1.458287733171158,1.4215605891044873,-0.905559605607408
pushup_correct_2 copy.mp4_003,pushup,correct,9,21,173.07406586818223,172.62786519937356,163.35825978838992,179.99825808268199,85.3234522395153,47.72322925934399,30.4657270768686,46.95480975842503,0.2019235136383971,-0.5612647209839565,-0.001715158595942512,1.2050935009050363,0.2754921930242631,4.597601251009124,1.725942900540133,2.7940895398263486,0.015464828672200781,0.4341958420955905
pushup_correct_2 copy.mp4_003,pushup,correct,10,21,170.65440467617842,171.22367511353283,165.47166134748272,179.86944195947393,88.94481016411335,48.590709524452045,30.216547514806752,46.623903799950895,0.20118389467758793,-2.419661192003815,-1.4041900858407246,2.1134015590928072,-0.12881612320805402,3.621357924598044,0.8674802651080569,-0.24917956206184755,-0.3309059584741334,-1.8583964710198586
pushup_correct_2 copy.mp4_003,pushup,correct,11,21,170.28640187058062,169.23180415403283,166.38043502382013,179.4830798804553,93.46749894624058,49.926933604983276,32.407089739957364,47.168338443280135,0.200383409326718,-0.3680028055977971,-1.9918709595000053,0.9087736763374039,-0.3863620790186246,4.522688782127233,1.336224080531231,2.1905422251506117,0.5444346433292395,2.051658386406018
pushup_correct_2 copy.mp4_003,pushup,correct,12,21,170.0903146363502,167.0697659069602,165.54810001964148,179.1098910233575,96.5433344256185,51.16835635286336,41.42023658829127,47.522022384621145,0.19974448787478358,-0.19608723423041852,-2.1620382470726156,-0.8323350041786455,-0.3731888570978015,3.075835479377915,1.2414227478800868,9.013146848333903,0.35368394134101067,0.17191557136737856
pushup_correct_2 copy.mp4_003,pushup,correct,13,21,169.85420845312413,166.88419526098932,165.59693283000803,178.96154854298376,96.28473283447762,51.507144403969114,40.370471107592444,47.176016353544426,0.1989713267019874,-0.23610618322607024,-0.18557064597089834,0.048832810366548074,-0.1483424803737421,-0.25860159114087367,0.3387880511057517,-1.0497654806988237,-0.346006031076719,-0.040018948995651726
pushup_correct_2 copy.mp4_003,pushup,correct,14,21,168.6334802277112,167.03748117282052,164.8857323643776,179.86114324147994,96.54048173790966,51.46903216908061,39.86708461760767,47.52140634831543,0.198911430607301,-1.2207282254129268,0.15328591183120466,-0.7112004656304407,0.8995946984961734,0.2557489034320355,-0.03811223488850146,-0.5033864899847771,0.3453899947710042,-0.9846220421868566
pushup_correct_2 copy.mp4_003,pushup,correct,15,21,169.26424582282226,167.12485537556356,165.14477389893898,179.64731148086182,94.87586383162439,50.301970651376855,39.74259810425431,47.09270435682003,0.1991037120524946,0.6307655951110576,0.08737420274303531,0.25904153456139056,-0.21383176061812037,-1.6646179062852724,-1.1670615177037575,-0.1244865133533537,-0.42870199149540156,1.8514938205239844
pushup_correct_2 copy.mp4_003,pushup,correct,16,21,168.10190834672852,167.89088248891298,164.0026464241313,177.80523219217903,93.43704872669922,51.06095607082791,40.22505972155,44.80160363345639,0.199533332037802,-1.1623374760937395,0.7660271133494234,-1.1421274748076655,-1.8420792886827826,-1.438815104925169,0.7589854194510579,0.4824616172956837,-2.291100723363641,-1.793103071204797
pushup_correct_2 copy.mp4_003,pushup,correct,17,21,169.44046647023336,168.47794772014527,163.6738470922544,176.08598963966878,92.8015677210661,52.938805977527835,42.37982816473601,40.62977022675013,0.2005670439022927,1.3385581235048392,0.5870652312322875,-0.32879933187692245,-1.7192425525102522,-0.6354810056331104,1.8778499066999217,2.154768443186015,-4.171833406706256,2.5008955995985787
pushup_correct_2 copy.mp4_003,pushup,correct,18,21,172.06092295842433,169.95052750332815,164.70109773967863,177.60109674408088,96.7486500487223,58.26669984724823,42.14595591296289,37.4629911341226,0.2007226716447587,2.6204564881909675,1.47257978318288,1.027250647424239,1.5151071044120954,3.94708232765619,5.327893869720398,-0.23387225177312132,-3.1667790926275288,1.2818983646861284
pushup_correct_2 copy.mp4_003,pushup,correct,19,21,174.150368328149,170.13107084956565,166.60567058768441,177.57301810168016,104.68776661669153,65.32037135235392,41.197849048529044,32.55779201294618,0.20162778400274653,2.0894453697246718,0.18054334623749924,1.9045728480057846,-0.02807864240071467,7.939116567969236,7.053671505105683,-0.9481068644338464,-4.905199121176423,-0.5310111184662958
pushup_correct_2 copy.mp4_003,pushup,correct,20,21,174.2381593565422,169.90170055875242,168.2205918654969,178.43666674617043,109.4619491454005,68.44243279614138,41.04681652210712,27.58195833191357,0.20299614521182796,0.0877910283932124,-0.2293702908132218,1.614921277812499,0.8636486444902687,4.7741825287089625,3.1220614437874588,-0.1510325264219219,-4.975833681032611,-2.0016543413314594
pushup_correct_2 copy.mp4_003,pushup,correct,21,21,174.63645068436458,169.49951247770662,171.02333209877648,179.2992035728629,117.71425390915215,90.25714036861832,39.625142005525795,26.509513823872233,0.2058415549971913,0.39829132782236343,-0.40218808104580717,2.8027402332795646,0.8625368266924625,8.252304763751653,21.814707572476948,-1.4216745165813265,-1.072444508041336,0.310500299429151
pushup_correct_2 copy.mp4_004,pushup,correct,1,22,170.98592961587735,170.41314816056297,167.45490461389133,176.95554993782466,108.55751562475777,67.73540578295815,39.015133112909155,35.499506026521026,0.2072291532208089,0.7225984913700643,0.43703391847313355,1.60492911717688,-2.12046002400686,-8.316409409669305,-6.502915632651792,-5.233429096404585,6.69640140489631,1.3052906635275576
pushup_correct_2 copy.mp4_004,pushup,correct,2,22,168.29514254824895,168.90853990537283,166.3064098931855,178.61988139798282,100.66739512232039,61.56263944649034,35.24905147887353,39.024249606817335,0.20575886485168682,-2.6907870676284062,-1.504608255190135,-1.148494720705827,1.6643314601581665,-7.890120502437384,-6.1727663364678165,-3.766081634035622,3.5247435802963096,-3.4133855589984705
pushup_correct_2 copy.mp4_004,pushup,correct,3,22,168.10345276851365,170.35986958448012,166.40002002897455,177.77339899125337,96.67144733944892,56.90954910130743,31.66689981536087,42.04109982008767,0.20530816318606843,-0.19168977973529877,1.451329679107289,0.09361013578904931,-0.8464824067294501,-3.9959477828714682,-4.65309034518291,-3.5821516635126613,3.016850213270338,2.4990972878931075
pushup_correct_2 copy.mp4_004,pushup,correct,4,22,168.8696591445326,171.02883667915057,165.0573645395451,177.44469746420762,92.69435527768535,53.21737888107746,28.40508667100303,44.49463229913544,0.20496381056645072,0.7662063760189426,0.6689670946704496,-1.3426554894294611,-0.3287015270457516,-3.977092061763571,-3.6921702202299684,-3.2618131443578413,2.453532479047766,0.9578961557542414
pushup_correct_2 copy.mp4_004,pushup,correct,5,22,170.49451975890875,170.10013958319348,165.43982319639522,177.88564105762578,89.57840240262327,49.069283340127875,25.13131821426015,47.76590934206233,0.20507710755349312,1.6248606143761606,-0.9286970959570908,0.38245865685013314,0.4409435934181545,-3.115952875062078,-4.148095540949583,-3.2737684567428786,3.27127704292689,0.858654238357218
pushup_correct_2 copy.mp4_004,pushup,correct,6,22,170.94791058924469,168.78786654282612,164.13888344962018,178.685126530815,87.3912407259549,49.5261746684094,28.000766457752377,47.19912524199778,0.20504194554477215,0.45339083033593397,-1.3122730403673586,-1.3009397467750432,0.799485473189236,-2.1871616766683672,0.4568913282815288,2.8694482434922257,-0.5667841000645524,-1.1714697840402266
pushup_correct_2 copy.mp4_004,pushup,correct,7,22,171.13893541211206,167.41420559709388,163.94894588531125,178.80720086105163,84.78974752949038,47.977893174695815,23.248432347137214,49.68354445365946,0.20503174806850658,0.19102482286737654,-1.3736609457322402,-0.18993756430893427,0.12207433023661451,-2.601493196464517,-1.5482814937135885,-4.752334110615163,2.484419211661681,-0.2623660074685574
pushup_correct_2 copy.mp4_004,pushup,correct,8,22,170.18482787377422,166.35407596629693,164.52917567071339,178.9071975161862,85.06849726627752,47.9057960982002,22.37849460796717,48.36978150033009,0.2038207919029557,-0.954107538337837,-1.0601296307969506,0.580229785402139,0.0999966551345608,0.2787497367871339,-0.07209707649561636,-0.8699377391700445,-1.3137629533293662,-1.1451323612052136
pushup_correct_2 copy.mp4_004,pushup,correct,9,22,169.61719694036395,165.17385407986265,163.23876102728897,179.91325696047255,91.0882521388398,47.507380969087656,34.89215951224564,48.07406893894612,0.20214506130892476,-0.5676309334102712,-1.180221886434282,-1.2904146434244126,1.0060594442863646,6.019754872562288,-0.39841512911254284,12.513664904278471,-0.2957125613839722,0.38647660492756586
pushup_correct_2 copy.mp4_004,pushup,correct,10,22,170.14206307757988,164.53257104519363,167.13612344554966,179.91796609900894,93.06258690056931,49.791473614154945,32.56197332277936,48.71935851105924,0.20093665158501847,0.5248661372159233,-0.6412830346690157,3.897362418260684,0.004709138536384216,1.9743347617295086,2.2840926450672896,-2.330186189466282,0.6452895721131213,1.0924970706261945
pushup_correct_2 copy.mp4_004,pushup,correct,11,22,169.74568502394928,165.26586348074514,168.21567283042455,179.82775659776735,93.56445068167041,51.53196660098216,30.852897568866695,47.74879671375155,0.20002767170065047,-0.39637805363059897,0.7332924355515047,1.0795493848748947,-0.09020950124158844,0.5018637811010933,1.7404929868272134,-1.7090757539126642,-0.9705617973076883,-0.9212441908465223
pushup_correct_2 copy.mp4_004,pushup,correct,12,22,168.42773917644064,165.44093941408326,168.3744719242135,179.84134300661924,93.69734145645593,52.09434176487524,29.515343210775477,47.48898012562531,0.19967762172892933,-1.3179458475086392,0.1750759333381211,0.15879909378895718,0.013586408851892884,0.13289077478552258,0.5623751638930798,-1.337554358091218,-0.25981658812624175,-0.9215677938780402
pushup_correct_2 copy.mp4_004,pushup,correct,13,22,168.47363471615702,165.9473013988572,168.275451478323,179.8359317283275,95.62881586140212,51.366858371754425,29.86525980248726,48.25827557831364,0.20070278310833026,0.04589553971638338,0.506361984773946,-0.09902044589051684,-0.0054112782917457025,1.9314744049461865,-0.7274833931208136,0.34991659171178213,0.7692954526883327,1.3638413872250226
pushup_correct_2 copy.mp4_004,pushup,correct,14,22,168.48153590787015,165.59417350279725,167.8043390336603,179.9024625786938,96.50634166500244,51.38874980585789,28.605086970032374,48.646425566628494,0.20167211140954344,0.007901191713131084,-0.3531278960599593,-0.47111244466267976,0.06653085036629136,0.8775258036003208,0.021891434103466167,-1.2601728324548844,0.3881499883148507,-0.0379943480032523
pushup_correct_2 copy.mp4_004,pushup,correct,15,22,168.39648139987494,165.68214686589667,167.59034465199474,179.85435893896775,97.58246062124319,52.28904217983943,28.88477886325889,48.49314224878886,0.20195814598033152,-0.08505450799520986,0.08797336309942239,-0.2139943816655716,-0.04810363972603682,1.076118956240748,0.9002923739815358,0.27969189322651644,-0.15328331783963733,-0.09295569970834094
pushup_correct_2 copy.mp4_004,pushup,correct,16,22,168.42867306764492,165.64574323417116,167.09115942382013,179.99354908717336,100.7179018475918,52.5324870098541,35.545806500750395,48.28891814254803,0.2013536232500256,0.03219166776997895,-0.03640363172550565,-0.49918522817461053,0.13919014820561415,3.135441226348618,0.2434448300146741,6.661027637491504,-0.20422410624082943,0.11724617576518881
pushup_correct_2 copy.mp4_004,pushup,correct,17,22,168.12439557557013,165.40648511134845,165.81547050409114,178.12120283395922,100.7696635585062,52.60460790638458,35.4074093236826,47.25815999051616,0.20156870666553386,-0.3042774920747888,-0.23925812282271863,-1.2756889197289922,-1.8723462532141468,0.0517617109143913,0.07212089653047826,-0.13839717706779453,-1.030758152031865,-0.3364691598447678
pushup_correct_2 copy.mp4_004,pushup,correct,18,22,168.04557358336086,164.45102034643543,164.86277648965284,174.79745782969698,101.78289281949962,50.25664850254886,37.3352558278716,45.27291580322843,0.20197255155976385,-0.07882199220927077,-0.9554647649130175,-0.9526940144382934,-3.3237450042622356,1.0132292609934268,-2.3479594038357163,1.9278465041889987,-1.9852441872877336,0.22545549986551805
pushup_correct_2 copy.mp4_004,pushup,correct,19,22,168.45844115570506,163.45971363914583,163.8884203819431,170.47233557524936,101.38843773931106,51.04841506243981,40.05582123605871,41.91969714363505,0.20300502508236434,0.41286757234419724,-0.9913067072895956,-0.9743561077097525,-4.325122254447621,-0.394455080188564,0.7917665598909451,2.720565408187113,-3.353218659593381,0.491689564553468
pushup_correct_2 copy.mp4_004,pushup,correct,20,22,169.26349737059928,164.5160699935421,163.37636930425933,170.85501918558134,99.59621451635338,55.26358149241377,43.00390334748103,36.87101159306496,0.2044306348787764,0.805056214894222,1.0563563543962573,-0.5120510776837648,0.3826836103319806,-1.7922232229576736,4.215166429973962,2.948082111422316,-5.048685550570092,0.3921886425500247
pushup_correct_2 copy.mp4_004,pushup,correct,21,22,169.776420282622,164.5675808393071,162.65482616307682,170.70511037590998,102.36440410588773,59.27809193122637,45.34554149581731,31.891053613238203,0.2056603204097087,0.5129229120227308,0.05151084576502285,-0.721543141182508,-0.14990880967135922,2.7681895895343445,4.0145104388126,2.34163814833628,-4.979957979826754,-0.2921333028714912
pushup_correct_2 copy.mp4_004,pushup,correct,22,22,169.51874050304147,167.34671948189046,162.05469081407222,172.16420129742343,113.84828653020828,68.27977311827655,48.20688543509989,24.871090031987045,0.2068445014404524,-0.2576797795805419,2.779138642583348,-0.6001353490046029,1.4590909215134502,11.483882424320555,9.001681187050181,2.861343939282584,-7.019963581251158,-0.7706026916032727
pushup_correct_2 copy.mp4_005,pushup,correct,1,24,169.20115784417783,169.2280575711236,162.63924580357207,178.74859896202352,109.69380236355676,83.75984396161454,49.07227552760629,22.55479826329343,0.21178729748369118,-0.1887225869191127,1.453636201633202,0.07438864776614196,1.0077629827877104,-11.612463875308379,-5.948602709878813,-0.4665033852413032,5.359913906097066,0.44382629211656877
pushup_correct_2 copy.mp4_005,pushup,correct,2,24,170.28793237748235,170.2736431116165,163.66442991485897,179.71208464805403,100.01375323786282,67.44678756695295,47.13113380347488,28.830523030305333,0.21106204115722188,1.0867745333045207,1.0455855404929082,1.0251841112869045,0.9634856860305092,-9.680049125693941,-16.313056394661587,-1.9411417241314055,6.275724767011901,1.2754971202236334
pushup_correct_2 copy.mp4_005,pushup,correct,3,24,168.6780322347889,171.43630088678506,163.1357636140405,179.87980566648247,96.5138092003254,61.164572006363144,45.65626491790499,33.48352074630888,0.21016631453799212,-1.6099001426934478,1.1626577751685545,-0.5286663008184576,0.16772101842843767,-3.499944037537418,-6.282215560589805,-1.4748688855698902,4.652997716003551,-2.6966746759979685
pushup_correct_2 copy.mp4_005,pushup,correct,4,24,167.57852302786114,170.61308344286996,163.06756272204518,179.32116889712745,93.82978222037114,57.184256083713,42.92154848097915,37.831532866166874,0.2098838987529334,-1.0995092069277632,-0.8232174439150981,-0.06820089199533186,-0.5586367693550187,-2.684026979954254,-3.980315922650142,-2.7347164369258437,4.348012119857991,0.5103909357656846
pushup_correct_2 copy.mp4_005,pushup,correct,5,24,168.4510254139428,170.8755344349479,163.57660336013814,179.1668807978586,91.12523283956656,52.88881871775075,38.18946947461006,41.637982880049115,0.20892468402692638,0.8725023860816634,0.2624509920779303,0.5090406380929551,-0.15428809926885378,-2.704549380804579,-4.2954373659622505,-4.732079006369091,3.806450013882241,1.9720115930094266
pushup_correct_2 copy.mp4_005,pushup,correct,6,24,168.25556152698036,170.4061413859907,162.4407477518627,179.0957584566736,87.25727328656436,49.883958949202444,39.91220618964872,44.54980939779529,0.2073817414202377,-0.1954638869624432,-0.4693930489571869,-1.135855608275449,-0.07112234118500282,-3.8679595530022084,-3.0048597685483074,1.722736715038664,2.911826517746178,-1.0679662730441066
pushup_correct_2 copy.mp4_005,pushup,correct,7,24,167.88158823515232,170.30493441649915,162.14669921036258,179.48105097450733,85.73172531341162,47.56717912843675,37.51835898837108,46.31656788932895,0.20555275498897105,-0.37397329182803674,-0.10120696949155672,-0.2940485415001035,0.385292517833733,-1.5255479731527402,-2.3167798207656958,-2.3938472012776444,1.7667584915336576,-0.17850940486559352
pushup_correct_2 copy.mp4_005,pushup,correct,8,24,169.8517180856539,169.48646310598104,161.73724419247287,179.15140005482303,86.05915907068923,45.71224660146045,35.909982012478004,47.42920491264378,0.2043486665803176,1.9701298505015927,-0.8184713105181061,-0.4094550178897123,-0.3296509196842976,0.3274337572776176,-1.8549325269762988,-1.6083769758930728,1.1126370233148322,2.3441031423296295
pushup_correct_2 copy.mp4_005,pushup,correct,9,24,169.88369769596073,169.9900141395022,165.01246625248393,179.90063198419818,89.21333102112607,47.38907714043619,32.88415908544223,46.85197535935436,0.20312039569680293,0.03197961030681995,0.5035510335211484,3.2752220600110604,0.7492319293751564,3.154171950436833,1.676830538975743,-3.025822927035776,-0.5772295532894205,-1.9381502401947728
pushup_correct_2 copy.mp4_005,pushup,correct,10,24,169.70273537161682,171.37964140216286,167.0281903317922,177.8008746753,93.08787313984554,46.684381725568215,30.73908660150636,47.85415914422642,0.202457416003153,-0.18096232434390913,1.3896272626606674,2.0157240793082565,-2.0997573088981767,3.874542118719475,-0.7046954148679774,-2.1450724839358664,1.0021837848720594,-0.21294193465072908
pushup_correct_2 copy.mp4_005,pushup,correct,11,24,169.85801446069758,171.09085783890362,168.68311582504268,177.32474246526098,98.3778104777717,47.816112968676535,30.26693338518538,48.49508172734263,0.20189709654284513,0.15527908908075005,-0.28878356325924415,1.654925493250488,-0.47613221003902595,5.289937337926162,1.1317312431083195,-0.47215321632098295,0.6409225831162075,0.3362414134246592
pushup_correct_2 copy.mp4_005,pushup,correct,12,24,168.43421022425414,167.39486578443865,168.52035505428893,179.56352894192432,99.85296025203264,46.609534183602555,29.16145409043453,49.84756181926813,0.2013370421770627,-1.4238042364434307,-3.6959920544649663,-0.16276077075374928,2.2387864766633356,1.4751497742609416,-1.2065787850739795,-1.1054792947508503,1.3524800919255,-1.5790833255241807
pushup_correct_2 copy.mp4_005,pushup,correct,13,24,169.48987378514778,167.64805145138428,168.95503336554003,179.9233453547013,96.36654340033634,47.93663122910572,21.47298397608953,51.2917036761491,0.20163020458074618,1.0556635608936347,0.25318566694562605,0.4346783112511048,0.3598164127769792,-3.4864168516963048,1.3270970455031659,-7.688470114344998,1.444141856880968,2.4794677973370653
pushup_correct_2 copy.mp4_005,pushup,correct,14,24,169.73289324123976,167.3148458920632,169.3894418344286,179.65259935088022,99.11901961502008,48.50625455262973,24.456824173525938,51.41605189191618,0.20088049467647126,0.24301945609198583,-0.33320555932107254,0.434408468888563,-0.27074600382107405,2.752476214683739,0.5696233235240058,2.9838401974364075,0.12434821576708543,-0.8126441048016488
pushup_correct_2 copy.mp4_005,pushup,correct,15,24,169.77244018692642,167.33964387126227,169.12550527691988,179.6173740652852,95.05521411805229,48.82151826121291,18.665738886827498,51.34356951333995,0.19978307760020703,0.03954694568665218,0.024797979199064457,-0.26393655750871403,-0.035225285595032574,-4.063805496967788,0.3152637085831813,-5.79108528669844,-0.07248237857623252,-0.20347251040533365
pushup_correct_2 copy.mp4_005,pushup,correct,16,24,169.14979884316242,167.3251226906224,168.42063009008214,179.5741617420634,95.86875658189162,49.22463636875321,18.91217212291157,51.01220862252013,0.19944831718887096,-0.6226413437640019,-0.014521180639860631,-0.7048751868377394,-0.04321232322178048,0.813542463839326,0.4031181075403012,0.24643323608407286,-0.33136089081982334,-0.6621882894506541
pushup_correct_2 copy.mp4_005,pushup,correct,17,24,169.40272673242544,167.10468917653643,168.76521995697018,179.79534969723005,96.70542855623206,50.38083025371,22.00364965753567,50.462553163475555,0.20023112229893386,0.25292788926302023,-0.22043351408598255,0.34458986688804316,0.22118795516664136,0.8366719743404474,1.1561938849567923,3.091477534624101,-0.5496554590445726,0.8755692330270222
pushup_correct_2 copy.mp4_005,pushup,correct,18,24,169.86008435141136,166.90661329910859,167.73373286389253,179.6150597269837,95.65357481436821,50.263286853138425,27.339533930103357,49.910957481696535,0.2009602210887221,0.45735761898592386,-0.19807587742783994,-1.0314870930776578,-0.18028997024634918,-1.0518537418638516,-0.1175434005715772,5.335884272567686,-0.5515956817790197,0.20442972972290363
pushup_correct_2 copy.mp4_005,pushup,correct,19,24,169.81756360744745,166.73962553303127,165.3184012897537,179.7076519928609,96.00435101741648,49.21386171293188,32.61121137782463,47.88367201390098,0.20144881546027718,-0.04252074396390526,-0.16698776607731247,-2.4153315741388326,0.09259226587718672,0.3507762030482695,-1.0494251402065444,5.271677447721274,-2.027285467795558,-0.4998783629498291
pushup_correct_2 copy.mp4_005,pushup,correct,20,24,169.94667875177015,165.90279406844655,163.34091440725047,177.7221501625795,94.04884269473749,50.28721833507002,36.1446530403851,44.426900031234126,0.2031424147116794,0.12911514432269655,-0.8368314645847192,-1.9774868825032286,-1.985501830281379,-1.9555083226789947,1.0733566221381423,3.5334416625604703,-3.456771982666851,0.1716358882866018
pushup_correct_2 copy.mp4_005,pushup,correct,21,24,170.5350703151469,165.90792565659112,163.3689437300051,177.24071022976048,97.62580531352347,53.526483459431205,41.5498600023532,42.186087951804886,0.20345181286144567,0.5883915633767458,0.005131588144564603,0.028029322754633768,-0.4814399328190291,3.576962618785984,3.2392651243611823,5.405206961968098,-2.24081207942924,0.45927641905404926
pushup_correct_2 copy.mp4_005,pushup,correct,22,24,170.82227544219174,170.76883655241195,164.16468889307876,179.47754067733393,100.33444347939479,58.92848263048734,43.72730359706647,37.935121810651374,0.2036171794008365,0.28720512704484236,4.860910895820837,0.7957451630736614,2.2368304475734533,2.708638165871321,5.401999171056133,2.1774435947132673,-4.250966141153512,-0.30118643633190345
pushup_correct_2 copy.mp4_005,pushup,correct,23,24,170.78643010847787,171.30321406088217,164.99196823727505,179.65072749969556,105.22639389250828,66.62676274759151,47.873862838883674,32.97066688399284,0.20471748293516967,-0.03584533371386556,0.5343775084702145,0.8272793441962847,0.17318682236162886,4.891950413113491,7.698280117104176,4.146559241817208,-4.964454926658533,-0.3230504607587079
pushup_correct_2 copy.mp4_005,pushup,correct,24,24,171.07467546842878,170.906481476975,166.61485817861833,179.6405336525913,115.68440800043065,70.74267946768602,50.34884235209616,27.205622382478104,0.2062501100460863,0.2882453599509063,-0.39673258390718047,1.6228899413432885,-0.010193847104261522,10.458014107922367,4.1159167200945035,2.4749795132124888,-5.765044501514737,0.32409069366477183
pushup_correct_2 copy.mp4_006,pushup,correct,1,29,170.02677591818485,172.26250172330185,162.5506154576383,179.0172515239459,112.97362763154526,75.19101020540225,47.91771225390281,26.849388382521326,0.2083976664889603,0.2612092331620204,-0.055421570221426464,-0.9879710957793577,0.19520909658425012,-7.612926087203064,-16.866961925134234,-1.621970073041048,10.36149309785285,0.9419731112697605
pushup_correct_2 copy.mp4_006,pushup,correct,2,29,171.5122187021797,173.0807150358842,164.3027791420006,179.82585072346396,105.51221720041343,68.53245316436498,44.322116279522724,30.727850404502053,0.2084620827631644,1.4854427839948414,0.8182133125823441,1.7521636843623014,0.8085991995180564,-7.461410431131824,-6.65855704103727,-3.595595974380089,3.8784620219807273,1.224233550832821
pushup_correct_2 copy.mp4_006,pushup,correct,3,29,170.0788878270514,172.9243315299805,164.9813142269656,179.88421641937398,100.26725245547752,64.23859980718105,39.86636445780032,33.99529655681545,0.20765296732494282,-1.4333308751282914,-0.15638350590370464,0.6785350849650058,0.058365695910026716,-5.244964744935913,-4.293853357183934,-4.4557518217224015,3.2674461523133935,-2.918773659123133
pushup_correct_2 copy.mp4_006,pushup,correct,4,29,171.61930023592993,171.63797063106813,166.35334411414425,179.85889468054017,98.6403645701316,55.95067987355494,36.063301208076986,40.233200702524414,0.20703664068841507,1.5404124088785238,-1.2863608989123634,1.3720298871786554,-0.02532173883381006,-1.6268878853459228,-8.287919933626107,-3.803063249723337,6.237904145708967,2.973743284006815
pushup_correct_2 copy.mp4_006,pushup,correct,5,29,171.95521529235515,170.82184779134988,166.26926043048977,179.24339678933038,94.70321796179891,53.854314707370676,33.51620453522562,42.581070008172766,0.2067700149719809,0.3359150564252218,-0.816122839718247,-0.08408368365448382,-0.6154978912097988,-3.9371466083326823,-2.0963651661842633,-2.5470966728513673,2.347869305648352,-1.204497352453302
pushup_correct_2 copy.mp4_006,pushup,correct,6,29,171.3960726796472,170.3245840891512,166.18130876055758,179.49599795105257,93.33489816939608,51.28169965451997,31.770939313487936,44.31514866703941,0.2065090715853961,-0.5591426127079444,-0.4972637021986941,-0.08795166993218118,0.2526011617221968,-1.3683197924028292,-2.5726150528507077,-1.7452652217376823,1.7340786588666433,-0.8950576691331662
pushup_correct_2 copy.mp4_006,pushup,correct,7,29,169.8709868535469,168.7251388546602,163.59815491009846,179.06842000644303,90.9445555531951,50.10075471995361,34.55612073818429,46.3235039405322,0.20585730197578583,-1.5250858261003089,-1.599445234490986,-2.5831538504591265,-0.42757794460953846,-2.390342616200982,-1.1809449345663552,2.785181424696354,2.008355273492789,-0.9659432133923644
pushup_correct_2 copy.mp4_006,pushup,correct,8,29,170.15581387416503,168.76652063835505,163.50869455953995,178.75742904835877,88.036273214833,49.694743125758336,33.59734986372395,46.861869827475175,0.20481255958690667,0.28482702061813825,0.04138178369484535,-0.08946035055851098,-0.31099095808426114,-2.908282338362099,-0.4060115941952773,-0.9587708744603418,0.5383658869429766,1.809912846718447
pushup_correct_2 copy.mp4_006,pushup,correct,9,29,171.1684656929947,168.3747732175421,163.47095297607055,178.7365990274825,90.47701199416709,50.90324731237196,41.83732652363693,44.99014476169284,0.20266076383819548,1.012651818829653,-0.39174742081294767,-0.03774158346939771,-0.020830020876275057,2.440738779334083,1.2085041866136237,8.239976659912983,-1.8717250657823357,0.7278247982115147
pushup_correct_2 copy.mp4_006,pushup,correct,10,29,170.45104264660114,168.9490370334025,163.91259706606508,179.54530033745664,89.63747742896116,51.415353548163424,39.14507579745484,43.53958955769994,0.20074806353819555,-0.7174230463935487,0.5742638158604052,0.44164408999452576,0.8087013099741398,-0.8395345652059234,0.5121062357914639,-2.6922507261820954,-1.4505552039928986,-1.7300748652232016
pushup_correct_2 copy.mp4_006,pushup,correct,11,29,170.1801640541596,170.077858856301,165.6037900299597,179.32893847190428,92.27689480849298,51.057096076889124,40.508021856408085,43.411512672846655,0.19889546095717917,-0.2708785924415338,1.1288218228984874,1.691192963894622,-0.2163618655523578,2.639417379531821,-0.35825747127429963,1.3629460589532485,-0.12807688485328583,0.4465444539520149
pushup_correct_2 copy.mp4_006,pushup,correct,12,29,170.7341169244708,169.62062477014274,166.17996686055338,179.99493169918267,94.09204605794953,50.50595258104005,45.4932890832343,44.979058290378376,0.1985179325300654,0.5539528703112069,-0.4572340861582518,0.5761768305936812,0.6659932272783919,1.815151249456548,-0.5511434958490753,4.985267226826217,1.5675456175317208,0.8248314627527407
pushup_correct_2 copy.mp4_006,pushup,correct,13,29,170.45658497183211,170.07234073247102,166.86939148348313,179.20553920506902,93.6987999837764,49.47998542867664,41.3747162401697,46.443436674196256,0.19868913106923752,-0.27753195263869657,0.4517159623282794,0.6894246229297494,-0.7893924941136561,-0.39324607417313473,-1.0259671523634069,-4.118572843064605,1.4643783838178805,-0.8314848229499034
pushup_correct_2 copy.mp4_006,pushup,correct,14,29,170.57111177333525,167.47145539241137,167.72561450794018,178.99761222189278,96.56172848832406,49.20820292450501,41.82088788819159,48.66970331404147,0.19861212358486457,0.11452680150313199,-2.600885340059648,0.8562230244570515,-0.20792698317623604,2.862928504547668,-0.2717825041716324,0.44617164802189535,2.226266639845214,0.39205875414182856
pushup_correct_2 copy.mp4_006,pushup,correct,15,29,170.45664174273307,166.15225878294615,167.71913658677263,178.9645200435207,97.15286807891016,50.477608925023375,40.66856109117503,48.70365970108278,0.19886485568960177,-0.11447003060217753,-1.319196609465223,-0.006477921167544309,-0.03309217837207257,0.5911395905860957,1.2694060005183658,-1.1523267970165634,0.03395638704130732,-0.22899683210530952
pushup_correct_2 copy.mp4_006,pushup,correct,16,29,170.43011190573628,165.51494642770342,167.98259245248468,178.36843385595486,98.77310216125824,52.88563811600332,41.12546124933472,49.24965988704856,0.19885305196003009,-0.02652983699678657,-0.6373123552427273,0.2634558657120465,-0.5960861875658452,1.6202340823480768,2.4080291909799456,0.45690015815969076,0.5460001859657808,0.08794019360539096
pushup_correct_2 copy.mp4_006,pushup,correct,17,29,170.44822071759185,166.26086675663157,167.6628408211182,177.78751120185134,100.03471087138432,53.21422137709474,44.055079619383775,49.45861123397198,0.19874141556268965,0.01810881185556923,0.7459203289281504,-0.3197516313664721,-0.5809226541035173,1.261608710126083,0.328583261091417,2.929618370049056,0.20895134692342054,0.0446386488523558
pushup_correct_2 copy.mp4_006,pushup,correct,18,29,169.38204842658357,166.14938574385698,167.09158933807288,178.04817522992215,100.32017208395513,52.08514379613286,47.46999017888149,49.459020036093975,0.19867773494649693,-1.0661722910082858,-0.11148101277458977,-0.5712514830453301,0.26066402807080635,0.2854612125708087,-1.1290775809618765,3.414910559497713,0.0004088021219956772,-1.084281102863855
pushup_correct_2 copy.mp4_006,pushup,correct,19,29,169.76641473089222,166.61217131678092,166.88003446308787,177.93997856739765,101.489578786022,50.27441560866729,48.16391982468052,49.289743339260106,0.19830031193752504,0.3843663043086565,0.4627855729239343,-0.21155487498501202,-0.10819666252450588,1.1694067020668655,-1.8107281874655712,0.6939296457990309,-0.1692766968338688,1.4505385953169423
pushup_correct_2 copy.mp4_006,pushup,correct,20,29,169.79362229347694,167.1235080039119,166.64663649396573,177.8496684205939,97.02605089399479,50.11658878056908,46.54604595879537,49.23626384678442,0.198075450925845,0.02720756258472079,0.5113366871309779,-0.23339796912213728,-0.09031014680374483,-4.4635278920272015,-0.1578268280982087,-1.6178738658851515,-0.05347949247568806,-0.3571587417239357
pushup_correct_2 copy.mp4_006,pushup,correct,21,29,169.0591142672674,167.58997985574885,165.2213461838738,178.85767847050303,89.11523643381271,48.289849857982084,44.84282337645065,48.13488071933168,0.19806919093444594,-0.7345080262095394,0.46647185183695683,-1.425290310091924,1.0080100499091316,-7.910814460182081,-1.8267389225869977,-1.703222582344715,-1.1013831274527348,-0.7617155887942602
pushup_correct_2 copy.mp4_006,pushup,correct,22,29,168.11447488233543,167.8800453965921,164.79464443432244,179.3429234933854,86.4202330235454,47.97071647104597,45.283150508478265,46.391883996800686,0.19918449316745132,-0.9446393849319747,0.2900655408432442,-0.42670174955136986,0.48524502288236704,-2.6950034102673044,-0.3191333869361159,0.44032713202761187,-1.7429967225309966,-0.21013135872243538
pushup_correct_2 copy.mp4_006,pushup,correct,23,29,166.5210369312018,167.44154034081683,163.56596308952456,179.6033116911773,87.17555309951925,49.32522917790592,46.90947947163412,43.33798431120722,0.19995555565347478,-1.5934379511336374,-0.43850505577526633,-1.2286813447978773,0.2603881977919116,0.7553200759738417,1.3545127068599498,1.6263289631558564,-3.053899685593464,-0.6487985662016627
pushup_correct_2 copy.mp4_006,pushup,correct,24,29,167.75312254822833,165.31329797346496,162.6679197371046,176.36978961147366,89.07109147862506,53.85177875976958,47.79485174763958,39.40512673320255,0.2010611840655227,1.2320856170265415,-2.1282423673518736,-0.8980433524199611,-3.233522079703647,1.8955383791058154,4.526549581863662,0.8853722760054623,-3.932857578004672,2.825523568160179
pushup_correct_2 copy.mp4_006,pushup,correct,25,29,168.6443484227629,165.42360437336308,163.00460089261676,175.97609470323044,85.05177973237008,55.58130711439073,48.427033097504946,38.99951208895732,0.20281152983155834,0.8912258745345696,0.1103063998981213,0.33668115551216715,-0.3936949082432193,-4.019311746254985,1.7295283546211522,0.6321813498653626,-0.4056146442452331,-0.34085974249197193
pushup_correct_2 copy.mp4_006,pushup,correct,26,29,168.57058472052617,166.5588064596385,163.71108664801656,177.84097531194615,87.63315741385918,58.1193324390889,47.988714759792714,39.026146108645015,0.20415464706452577,-0.07376370223673234,1.1352020862754273,0.7064857553997967,1.8648806087157084,2.5813776814891014,2.538025324698168,-0.43831833771223216,0.026634019687698185,-0.9649895767713019
pushup_correct_2 copy.mp4_006,pushup,correct,27,29,167.80559324083356,170.79624578636285,164.65609787508754,177.9738538210981,98.7985748661048,63.07731768839599,46.6627389875262,36.064971587924305,0.2057921606878921,-0.7649914796926112,4.237439326724342,0.9450112270709781,0.13287850915193644,11.16541745224562,4.957985249307093,-1.325975772266517,-2.9611745207207107,-0.6912277774558788
pushup_correct_2 copy.mp4_006,pushup,correct,28,29,166.78792712171895,172.628907695013,165.49263662214364,175.57954734315078,106.39679171586707,67.95148267038417,46.24743525832088,31.22938841630795,0.20685990289571327,-1.0176661191146081,1.8326619086501523,0.8365387470560961,-2.3943064779473104,7.598216849762267,4.874164981988173,-0.4153037292053199,-4.835583171616356,-0.25267463942199697
pushup_correct_2 copy.mp4_006,pushup,correct,29,29,165.22795666322452,171.05442101220467,165.5673938561662,175.28509876379388,115.13334680174373,74.02777001410247,46.51953425706616,25.94059293607311,0.20751317920458195,-1.5599704584944334,-1.5744866828083275,0.07475723402257017,-0.29444857935689583,8.73655508587666,6.076287343718306,0.2720989987452853,-5.288795480234839,-0.5423043393798253
pushup_correct_2.mp4_000,pushup,correct,1,6,85.83439275965823,91.32210652827551,126.9025418662247,90.36676391352529,56.153285456130135,143.67887592909668,146.21093223359418,175.13888967949921,0.08109535752810257,,,,,,,,,
pushup_correct_2.mp4_000,pushup,correct,2,6,55.571204722809945,66.28302802104677,128.6031382769361,99.39853740922514,162.93882206300563,147.1695360177336,139.34760821046933,168.90889135459517,0.13836737837772314,,,,,,,,,
pushup_correct_2.mp4_000,pushup,correct,3,6,71.38359141263165,93.38072184901598,143.15269963090543,131.47066011166797,163.27258004433085,105.45276337121004,152.89328466005597,150.4818637859061,0.12480220849814423,15.8123866898217,27.09769382796921,14.549561353969324,32.072122702442826,0.3337579813252205,-41.716772646523566,13.545676449586637,-18.427027568689056,46.075574726669984
pushup_correct_2.mp4_000,pushup,correct,4,6,174.53814885936555,169.26047871182755,175.3127384053326,178.27864360627416,143.40823523144596,132.7599764133866,52.779505023249854,20.43661111862037,0.21990973366793748,103.1545574467339,75.87975686281156,32.160038774427164,46.80798349460619,-19.864344812884895,27.307213042176556,-100.11377963680611,-130.04525266728575,87.3421707569122
pushup_correct_2.mp4_000,pushup,correct,5,6,172.9626853852483,169.26448263349224,174.7799232295837,178.6349045904291,141.61390914655536,138.11425051891652,52.09113176155628,10.694095266895026,0.21795439076109643,-1.5754634741172424,0.004003921664690324,-0.5328151757489081,0.3562609841549431,-1.7943260848905993,5.3542741055299246,-0.6883732616935774,-9.742515851725344,-104.73002092085115
pushup_correct_2.mp4_000,pushup,correct,6,6,171.38251674912593,168.83117762317286,173.08272261010637,178.2158414849681,138.51969357276488,132.35089346939162,51.6504801948065,11.373717675644723,0.2162207909419472,-1.5801686361223801,-0.43330501031937274,-1.6972006194773144,-0.41906310546099235,-3.0942155737904784,-5.763357049524899,-0.44065156674977857,0.6796224087496974,-0.0047051620051377085
pushup_correct_2.mp4_001,pushup,correct,1,17,165.5275408155287,168.72508095420324,162.06066771082442,178.83876391570976,109.01239366182637,65.90252008015622,41.58365458536305,31.85749030752863,0.2058127710018863,0.13231818212318558,0.4585522332328935,-2.074148916336071,-0.7798537435885748,-8.094800073826931,-11.07614174897904,-3.3000116683476435,5.715196838182038,1.4306130556623486
pushup_correct_2.mp4_001,pushup,correct,2,17,165.86379708310122,169.51054120080525,162.45020981108183,177.79647873287269,103.48483793883148,55.395985360900504,37.06061655043591,36.83736057534555,0.20412514172830298,0.3362562675725087,0.785460246602014,0.3895421002574153,-1.0422851828370767,-5.52755572299489,-10.506534719255718,-4.52303803492714,4.979870267816921,0.20393808544932313
pushup_correct_2.mp4_001,pushup,correct,3,17,166.54215554061614,170.42221577701338,163.7366360643536,177.26812389967907,98.277273390177,52.22058475196645,30.782719597065107,36.46419329184416,0.2027021061616186,0.6783584575149177,0.911674576208128,1.2864262532717703,-0.5283548331936174,-5.207564548654474,-3.175400608934055,-6.277896953370803,-0.37316728350138817,0.34210218994240904
pushup_correct_2.mp4_001,pushup,correct,4,17,167.1876037238748,170.07935812962648,163.34354064688756,178.89026927890416,94.27031797824304,47.87166045766773,28.408500913351972,39.96844688506425,0.20133669602655488,0.6454481832586509,-0.34285764738689295,-0.3930954174660428,1.6221453792250884,-4.0069554119339585,-4.348924294298719,-2.374218683713135,3.504253593220092,-0.0329102742562668
pushup_correct_2.mp4_001,pushup,correct,5,17,168.07620609803465,167.35527342105405,162.19780591618988,178.42546993013593,90.38088912320124,44.293037320092644,25.92529277550236,40.711081225488705,0.19927848574439466,0.8886023741598592,-2.724084708572434,-1.1457347306976828,-0.46479934876822426,-3.8894288550417997,-3.578623137575086,-2.483208137849612,0.742634340424452,0.24315419090120827
pushup_correct_2.mp4_001,pushup,correct,6,17,169.32079908178892,167.65884669512212,163.43883336489907,179.34209774778847,86.35282206624375,41.30855674701771,24.36863455010614,44.3854665526538,0.19753254773628234,1.2445929837542735,0.30357327406807144,1.2410274487091897,0.9166278176525395,-4.028067056957497,-2.984480573074933,-1.5566582253962196,3.6743853271650977,0.3559906095944143
pushup_correct_2.mp4_001,pushup,correct,7,17,168.46008157501575,167.6431705543421,162.3652533101577,178.9808475065667,86.39605384399168,38.94562054421847,25.518174342301997,46.955352779999224,0.19619075273137263,-0.8607175067731703,-0.015676140780016112,-1.0735800547413703,-0.36125024122176796,0.043231777747934075,-2.36293620279924,1.1495397921958563,2.569886227345421,-2.105310490527444
pushup_correct_2.mp4_001,pushup,correct,8,17,169.36350557437356,168.70632350624058,162.61326303638458,178.67319961193294,86.9149733043519,38.16557354411918,25.03159211252038,49.12396128786023,0.19697556484533138,0.9034239993578126,1.0631529518984735,0.24800972622688278,-0.3076478946337602,0.5189194603602232,-0.7800470000992945,-0.486582229781618,2.168608507861009,1.7641415061309829
pushup_correct_2.mp4_001,pushup,correct,9,17,170.64485214492623,171.64335160313905,163.14847699341792,178.69074760948277,88.0156688275637,39.67382852951351,25.372043715001027,48.10700554242807,0.19662728503558932,1.281346570552671,2.937028096898473,0.535213957033335,0.017547997549826277,1.1006955232117974,1.5082549853943306,0.3404516024806483,-1.0169557454321634,0.3779225711948584
pushup_correct_2.mp4_001,pushup,correct,10,17,169.21148048654177,170.358462680664,162.75846779385859,178.75781810333564,90.25810928136872,41.82800338261748,26.91138297334162,47.11295509910617,0.1976663809760762,-1.4333716583844591,-1.2848889224750621,-0.39000919955933,0.06707049385286723,2.242440453805017,2.1541748531039744,1.5393392583405934,-0.9940504433218962,-2.71471822893713
pushup_correct_2.mp4_001,pushup,correct,11,17,168.18462641121494,171.22259817953258,163.07419309194,179.34738684780544,95.84776596438296,44.131121186586306,32.27403955608623,45.24389323138321,0.1985333745745109,-1.0268540753268383,0.8641354988685919,0.3157252980814178,0.5895687444698012,5.5896566830142405,2.3031178039688243,5.362656582744609,-1.8690618677229622,0.40651758305762087
pushup_correct_2.mp4_001,pushup,correct,12,17,169.70535634206004,171.27425152001675,163.65851321512437,179.15274368752156,96.06155873915459,45.00135174487137,32.31906715937925,44.81741645155808,0.19873167229347874,1.520729930845107,0.051653340484165255,0.5843201231843693,-0.1946431602838743,0.21379277477163328,0.8702305582850656,0.04502760329302191,-0.4264767798251299,2.5475840061719452
pushup_correct_2.mp4_001,pushup,correct,13,17,170.7887130338698,170.89736305316328,163.59055637549707,178.3213283864771,97.98586378785315,46.87964047001107,32.44051252407912,42.59766806244493,0.19993708717124267,1.0833566918097688,-0.37688846685347244,-0.06795683962729981,-0.8314153010444727,1.9243050486985567,1.8782887251396971,0.12144536469986633,-2.2197483891131498,-0.4373732390353382
pushup_correct_2.mp4_001,pushup,correct,14,17,171.64605438492262,171.2362678410738,164.89238551349288,178.5580630010824,99.52565474957275,47.84939140733977,30.226776403165154,41.64837616210928,0.2002072425621003,0.8573413510528098,0.33890478791053624,1.30182913799581,0.23673461460529666,1.5397909617196035,0.9697509373287048,-2.213736120913964,-0.9492919003356519,-0.22601534075695895
pushup_correct_2.mp4_001,pushup,correct,15,17,170.67556572801777,170.7494967396311,166.2863011531718,178.6073679750487,106.16189887710361,51.94679260015106,30.817860787112735,39.77288793907783,0.2027892324708359,-0.9704886569048483,-0.48677110144271296,1.3939156396789087,0.04930497396631495,6.636244127530858,4.09740119281129,0.5910843839475817,-1.8754882230314465,-1.8278300079576582
pushup_correct_2.mp4_001,pushup,correct,16,17,170.09440912869755,170.35294300218442,166.36492325053348,177.75631898947168,111.63876980780557,58.15557307310216,33.277898231141045,35.587475744181724,0.20542859653237708,-0.5811565993202237,-0.39655373744668054,0.07862209736168779,-0.8510489855770231,5.476870930701963,6.208780472951098,2.460037444028309,-4.185412194896109,0.38933205758462464
pushup_correct_2.mp4_001,pushup,correct,17,17,168.95790266524403,170.65392792675937,164.0330118145681,174.83588738821052,116.89940317830384,68.29113044840717,37.720596977667384,28.494050957178786,0.2076929603983465,-1.1365064634535145,0.30098492457494785,-2.3319114359653668,-2.920431601261157,5.260633370498269,10.135557375305012,4.4426987465263394,-7.093424787002938,-0.5553498641332908
pushup_correct_2.mp4_002,pushup,correct,1,21,174.1483931622339,170.88480911315432,166.5121213243191,177.01298475876445,108.51350639275839,70.70505100130568,44.25953257639233,27.74219642393448,0.20780303770050418,-0.0028056852904683183,-0.6380465064544296,0.19289521820914501,-0.7954455406440388,-6.625661954224256,-13.829353587006196,-2.9886928245477478,14.240649247754474,-0.5558010969046165
pushup_correct_2.mp4_002,pushup,correct,2,21,173.95135439582145,170.50132970249226,165.13139377367878,179.25927126561675,100.95870241593146,61.053490388347335,41.16229961130977,33.62398378811869,0.20595560610060526,-0.19703876641244733,-0.38347941066206204,-1.38072755064033,2.2462865068523,-7.554803976826932,-9.651560612958342,-3.0972329650825614,5.881787364184213,-0.194233081121979
pushup_correct_2.mp4_002,pushup,correct,3,21,173.9414090784653,170.06452001512807,164.4311134614771,179.6139119190609,98.24447478763102,57.373429889997595,39.158444743461644,35.69664121858798,0.2055323229454036,-0.009945317356141459,-0.4368096873641889,-0.7002803122016701,0.3546406534441644,-2.714227628300435,-3.6800604983497394,-2.0038548678481263,2.0726574304692846,0.18709344905630587
pushup_correct_2.mp4_002,pushup,correct,4,21,175.26677570706232,171.16210291039067,164.8943538576926,178.6290532241674,92.27293664480051,49.053140108153535,33.614797533050755,40.45834122602795,0.20467693843475207,1.3253666285970098,1.0975828952626046,0.46324039621549673,-0.9848586948935178,-5.971538142830511,-8.32028978184406,-5.543647210410889,4.76170000743997,1.3353119459531513
pushup_correct_2.mp4_002,pushup,correct,5,21,174.8295371784401,170.34115355992256,164.8392870721782,177.41002012893003,89.31580441956764,47.78736403200398,30.323182472283708,41.50444901658583,0.20320826154931299,-0.4372385286222311,-0.820949350468112,-0.055066785514412686,-1.2190330952373643,-2.9571322252328684,-1.2657760761495567,-3.2916150607670467,1.0461077905578833,-1.762605157219241
pushup_correct_2.mp4_002,pushup,correct,6,21,173.8815038957101,169.5401566794214,163.8332916621954,177.22669658555984,84.64728012672609,45.69078956204002,25.779371670138747,43.98667234821581,0.20091642748466823,-0.9480332827299947,-0.8009968805011738,-1.005995409982802,-0.18332354337019297,-4.668524292841553,-2.0965744699639615,-4.543810802144961,2.4822233316299815,-0.5107947541077635
pushup_correct_2.mp4_002,pushup,correct,7,21,174.78664431164592,170.4611687517992,163.24126027241357,178.61069709404492,80.41982686632794,45.159943990832645,23.72741400697057,45.488014281827,0.2014481828792956,0.9051404159358185,0.9210120723778061,-0.5920313897818232,1.3840005084850873,-4.22745326039815,-0.5308455712073723,-2.051957663168178,1.5013419336111866,1.8531736986658132
pushup_correct_2.mp4_002,pushup,correct,8,21,174.63093461429068,170.33606215425678,161.7630442982659,178.14730714291673,80.78027796270088,44.23422825067757,26.327449613627717,46.13612700589744,0.20151844326720095,-0.15570969735523477,-0.1251065975424126,-1.4782159741476733,-0.4633899511281925,0.36045109637294104,-0.9257157401550771,2.6000356066571477,0.6481127240704438,-1.0608501132910533
pushup_correct_2.mp4_002,pushup,correct,9,21,173.42127403041383,169.83501651153176,162.51968265985874,178.54664419437745,85.36874991862098,48.03280061583516,28.802221979444262,46.38796555553009,0.1996322150933497,-1.209660583876854,-0.5010456427250176,0.7566383615928487,0.3993370514607193,4.588471955920099,3.7985723651575896,2.474772365816545,0.2518385496326445,-1.0539508865216192
pushup_correct_2.mp4_002,pushup,correct,10,21,171.64714808800736,169.33035994166738,164.53869406722066,179.1289282450308,89.79581534682787,49.853363660648085,28.53395473420909,46.258940478269004,0.19659684270395755,-1.7741259424064708,-0.5046565698643803,2.0190114073619156,0.5822840506533566,4.4270654282068875,1.8205630448129284,-0.2682672452351724,-0.12902507726108325,-0.5644653585296169
pushup_correct_2.mp4_002,pushup,correct,11,21,170.53132569706437,168.73938234852747,164.1531617061548,179.32182258849622,91.50348009970469,50.841287012040766,27.49451745449815,46.82937692853296,0.19581577477893153,-1.1158223909429807,-0.590977593139911,-0.38553236106585587,0.19289434346541157,1.7076647528768234,0.9879233513926806,-1.0394372797109384,0.570436450263955,0.6583035514634901
pushup_correct_2.mp4_002,pushup,correct,12,21,170.32279840766446,168.32054543957182,164.52018703322236,178.74929534643718,93.99177980055514,51.70174471932178,28.099628014097405,47.520398555565635,0.1969899719611125,-0.2085272893999104,-0.4188369089556545,0.36702532706755164,-0.5725272420590386,2.4882997008504475,0.8604577072810145,0.6051105595992539,0.6910216270326757,0.9072951015430704
pushup_correct_2.mp4_002,pushup,correct,13,21,170.00717892351668,167.71989494159652,163.81533290195856,179.04551765069743,95.07803877065754,53.25361151851242,30.16370990652059,47.17166622731943,0.19655753453280603,-0.3156194841477884,-0.6006504979752947,-0.7048541312638008,0.29622230426025453,1.0862589701024064,1.5518667991906412,2.064081892423186,-0.34873232824620715,-0.10709219474787801
pushup_correct_2.mp4_002,pushup,correct,14,21,170.403623409173,167.43867860320682,164.05282572717903,179.6698121581647,96.20699750410444,53.51801459745227,33.81349905380461,47.57376851836665,0.19624109187642017,0.39644448565633184,-0.2812163383896973,0.2374928252204711,0.6242945074672548,1.1289587334468933,0.26440307893984993,3.6497891472840216,0.40210229104722117,0.7120639698041202
pushup_correct_2.mp4_002,pushup,correct,15,21,170.3924559142815,167.29983906175516,163.65722451195035,178.48654520462716,94.09654273423465,50.226037990870495,33.642885483799084,47.870588034057846,0.19800868479917375,-0.011167494891509477,-0.13883954145165944,-0.3956012152286803,-1.183266953537526,-2.11045476986979,-3.291976606581777,-0.17061357000552846,0.29681951569119747,-0.4076119805478413
pushup_correct_2.mp4_002,pushup,correct,16,21,169.48269093939263,167.27816593526268,161.70067425491627,175.67142284732964,93.90465386914602,51.08701427979299,34.16084738039699,44.51149641798467,0.19928128958123142,-0.9097649748888728,-0.021673126492487427,-1.9565502570340811,-2.8151223572975255,-0.1918888650886288,0.8609762889224939,0.5179618965979031,-3.3590916160731794,-0.8985974799973633
pushup_correct_2.mp4_002,pushup,correct,17,21,168.6680826959172,166.85309777174473,159.4937029614151,173.72255581599032,91.75001144198853,52.83820808071393,32.88574437311611,41.62008293267051,0.2004198165269521,-0.8146082434754192,-0.42506816351794896,-2.2069712935011694,-1.9488670313393186,-2.1546424271574836,1.7511938009209445,-1.275103007280876,-2.8914134853141533,0.0951567314134536
pushup_correct_2.mp4_002,pushup,correct,18,21,169.4197308516574,168.14589665876625,160.64003156074227,173.19576332941497,95.12544519534578,55.1663040938018,33.533439398556375,38.15790136822746,0.2027375106070714,0.7516481557401846,1.2927988870215188,1.1463285993271768,-0.5267924865753457,3.3754337533572425,2.3280960130878654,0.6476950254402638,-3.46218156444305,1.5662563992156038
pushup_correct_2.mp4_002,pushup,correct,19,21,169.74382001653768,168.57427117078913,162.59861660588192,172.46572884264913,99.8339994977009,55.73416677609539,35.526322916961924,37.663963308371144,0.204171413654684,0.3240891648802915,0.42837451202288435,1.9585850451396425,-0.7300344867658453,4.708554302355125,0.5678626822935939,1.9928835184055487,-0.493938059856319,-0.42755899085989313
pushup_correct_2.mp4_002,pushup,correct,20,21,172.48679438073157,168.12905755897447,165.70773081794837,172.01110158740718,108.74652069316643,64.34328411038622,38.528751891309305,29.870212849142643,0.20544378976101615,2.742974364193884,-0.44521361181466546,3.1091142120664585,-0.45462725524194525,8.91252119546553,8.60911733429083,3.0024289743473815,-7.793750459228502,2.4188851993135927
pushup_correct_2.mp4_002,pushup,correct,21,21,173.9240216251584,167.8319832291995,166.79865422464437,173.22089021485462,117.64901595531177,73.84143066542438,44.87295652604878,22.618784951975044,0.2070074813941137,1.437227244426822,-0.29707432977497206,1.0909234066959925,1.2097886274474376,8.902495262145337,9.498146555038161,6.3442046347394765,-7.2514278971675985,-1.3057471197670623
pushup_correct_2.mp4_003,pushup,correct,1,21,174.88942677701291,170.24170170342978,166.2166636051466,179.7660552679846,110.58606959850891,72.00097077214214,48.19134166641589,28.47135188427671,0.2088783080970463,1.0232098678750958,0.4066845334556035,0.035433630663078475,0.4873935526206594,-9.633848630886419,-13.851750912692665,-0.10435535352522152,10.186452797320694,0.12722468151562794
pushup_correct_2.mp4_003,pushup,correct,2,21,174.95314569388213,170.31201689831076,166.41053731510243,179.49859951182407,101.29247349877284,62.09311133767499,46.23256067054424,31.77332332528207,0.2073744684490351,0.06371891686922027,0.07031519488097615,0.19387370995582387,-0.26745575616052975,-9.293596099736078,-9.907859434467149,-1.958780995871649,3.30197144100536,-0.9594909510058756
pushup_correct_2.mp4_003,pushup,correct,3,21,174.2543862893524,170.52423853374026,165.09156674561063,179.42403293271525,96.97023151243238,59.507862162555114,42.50217073971034,34.437323159197945,0.20568665153292662,-0.6987594045297385,0.21222163542950057,-1.3189705694917961,-0.07456657910881859,-4.322241986340458,-2.585249175119877,-3.7303899308339012,2.6639998339158737,-0.7624783213989588
pushup_correct_2.mp4_003,pushup,correct,4,21,174.63346634377206,168.78604413112063,163.79830699313203,178.15788605274471,90.29996382661189,53.50256568676198,38.25152857231847,39.66826228922759,0.2058979613883862,0.37908005441966,-1.7381944026196265,-1.2932597524786047,-1.2661468799705347,-6.670267685820491,-6.005296475793131,-4.250642167391867,5.230939130029647,1.0778394589493985
pushup_correct_2.mp4_003,pushup,correct,5,21,174.56907917779372,169.53883406767332,163.70123517696803,176.42268328161572,92.33004052554307,49.14231594502426,35.441691246934745,42.156078231905205,0.20623437790548746,-0.0643871659783315,0.7527899365526878,-0.09707181616400362,-1.7352027711289963,2.0300766989311825,-4.360249741737725,-2.809837325383725,2.4878159426776136,-0.44346722039799147
pushup_correct_2.mp4_003,pushup,correct,6,21,174.22564125374552,170.2219753289867,163.7293604511691,177.1121263284856,84.48690195717435,47.91398332892174,28.697722237219907,43.96374194171175,0.20504026244021287,-0.34343792404820306,0.6831412613133807,0.02812527420107358,0.6894430468698829,-7.843138568368715,-1.22833261610252,-6.743969009714839,1.8076637098065476,-0.27905075806987156
pushup_correct_2.mp4_003,pushup,correct,7,21,174.86850590297513,171.54530460992157,162.8404377467532,178.49052175591177,81.76608378440892,47.34811186988942,27.981674474083466,45.74882539483348,0.20459844912500036,0.6428646492296082,1.3233292809348711,-0.8889227044159043,1.3783954274261703,-2.7208181727654335,-0.5658714590323157,-0.7160477631364408,1.7850834531217288,0.9863025732778112
pushup_correct_2.mp4_003,pushup,correct,8,21,173.93047303108412,172.59763388468548,162.74722009363157,179.87326330927772,82.41422922243147,46.44545257756559,29.14339762036841,47.23245268168334,0.20330996940906843,-0.9380328718910107,1.0523292747639061,-0.09321765312162711,1.3827415533659462,0.6481454380225529,-0.9026592923238326,1.1617231462849453,1.4836272868498597,-1.5808975211206189
pushup_correct_2.mp4_003,pushup,correct,9,21,172.59751663293162,172.2085379417647,163.58562226866485,179.57461284734043,85.717155709289,48.200541434462075,30.236530750636238,46.851191469410026,0.20150289159441648,-1.332956398152504,-0.38909594292078964,0.8384021750332806,-0.29865046193728517,3.3029264868575297,1.755088856896485,1.0931331302678267,-0.38126121227331566,-0.3949235262614934
pushup_correct_2.mp4_003,pushup,correct,10,21,170.91968383751438,170.84803950234428,165.38795556617427,179.91714708192367,88.51762745209538,49.07512094854695,30.18955196237606,46.33746007060143,0.20092568670471833,-1.6778327954172312,-1.360498439420411,1.8023332975094206,0.3425342345832405,2.80047174280638,0.8745795140848784,-0.04697878826017643,-0.513731398808595,-0.3448763972647271
pushup_correct_2.mp4_003,pushup,correct,11,21,170.60323892436625,169.88155678431372,166.47705361731596,178.9794695202022,93.41542173250583,50.0459326009648,31.773112339369405,47.03635797353138,0.20003471915551566,-0.31644491314813195,-0.9664827180305622,1.08909805114169,-0.9376775617214719,4.8977942804104515,0.9708116524178436,1.5835603769933435,0.69889790292995,1.3613878822690992
pushup_correct_2.mp4_003,pushup,correct,12,21,170.52216505095717,167.17820252912864,166.03735231565187,179.31557046126076,96.62714005431455,51.35566345645097,40.402019390938804,47.274921741604366,0.19936170314053853,-0.0810738734090819,-2.7033542551850758,-0.43970130166408694,0.3361009410585609,3.2117183218087177,1.3097308554861726,8.6289070515694,0.23856376807298574,0.23537103973905005
pushup_correct_2.mp4_003,pushup,correct,13,21,170.1199217891201,166.58147189249115,165.7636023233984,178.86546738167442,96.72816676206048,51.606900083524046,40.11047590039857,46.84362783282449,0.19875826384098372,-0.4022432618370715,-0.5967306366374885,-0.27374999225347096,-0.45010307958634144,0.10102670774593037,0.2512366270730766,-0.291543490540235,-0.43129390877987817,-0.3211693884279896
pushup_correct_2.mp4_003,pushup,correct,14,21,169.23281203477148,166.25433091618288,165.2076673043821,179.43253380871818,97.14669366660681,51.316390759596345,39.785840887528366,47.145881916947516,0.19870395555328046,-0.8871097543486144,-0.32714097630827155,-0.5559350190162888,0.5670664270437555,0.4185269045463258,-0.2905093239277008,-0.32463501287020335,0.3022540841230281,-0.4848664925115429
pushup_correct_2.mp4_003,pushup,correct,15,21,169.95529509611137,166.38067337007772,165.56675190384573,178.98446666968667,95.2001752362279,50.37169643385081,39.204769265780854,46.649131747106615,0.19917669903398405,0.7224830613398865,0.12634245389483567,0.35908459946361404,-0.4480671390315081,-1.9465184303789016,-0.9446943257455374,-0.5810716217475118,-0.4967501698409009,1.6095928156885009
pushup_correct_2.mp4_003,pushup,correct,16,21,168.38355188004596,168.09193781904904,163.91392931828796,176.829788503169,94.06629463719193,51.10130982317115,41.67205400292662,43.98355349096919,0.1998944279176433,-1.5717432160654141,1.7112644489713205,-1.6528225855577716,-2.1546781665176695,-1.133880599035976,0.7296133893203418,2.467284737145768,-2.6655782561374224,-2.2942262774053006
pushup_correct_2.mp4_003,pushup,correct,17,21,170.13290942575028,168.5103328909467,163.72142460708147,175.22517013984893,92.00458581749497,52.990318009290846,43.73584114826876,40.278639751459124,0.2009041711440612,1.7493575457043278,0.41839507189766323,-0.19250471120648172,-1.6046183633200712,-2.0617088196969604,1.8890081861196961,2.0637871453421397,-3.7049137395100686,3.321100761769742
pushup_correct_2.mp4_003,pushup,correct,18,21,172.33952703116333,170.14871833492384,164.54028324560545,176.75325516615985,95.44070113714541,57.3391235997583,42.81928955840385,37.60600097582334,0.20143731392741676,2.2066176054130437,1.6383854439771426,0.8188586385239773,1.5280850263109187,3.4361153196504404,4.348805590467457,-0.916551589864909,-2.6726387756357823,0.45726005970871597
pushup_correct_2.mp4_003,pushup,correct,19,21,174.80358971679337,169.67710168231204,166.874888591325,177.00429733254742,102.4430630364422,64.09717153385336,38.869809402051146,32.570642976182015,0.20188117700680483,2.46406268563004,-0.4716166526118002,2.3346053457195524,0.2510421663875775,7.002361899296787,6.758047934095053,-3.949480156352706,-5.035357999641327,0.2574450802169963
pushup_correct_2.mp4_003,pushup,correct,20,21,174.36696952372932,170.25930210513667,168.47423114731168,178.17628029164996,107.78274220448532,67.7680655033573,40.36858258575272,27.676670772961426,0.20315937391962657,-0.4366201930640443,0.5822004228246271,1.5993425559866807,1.171982959102536,5.339679168043119,3.6708939695039504,1.498773183701573,-4.893972203220589,-2.9006828786940844
pushup_correct_2.mp4_003,pushup,correct,21,21,175.03766708940637,170.32665735276672,171.21434011551995,179.5598702001748,116.40882513851905,76.30641530107813,38.77890192849593,24.7712504560622,0.205528161861199,0.6706975656770453,0.06735524763004719,2.7401089682082613,1.38358990852484,8.626082934033732,8.538349797720826,-1.5896806572567925,-2.9054203168992245,1.1073177587410896
pushup_correct_2.mp4_004,pushup,correct,1,22,170.72289300891072,170.59771132028314,167.42531649082727,176.8395679836698,108.39395493182641,67.16442463368304,39.10652210654847,35.261193152763006,0.20714909797755204,0.5343156057365377,0.6922064573852822,1.3815680496653044,-2.4183762603014145,-8.457491944901875,-6.483555531186525,-5.18736639706961,6.844194724510757,1.3329298774384597
pushup_correct_2.mp4_004,pushup,correct,2,22,167.95257525705892,169.29165237919563,166.15380013700238,178.39788826240556,100.39184979862371,60.87002638371856,35.36441297424351,39.13860863321308,0.20564136109690767,-2.770317751851792,-1.3060589410875139,-1.271516353824893,1.5583202787357493,-8.002105133202704,-6.29439824996448,-3.742109132304961,3.8774154804500753,-3.3046333575883295
pushup_correct_2.mp4_004,pushup,correct,3,22,167.70370896426738,170.3271433513809,166.09908899171035,177.83647559508574,96.30478048250694,57.16181760462235,31.96768940404553,41.59192692545108,0.205302640535397,-0.24886629279154704,1.035490972185272,-0.054711145292031915,-0.5614126673198143,-4.087069316116768,-3.7082087790962106,-3.3967235701979774,2.453318292237995,2.521451459060245
pushup_correct_2.mp4_004,pushup,correct,4,22,169.08153090429812,170.8568914516979,165.10576296154392,177.86004250396516,92.23713179063215,52.97973370270924,28.604175937999326,44.18315711172869,0.2050620603027346,1.377821940030742,0.5297481003169935,-0.9933260301664291,0.023566908879416815,-4.067648691874794,-4.18208390191311,-3.3635134660462036,2.5912301862776133,1.6266882328222891
pushup_correct_2.mp4_004,pushup,correct,5,22,170.42206892715873,170.48779349054468,165.08171330081487,178.12425369454317,89.31495241172064,49.06612340873579,25.697796168998757,47.4362920905865,0.20508794668035213,1.3405380228606134,-0.3690979611532157,-0.024049660729048128,0.2642111905780098,-2.9221793789115083,-3.9136102939734485,-2.9063797690005693,3.2531349788578083,-0.03728391717012869
pushup_correct_2.mp4_004,pushup,correct,6,22,170.3466259928304,168.9392360433855,164.38468708851227,178.6065850612809,87.47464912107186,48.808285340777665,27.84558711470127,47.40894980996542,0.20476418314453776,-0.07544293432832205,-1.548557447159169,-0.6970262123026032,0.4823313667377249,-1.8403032906487766,-0.2578380679581258,2.147790945702514,-0.027342280621077464,-1.4159809571889355
pushup_correct_2.mp4_004,pushup,correct,7,22,170.56856728358548,167.27362587695032,163.8921196775004,178.84433275854983,84.89788574059706,47.91602914961231,23.200272337207178,49.98196635211608,0.20494075636856499,0.22194129075506908,-1.6656101664351866,-0.4925674110118621,0.23774769726892941,-2.5767633804748016,-0.8922561911653588,-4.645314777494093,2.5730165421506612,0.29738422508339113
pushup_correct_2.mp4_004,pushup,correct,8,22,169.84089744904892,166.34863922146587,164.242987428261,178.74109720241609,85.3253532188507,48.27423896896353,22.943666375625167,48.652903460373075,0.20365521969396155,-0.727669834536556,-0.9249866554844459,0.3508677507605853,-0.10323555613373969,0.4274674782536323,0.35820981935122376,-0.2566059615820109,-1.329062891743007,-0.9496111252916251
pushup_correct_2.mp4_004,pushup,correct,9,22,168.93936570989538,165.11784180873022,163.2427089569405,179.9966086111808,88.80904638064777,47.329743475199095,30.473124077283757,48.31921861456054,0.20204356588999003,-0.9015317391535405,-1.2307974127356545,-1.0002784713204846,1.2555114087647041,3.4836931617970777,-0.9444954937644354,7.52945770165859,-0.33368484581253455,-0.17386190461698448
pushup_correct_2.mp4_004,pushup,correct,10,22,169.59217847739282,164.60397124715445,166.73108486277178,179.9752821958916,91.38342536853857,49.21416022241468,29.538894752078054,48.77918429214904,0.20085214374458962,0.6528127674974371,-0.5138705615757715,3.488375905831276,-0.02132641528919521,2.574378987890796,1.8844167472155817,-0.9342293252057026,0.4599656775884995,1.5543445066509776
pushup_correct_2.mp4_004,pushup,correct,11,22,169.2657014103214,165.28730770189668,168.2090694880967,179.97266058032668,92.35692279964736,51.09704961197851,28.581465716819988,47.88075879200907,0.19990117607696165,-0.32647706707140856,0.683336454742232,1.4779846253249218,-0.002621615564919466,0.9734974311087967,1.882889389563836,-0.9574290352580661,-0.8984255001399717,-0.9792898345688457
pushup_correct_2.mp4_004,pushup,correct,12,22,167.6817942481785,165.62052075919223,168.16698700159233,179.8988174907786,92.5918559572922,51.761581782279485,27.78725156915717,47.45424296290557,0.19961740892742963,-1.583907162142907,0.33321305729555206,-0.042082486504369854,-0.07384308954806329,0.23493315764483214,0.6645321703009728,-0.7942141476628173,-0.4265158291035007,-1.2574300950714985
pushup_correct_2.mp4_004,pushup,correct,13,22,167.76835352601967,166.03116457404528,168.21131322796532,179.72881572773414,94.67403603198842,51.47911654512001,28.253188119435528,48.253630554821335,0.20062408136441637,0.08655927784116102,0.4106438148530458,0.044326226372987776,-0.17000176304446768,2.0821800746962253,-0.282465237159478,0.46593655027835723,0.7993875919157674,1.670466439984068
pushup_correct_2.mp4_004,pushup,correct,14,22,168.0145508133385,165.93735197775885,167.87005541222658,179.75958206669296,95.96221518438361,51.55615619060821,28.41222210272578,48.668070812001815,0.2016111242267826,0.24619728731883583,-0.09381259628642624,-0.3412578157387429,0.030766338958812867,1.2881791523951875,0.07703964548820608,0.15903398329025364,0.4144402571804804,0.1596380094776748
pushup_correct_2.mp4_004,pushup,correct,15,22,167.99738583896308,165.9847989911327,167.61669803135678,179.8093652448106,97.31530228743743,52.444575810867,28.80481910828748,48.58926854990631,0.20182524474543811,-0.01716497437541875,0.04744701337384072,-0.25335738086980086,0.049783178117650095,1.3530871030538236,0.8884196202587873,0.3925970055616972,-0.07880226209550756,-0.2633622616942546
pushup_correct_2.mp4_004,pushup,correct,16,22,167.98913682576216,166.12435359952045,166.9806565361063,179.68769280110845,101.37057237624674,52.77662219456893,37.18887959449456,48.423519779017155,0.20117995359790222,-0.008249013200924082,0.1395546083877548,-0.6360414952504811,-0.12167244370215258,4.0552700888093085,0.33204638370192896,8.38406048620708,-0.1657487708891523,0.008915961174494669
pushup_correct_2.mp4_004,pushup,correct,17,22,167.80045840127406,165.80373095974693,165.9030903789982,178.44672085741826,101.0693791733686,52.67397335823332,36.60124297088487,47.446965137322316,0.20136639000182463,-0.1886784244881028,-0.3206226397735179,-1.0775661571080946,-1.240971943690198,-0.3011932028781388,-0.10264883633561084,-0.5876366236096899,-0.9765546416948396,-0.1804294112871787
pushup_correct_2.mp4_004,pushup,correct,18,22,167.6575980151099,164.51428605133614,164.76135652892506,175.1223338614221,102.42972823535052,50.346368744510606,38.792750464902305,45.55927188457384,0.20179686361661886,-0.14286038616415908,-1.2894449084107862,-1.1417338500731375,-3.32438699599615,1.3603490619819212,-2.3276046137227127,2.1915074940174364,-1.8876932527484769,0.04581803832394371
pushup_correct_2.mp4_004,pushup,correct,19,22,168.14468483711903,163.37661384802416,163.73805873973853,170.69138379231575,101.93784237106398,51.09225354326487,41.280633855245014,42.087358897710644,0.20290700430952985,0.48708682200913245,-1.137672203311979,-1.023297789186529,-4.430950069106359,-0.49188586428654446,0.7458847987542612,2.4878833903427093,-3.4719129868631953,0.6299472081732915
pushup_correct_2.mp4_004,pushup,correct,20,22,168.97289555103242,164.32509923829232,163.16314175795918,170.61601537395882,99.62846325887764,54.83210640076449,43.90077063146791,36.75409671604365,0.20448657534242579,0.8282107139133927,0.9484853902681607,-0.5749169817793529,-0.07536841835693053,-2.3093791121863347,3.7398528574996206,2.6201367762228926,-5.333262181666996,0.3411238919042603
pushup_correct_2.mp4_004,pushup,correct,21,22,170.35400537925707,164.2954415410454,162.91404050038219,170.3913595045758,102.40391700677463,58.82803424731154,45.501752707041966,32.61904994398557,0.20592270155594675,1.381109828224652,-0.029657697246932457,-0.24910125757699575,-0.22465586938301385,2.7754537478969894,3.9959278465470547,1.6009820755740591,-4.135046772058075,0.5528991143112592
pushup_correct_2.mp4_004,pushup,correct,22,22,169.5360891370496,166.93395639197206,162.13591699579123,171.86632135394575,114.28765642844185,67.9398008872997,48.314439860319,25.180898784468326,0.20691297069940964,-0.8179162422074739,2.6385148509266685,-0.7781235045909511,1.4749618493699472,11.883739421667215,9.111766639988154,2.8126871532770323,-7.438151159517247,-2.199026070432126
pushup_correct_2.mp4_005,pushup,correct,1,24,169.31238240861936,169.19375179711383,162.79492234767986,178.73703227448354,110.02489875043393,83.71070884231443,49.12758788294598,22.64714214229802,0.21180667809587006,-0.24202339410260265,1.532009820775329,0.3224759846895324,1.0217777963718788,-11.351414344005875,-5.95343724803665,-0.531897334660961,5.417335205213785,0.027447269771641913
pushup_correct_2.mp4_005,pushup,correct,2,24,170.35493507703373,170.31189039298067,163.70495221864692,179.7137651494151,99.91252676108925,67.33976890774193,47.06945139392172,28.90118125638287,0.21101136809512602,1.0425526684143733,1.1181385958668386,0.9100298709670653,0.9767328749315709,-10.11237198934468,-16.370939934572505,-2.058136489024264,6.254039114084851,1.284576062516976
pushup_correct_2.mp4_005,pushup,correct,3,24,168.6540365811767,171.2878462539449,163.09819044036132,179.99590998712128,96.71466387075702,60.95207158731507,45.626705926215365,33.51119114914411,0.21019829732530912,-1.7008984958570181,0.975955860964234,-0.6067617782856018,0.28214483770616994,-3.1978628903322317,-6.3876973204268594,-1.4427454677063523,4.610009892761241,-2.7434511642713915
pushup_correct_2.mp4_005,pushup,correct,4,24,167.6264383392579,170.6218049387641,162.97137909879996,179.58738069852842,94.17967418677442,56.935391241376266,43.00171246044547,37.77582400934396,0.20990305260497738,-1.0275982419188097,-0.66604131518082,-0.1268113415613641,-0.40852928859285953,-2.5349896839826016,-4.016680345938802,-2.6249934657698972,4.264632860199846,0.6733002539382085
pushup_correct_2.mp4_005,pushup,correct,5,24,168.42432531653483,170.9175787715224,163.76550837506286,179.05901612196033,91.24390040578837,53.11092516897391,38.22003357221663,41.46215650196692,0.20887385898365043,0.7978869772769315,0.29577383275830016,0.7941292762629075,-0.5283645765680944,-2.935773780986054,-3.824466072402359,-4.781678888228839,3.6863324926229666,1.8254852191957411
pushup_correct_2.mp4_005,pushup,correct,6,24,168.04565295209073,169.88178024754959,162.41687110608626,179.16758580066417,87.533453803493,49.94987265963479,40.20769377894636,44.608797923494954,0.20748939044057435,-0.3786723644440997,-1.035798523972801,-1.3486372689766029,0.10856967870384437,-3.710446602295363,-3.1610525093391146,1.9876602067297284,3.146641421528031,-1.1765593417210312
pushup_correct_2.mp4_005,pushup,correct,7,24,167.97618864223875,169.47173124855277,162.1614577870877,179.66674851279294,86.18063820277742,47.93946434091166,37.59488065561585,46.53796463735242,0.20557896568743866,-0.06946430985198049,-0.4100489989968139,-0.25541331899856345,0.49916271212876495,-1.3528156007155872,-2.0104083187231296,-2.612813123330504,1.9291667138574624,0.3092080545921192
pushup_correct_2.mp4_005,pushup,correct,8,24,169.40147887201434,169.47065372249588,161.63273601722867,179.23474553783186,85.97663657669405,45.87571640488301,35.52477736584136,47.77889157700142,0.20419745089712044,1.4252902297755838,-0.0010775260568891554,-0.5287217698590325,-0.43200297496107964,-0.20400162608336814,-2.063747936028655,-2.0701032897744938,1.2409269396490004,1.4947545396275643
pushup_correct_2.mp4_005,pushup,correct,9,24,170.12082281525872,170.25831833852686,165.06352318968885,179.53723010018007,88.72798051080943,47.770627034213476,32.189938779750015,46.944030749201815,0.2029150710476996,0.7193439432443824,0.7876646160309804,3.4307871724601853,0.3024845623482122,2.7513439341153827,1.894910629330468,-3.334838586091344,-0.8348608277996021,-0.7059462865312014
pushup_correct_2.mp4_005,pushup,correct,10,24,169.51644091017045,171.37502408164113,166.77111968732117,177.93784063577564,92.2937192366837,46.776262106075954,29.90539981546251,47.7308795441869,0.20230116913577773,-0.6043819050882746,1.1167057431142666,1.7075964976323235,-1.5993894644044246,3.5657387258742688,-0.9943649281375215,-2.2845389642875062,0.7868487949850831,-1.323725848332657
pushup_correct_2.mp4_005,pushup,correct,11,24,170.15011831446594,171.0059727201992,168.31034167915138,177.24770731001223,98.76530613845074,48.068513001873924,29.508545832217475,48.5662055935801,0.20187884670130604,0.6336774042954971,-0.36905136144193307,1.5392219918302033,-0.6901333257634121,6.47158690176704,1.2922508957979701,-0.39685398324503396,0.8353260493932027,1.2380593093837717
pushup_correct_2.mp4_005,pushup,correct,12,24,168.02678217180988,167.3097850691579,168.03578292970138,179.6777598667765,99.45324630201141,46.92164936874384,28.486680985543725,49.83888958254319,0.20136619885747942,-2.1233361426560577,-3.696187651041299,-0.27455874944999437,2.430052556764281,0.6879401635606683,-1.1468636331300814,-1.0218648466737505,1.272683988963088,-2.757013546951555
pushup_correct_2.mp4_005,pushup,correct,13,24,169.34686490554085,168.28119060310846,168.70345620195138,179.42997818131334,95.19446872262435,47.895411831476395,20.217788608808327,51.55090951575204,0.2016305842500638,1.3200827337309704,0.9714055339505592,0.6676732722499992,-0.24778168546316692,-4.258777579387058,0.9737624627325516,-8.268892376735398,1.7120199332088504,3.443418876387028
pushup_correct_2.mp4_005,pushup,correct,14,24,170.11475851971514,167.5819982493244,169.37958473541423,179.4139920224799,98.00452877699946,48.60380756821662,23.03283631221698,51.715608457235646,0.20102796605687648,0.7678936141742838,-0.6991923537840421,0.676128533462844,-0.015986158833442232,2.810060054375114,0.708395736740222,2.815047703408652,0.1646989414836071,-0.5521891195566866
pushup_correct_2.mp4_005,pushup,correct,15,24,170.131466235676,167.41896559452758,168.97663066950886,179.6088834508369,92.46394462882752,48.92214696220406,15.536425294891913,51.628829427348876,0.1999472275665611,0.01670771596084819,-0.1630326547968366,-0.4029540659053623,0.19489142835701045,-5.540584148171945,0.3183393939874435,-7.496411017325066,-0.08677902988677033,-0.7511858982134356
pushup_correct_2.mp4_005,pushup,correct,16,24,170.07016862959603,166.69633341125027,168.38604758341182,179.92605383224242,100.02111450593317,49.32110271820043,24.84518812503299,51.48892212830264,0.19977335424924225,-0.06129760607996104,-0.7226321832773124,-0.5905830860970411,0.3171703814055036,7.55716987710565,0.39895575599636857,9.308762830141077,-0.13990729904623578,-0.07800532204080923
pushup_correct_2.mp4_005,pushup,correct,17,24,169.59198197105673,166.65669878638926,168.53693527269036,179.98636385745496,98.895443802842,50.01935571721703,27.78350678876752,50.557299950391176,0.20019755312082962,-0.4781866585393004,-0.03963462486100866,0.1508876892785338,0.06031002521254436,-1.1256707030911741,0.6982529990166029,2.938318663734531,-0.9316221779114642,-0.4168890524593394
pushup_correct_2.mp4_005,pushup,correct,18,24,169.88307288480732,166.94890792896555,167.67533206985806,179.6982604668425,96.28614709220048,49.51494870932348,33.27417703858425,49.87957500436008,0.2009607188072072,0.2910909137505939,0.29220914257629715,-0.8616032028322991,-0.2881033906124628,-2.609296710641516,-0.5044070078935547,5.490670249816727,-0.6777249460310983,0.7692775722898944
pushup_correct_2.mp4_005,pushup,correct,19,24,170.2287220038758,166.6399647762611,165.43498429015293,179.0846688974854,95.57782254572919,46.88438452886573,36.86930639115788,47.67188117537381,0.20149735118118747,0.34564911906846874,-0.30894315270444395,-2.2403477797051323,-0.6135915693571121,-0.7083245464712888,-2.630564180457746,3.595129352573629,-2.2076938289862653,0.05455820531787481
pushup_correct_2.mp4_005,pushup,correct,20,24,169.7363085779518,166.23030262398018,163.30000667450818,177.37800873793378,94.22148601360753,48.82316424764633,39.865932954464405,44.60731583137347,0.2032364061374135,-0.49241342592398496,-0.40966215228093006,-2.1349776156447433,-1.7066601595516033,-1.3563365321216594,1.9387797187806015,2.9966265633065277,-3.064565344000343,-0.8380625449924537
pushup_correct_2.mp4_005,pushup,correct,21,24,169.7278819849253,165.99495331084674,162.81333570922394,175.9694318252704,98.11660060392826,52.231988605255,44.14044383083713,41.94557201105732,0.20349283263952284,-0.008426593026513274,-0.23534931313344032,-0.48667096528424736,-1.408576912663392,3.8951145903207305,3.4088243576086654,4.274510876372723,-2.661743820316147,0.4839868328974717
pushup_correct_2.mp4_005,pushup,correct,22,24,170.66629659828843,169.8243975646398,164.87007107550383,178.3007380562419,101.9548351425297,58.701971271545844,44.48291953922614,37.24707424434551,0.20409176052158995,0.9384146133631361,3.8294442537930706,2.056735366279895,2.3313062309715065,3.8382345386014407,6.469982666290846,0.34247570838901,-4.69849776671181,0.9468412063896494
pushup_correct_2.mp4_005,pushup,correct,23,24,169.94626010886506,170.81832927658328,164.83039811291923,178.95405586630244,102.87888390078093,65.1981409441832,48.530018501487355,32.50299751830027,0.20482954619448926,-0.7200364894233644,0.9939317119434747,-0.03967296258460351,0.6533178100605426,0.9240487582512316,6.49616967263735,4.047098962261217,-4.744076726045243,-1.6584511027865005
pushup_correct_2.mp4_005,pushup,correct,24,24,170.95408307441244,171.40649173015333,166.22423712646852,179.6806261314675,115.44402796146294,69.61984421050462,50.76122090734931,27.076783096297923,0.20636413459959485,1.0078229655473763,0.5881624535700496,1.3938390135492966,0.7265702651650656,12.565144060682002,4.42170326632143,2.231202405861957,-5.426214422002346,1.7278594549707407
pushup_correct_2.mp4_006,pushup,correct,1,29,170.07187127648433,172.55547557383653,162.94584878812938,178.9783529402483,112.75174289559402,74.82832660969125,47.811991045833565,27.416949116052898,0.20847377903347442,0.532866163597788,0.43534733459472363,-0.351669532221905,0.21204681061195174,-8.028114966443127,-17.709687345806785,-1.9546300419689047,10.05154187668986,1.1199128180586797
pushup_correct_2.mp4_006,pushup,correct,2,29,171.2943873472263,173.5813228114773,164.30493219376558,179.95598913500262,105.48887758454705,68.08796906547892,44.18491306348753,31.105320838014187,0.20855143817592917,1.2225160707419604,1.025847237640761,1.3590834056361984,0.9776361947543251,-7.262865311046966,-6.74035754421233,-3.6270779823460373,3.688371721961289,0.6896499071441724
pushup_correct_2.mp4_006,pushup,correct,3,29,170.25967605589975,172.82839372247878,165.29509752385565,179.81935016964104,100.07999421510644,63.95245893091178,39.651418021954996,34.211289053895904,0.2078566124209469,-1.0347112913265448,-0.7529290889985134,0.9901653300900648,-0.13663896536158404,-5.408883369440616,-4.135510134567134,-4.533495041532532,3.105968215881717,-2.2572273620685053
pushup_correct_2.mp4_006,pushup,correct,4,29,171.71433622612489,171.4926944731394,166.38188344123685,179.95355690186693,98.31643721403053,55.91353211088848,35.88368738750071,40.199296496343756,0.20733973410600348,1.4546601702251394,-1.3356992493393705,1.0867859173812064,0.1342067322258913,-1.7635570010759096,-8.038926820023299,-3.7677306344542885,5.988007442447852,2.489371461551684
pushup_correct_2.mp4_006,pushup,correct,5,29,171.94497205030933,171.1744798182696,166.55181263890435,179.076787366022,94.6681287949033,53.60763926441434,33.612775245476385,42.64027067644124,0.20671016694315533,0.2306358241844464,-0.3182146548698199,0.16992919766749992,-0.876769535844943,-3.6483084191272326,-2.305892846474144,-2.270912142024322,2.4409741800974842,-1.224024346040693
pushup_correct_2.mp4_006,pushup,correct,6,29,171.29514867822974,169.45833827107654,166.26071204369967,179.89515301394812,93.9315492052042,51.161095545786395,32.04077574251943,44.175028475158335,0.20663524867705335,-0.6498233720795952,-1.7161415471930468,-0.2911005952046821,0.8183656479261288,-0.7365795896990903,-2.446543718627943,-1.571999502956956,1.534757798717095,-0.8804591962640416
pushup_correct_2.mp4_006,pushup,correct,7,29,170.1687861404403,168.0356011089007,163.82826287857836,179.50486128579192,91.14908294666225,50.10204949138733,34.68515795556117,46.17129065692841,0.20607925210782244,-1.126362537789447,-1.4227371621758493,-2.4324491651213123,-0.3902917281561997,-2.782466258541959,-1.0590460543990616,2.6443822130417445,1.9962621817700779,-0.4765391657098519
pushup_correct_2.mp4_006,pushup,correct,8,29,170.17933609674108,168.50770399330102,163.69704482048184,178.92749865090988,87.97645439023349,50.076690958643084,33.40377434888163,46.363215038707615,0.20486639721788846,0.010549956300792473,0.47210288440032855,-0.13121805809652187,-0.5773626348820358,-3.172628556428762,-0.025358532744249374,-1.2813836066795403,0.19192438177920224,1.1369124940902395
pushup_correct_2.mp4_006,pushup,correct,9,29,171.11536834545598,168.18141631874832,163.86933893711728,178.61165307633772,90.29787075074383,51.77194376827549,40.358613302939155,44.228728700387244,0.20274773118682118,0.9360322487148949,-0.32628767455270236,0.1722941166354417,-0.31584557457216533,2.321416360510341,1.6952528096324073,6.9548389540575215,-2.1344863383203716,0.9254822924141024
pushup_correct_2.mp4_006,pushup,correct,10,29,170.05315504943815,169.02648918688368,163.69824369706518,179.0517415085568,88.80871595680543,51.893795352736014,40.012411769520035,43.19873585978949,0.20045112287128938,-1.0622132960178305,0.845072868135361,-0.17109524005209664,0.4400884322190848,-1.489154793938397,0.12185158446052213,-0.3462015334191193,-1.0299928405977568,-1.9982455447327254
pushup_correct_2.mp4_006,pushup,correct,11,29,170.40601552297488,169.76113716931494,165.48013690821261,178.74492636719336,91.50675410091162,51.81656053049284,41.42854713625441,42.82265875479265,0.1988442863969247,0.35286047353673666,0.7346479824312553,1.781893211147434,-0.3068151413634439,2.6980381441061922,-0.07723482224317024,1.4161353667343732,-0.37607710499683833,1.4150737695545672
pushup_correct_2.mp4_006,pushup,correct,12,29,170.7953127922263,169.78480086446564,166.33751298204146,179.49877028413266,93.52034380489921,51.398805751222724,43.41649136382522,44.901560594091826,0.1988286485065031,0.38929726925141495,0.023663695150702324,0.8573760738288456,0.753843916939303,2.0135897039875914,-0.41775477927011906,1.9879442275708143,2.078901839299178,0.03643679571467828
pushup_correct_2.mp4_006,pushup,correct,13,29,170.64301848041592,169.1709857200982,166.44130555312958,179.17378054029055,92.72984196596715,50.34697441639163,39.99414131252839,46.56743950652301,0.19894986567237924,-0.15229431181037967,-0.613815144367436,0.10379257108812112,-0.3249897438421101,-0.7905018389320588,-1.0518313348310926,-3.4223500512968315,1.6658789124311824,-0.5415915810617946
pushup_correct_2.mp4_006,pushup,correct,14,29,170.50792442747164,166.72260163815693,167.37730293972677,178.99215119694563,96.25377093770659,49.72388873674703,39.85663392541624,48.4909423341866,0.19905600130601445,-0.13509405294428234,-2.4483840819412706,0.9359973865971938,-0.1816293433449232,3.523928971739437,-0.6230856796446034,-0.1375073871121515,1.9235028276635902,0.01720025886609733
pushup_correct_2.mp4_006,pushup,correct,15,29,170.32590201008003,166.01598365807078,167.46307634761092,178.69042289657153,96.69761254080015,50.63585246461015,40.926120556159944,48.337138157168326,0.19904983897560932,-0.1820224173916074,-0.7066179800861505,0.08577340788414745,-0.30172830037409426,0.4438416030935599,0.9119637278631245,1.0694866307437039,-0.15380417701827298,-0.046928364447325066
pushup_correct_2.mp4_006,pushup,correct,16,29,170.51702097981874,166.31562412709508,168.20370344167495,177.8726790345564,98.77507337291556,53.86229431558142,41.28296276455634,48.76284164000379,0.19900523264986317,0.19111896973871012,0.29964046902429686,0.740627094064024,-0.8177438620151349,2.077460832115406,3.22644185097127,0.3568422083963938,0.4257034828354662,0.3731413871303175
pushup_correct_2.mp4_006,pushup,correct,17,29,170.11326124197998,166.73282909856306,167.85476659592067,177.56200736039946,100.531383888686,54.137727328708486,44.47209556730085,48.80727694888462,0.198798878896333,-0.4037597378387545,0.4172049714679815,-0.34893684575428097,-0.31067167415693575,1.756310515770437,0.2754330131270635,3.18913280274451,0.04443530888082847,-0.5948787075774646
pushup_correct_2.mp4_006,pushup,correct,18,29,169.42160603993057,166.73688279800456,167.32331529640155,177.7476757122085,100.50875941289942,52.74695065715005,46.848805197361465,48.92801860241248,0.1989404266330105,-0.691655202049418,0.004053699441499248,-0.5314512995191194,0.18566835180902785,-0.022624475786571452,-1.3907766715584344,2.376709630060617,0.12074165352785826,-0.2878954642106635
pushup_correct_2.mp4_006,pushup,correct,19,29,169.77899196325853,167.21894336825756,167.11311790566342,177.6208147672705,101.88568195730996,51.239236829963836,47.80308663914346,48.87258057212831,0.19863709209872643,0.3573859233279677,0.4820605702529974,-0.2101973907381307,-0.12686094493798805,1.376922544410533,-1.5077138271862154,0.954281441781994,-0.05543803028417216,1.0490411253773857
pushup_correct_2.mp4_006,pushup,correct,20,29,169.95361367764474,168.1004508526258,166.97627966503964,177.328550005881,96.55410751066769,49.810568495040044,46.81802899309214,49.022647449129856,0.19810921477990076,0.17462171438620544,0.8815074843682567,-0.13683824062377425,-0.29226476138950375,-5.331574446642264,-1.4286683349237919,-0.9850576460513167,0.15006687700154941,-0.18276420894176226
pushup_correct_2.mp4_006,pushup,correct,21,29,169.75862052561268,168.2782203181292,165.7230551715393,178.38935345250277,85.67755870879863,48.491775713222225,44.257262035831,47.93884911967635,0.19806913426681283,-0.1949931520320547,0.17776946550338835,-1.2532244935003405,1.060803446621776,-10.876548801869063,-1.3187927818178196,-2.5607669572611442,-1.0837983294535078,-0.36961486641826014
pushup_correct_2.mp4_006,pushup,correct,22,29,168.62829249274662,168.45029564364054,164.8712554776703,178.6096496372759,84.87620540757169,48.03034164626424,45.377662155955335,46.7465054268497,0.19920977547684335,-1.1303280328660605,0.17207532551134364,-0.8517996938689976,0.22029618477313306,-0.8013533012269392,-0.4614340669579846,1.1204001201243372,-1.1923436928266469,-0.9353348808340058
pushup_correct_2.mp4_006,pushup,correct,23,29,167.35410070355843,167.56214395910177,163.60083710321896,179.67809674197898,85.40251514290982,49.61302695652128,47.04622266228014,43.045330526913204,0.19998443171470848,-1.274191789188194,-0.8881516845387694,-1.2704183744513387,1.0684471047030684,0.5263097353381312,1.582685310257041,1.668560506324802,-3.701174899936497,-0.14386375632213344
pushup_correct_2.mp4_006,pushup,correct,24,29,168.32212296009104,165.3292078394719,162.5478456108843,176.28402878036343,88.47021860383965,53.857545706601385,48.8601493188337,38.95791692041517,0.20103671794570419,0.9680222565326062,-2.232936119629869,-1.0529914923346553,-3.394067961615548,3.0677034609298346,4.244518750080104,1.8139266565535621,-4.087413606498032,2.2422140457208
pushup_correct_2.mp4_006,pushup,correct,25,29,168.89721965229157,165.9085299999338,163.10617548384667,176.07431529280603,83.97006651100783,53.93644760833212,48.9755334965832,39.04342227357051,0.20295042747465133,0.5750966922005318,0.579322160461885,0.5583298729623607,-0.20971348755739427,-4.500152092831826,0.07890190173073108,0.1153841777495046,0.08550535315534091,-0.3929255643320744
pushup_correct_2.mp4_006,pushup,correct,26,29,169.03550882745864,166.5009713786246,163.32211155833568,177.56396695674712,89.93909489299705,56.8513666154311,47.90118194002124,38.95735038713075,0.20411863000275068,0.13828917516707406,0.5924413786908076,0.21593607448900798,1.489651663941089,5.969028381989219,2.9149190070989803,-1.0743515565619646,-0.08607188643976116,-0.43680751703345777
pushup_correct_2.mp4_006,pushup,correct,27,29,168.27702998994982,169.95025669185114,164.43633370319395,178.72183723232072,101.23705356176951,61.65356617846533,46.91265175447546,35.91331527420697,0.2058330729684045,-0.7584788375088181,3.4492853132265395,1.1142221448582745,1.1578702755736003,11.297958668772466,4.802199563034236,-0.9885301855457769,-3.0440351129237797,-0.8967680126758921
pushup_correct_2.mp4_006,pushup,correct,28,29,167.13327809043332,171.30891467357165,165.46954081213207,176.74647071214986,106.64622053307687,65.8151757632625,46.90773024960524,32.106534405003856,0.20654488418628206,-1.1437518995165021,1.358657981720512,1.0332071089381145,-1.9753665201708657,5.409166971307357,4.161609584797169,-0.004921504870225135,-3.8067808692031164,-0.3852730620076841
pushup_correct_2.mp4_006,pushup,correct,29,29,165.3465076545722,170.71189545229532,165.35368287005173,176.00134237096552,115.0050171627144,71.28100652493491,47.247853578833556,27.07485184743741,0.20703041739057396,-1.786770435861115,-0.5970192212763266,-0.11585794208033917,-0.7451283411843406,8.358796629637524,5.465830761672407,0.34012332922831945,-5.031682557566445,-0.6430185363446128
pushup_correct_3 copy.mp4_000,pushup,correct,1,14,164.43327681832542,168.6470282836583,172.38401057395143,175.22196695588175,113.94014689765149,107.58339961044877,21.672523996092753,9.93240396178852,0.26072702653077884,,,,,,,,,
pushup_correct_3 copy.mp4_000,pushup,correct,2,14,161.134327917132,167.59700801376806,164.16288739556333,173.42556548798987,105.02506534820574,108.72272712849588,18.016689464092494,11.569538076979477,0.26007532371536285,,,,,,,,,
pushup_correct_3 copy.mp4_000,pushup,correct,3,14,164.15223718699684,163.1041457426432,166.8298970902744,173.519324476899,108.48812193297677,115.06908583103898,20.728277136594624,12.391564703674156,0.2544776222411222,3.0179092698648446,-4.492862271124864,2.667009694711055,0.09375898890911571,3.4630565847710244,6.3463587025431,2.71158767250213,0.8220266266946794,6.316858171058271
pushup_correct_3 copy.mp4_000,pushup,correct,4,14,168.24483577905056,169.16807000849516,167.67449713652815,176.39283809001017,106.55961656521201,116.49885329431667,18.693322050486074,22.72150002938029,0.2554586199905759,4.092598592053719,6.063924265851966,0.8446000462537597,2.873513613111186,-1.9285053677647568,1.4297674632776989,-2.0349550861085497,10.329935325706135,1.074689322188874
pushup_correct_3 copy.mp4_000,pushup,correct,5,14,169.84730738625882,176.3636398454772,168.71379978114615,178.46785286728291,94.94583728061757,95.12272522091321,9.81504124227797,12.995578134350355,0.2533358902957106,1.6024716072082583,7.195569836982031,1.0393026446180045,2.0750147772727416,-11.613779284594443,-21.376128073403464,-8.878280808208105,-9.725921895029936,-2.4901269848454604
pushup_correct_3 copy.mp4_000,pushup,correct,6,14,174.0530691961607,173.44701950275763,171.45961530601303,175.20011822623835,97.89960265899147,90.59657292007134,10.643755586343238,14.108679207289548,0.248778937210062,4.2057618099018725,-2.9166203427195683,2.7458155248668845,-3.2677346410445693,2.9537653783739017,-4.526152300841872,0.8287143440652684,1.1131010729391928,2.603290202693614
pushup_correct_3 copy.mp4_000,pushup,correct,7,14,175.14844631842413,173.68430663346902,169.87282372176827,176.52698429116037,96.61443993728858,83.77627197520864,8.738378356892392,16.637150969202033,0.2487066026476889,1.095377122263443,0.23728713071139396,-1.5867915842447644,1.3268660649220294,-1.2851627217028891,-6.820300944862694,-1.9053772294508455,2.528471761912485,-3.1103846876384296
pushup_correct_3 copy.mp4_000,pushup,correct,8,14,173.94766999642846,170.40434562191763,169.67850616089964,175.55944429277307,94.77301262177427,85.27256808816173,6.978728007434564,15.425148495954321,0.24717734117418,-1.2007763219956757,-3.279961011551393,-0.19431756086862606,-0.9675399983873092,-1.8414273155143093,1.4962961129530896,-1.7596503494578277,-1.2120024732477113,-2.2961534442591187
pushup_correct_3 copy.mp4_000,pushup,correct,9,14,174.20037965245592,170.861491603899,170.86384768063445,173.85702452034693,96.34904783056643,83.2674107607249,8.849867120275158,14.943362693330954,0.2470312059662118,0.25270965602746287,0.4571459819813697,1.1853415197348056,-1.7024197724261398,1.5760352087921632,-2.0051573274368337,1.871139112840594,-0.48178580262336723,1.4534859780231386
pushup_correct_3 copy.mp4_000,pushup,correct,10,14,171.82814842022677,170.76456586138,168.58053860962426,173.61528385487432,96.57284797750197,79.38808647002269,10.251531052788431,16.90890373781491,0.24630144784808505,-2.3722312322291543,-0.0969257425190051,-2.283309071010194,-0.2417406654726051,0.22380014693553107,-3.8793242907022147,1.401663932513273,1.965541044483956,-2.624940888256617
pushup_correct_3 copy.mp4_000,pushup,correct,11,14,170.71524481681257,168.70654085887563,166.50960877663218,169.43969087936955,102.02966283792651,95.357294734912,15.496856753599793,20.188766782296877,0.24545366716971154,-1.1129036034141961,-2.0580250025043654,-2.0709298329920784,-4.17559297550477,5.456814860424544,15.969208264889318,5.245325700811362,3.279863044481967,1.2593276288149582
pushup_correct_3 copy.mp4_000,pushup,correct,12,14,170.9015967192142,168.26968490958106,166.57309912974688,169.90674467075107,106.33795320866936,103.61500362822477,18.04110864403438,20.341034647348962,0.24592702010300144,0.1863519024016398,-0.43685594929456784,0.06349035311470175,0.4670537913815167,4.308290370742853,8.257708893312767,2.5442518904345874,0.15226786505208523,1.299255505815836
pushup_correct_3 copy.mp4_000,pushup,correct,13,14,171.14770410294156,165.33753089050214,167.36216854527547,168.63843700141064,109.86667446517224,110.99939015623255,20.45292684249126,25.816974532047407,0.24680869912193282,0.24610738372734886,-2.932154019078922,0.7890694155285871,-1.2683076693404303,3.5287212565028767,7.384386528007781,2.411818198456878,5.475939884698445,0.05975548132570907
pushup_correct_3 copy.mp4_000,pushup,correct,14,14,169.33115689955127,165.5731624299239,166.36924196842358,168.61931207862608,117.82921024619161,116.82358151270559,26.830257891841377,30.824438943619985,0.24674418798505493,-1.8165472033902859,0.2356315394217745,-0.992926576851886,-0.01912492278455602,7.962535781019369,5.824191356473037,6.3773310493501185,5.0074644115725775,-2.0626545871176347
pushup_correct_3 copy.mp4_001,pushup,correct,1,18,172.9906705573374,173.20619097848476,174.28357247186227,177.0401848076568,116.05800199805375,110.24457429535448,24.32558025872868,19.038545655225594,0.24692980025769543,0.617138244260758,1.802539591573236,0.7723879951557819,-0.31852079325784644,-7.366889042764399,1.0347623419844183,-6.7604421001678645,1.2315517481117304,2.208061177181037
pushup_correct_3 copy.mp4_001,pushup,correct,2,18,172.99792199537947,174.6411996041338,174.9601284262938,177.571413444338,107.50872721622876,109.81037469438611,16.40663189986721,20.410274936472028,0.24594316494628132,0.007251438042061409,1.4350086256490329,0.6765559544315352,0.5312286366811918,-8.549274781824991,-0.43419960096836974,-7.918948358861471,1.3717292812464343,-0.6098868062186966
pushup_correct_3 copy.mp4_001,pushup,correct,3,18,171.79049297924465,176.16391425035954,173.87581915658623,177.79349723022844,100.27998679409319,102.83594169634537,10.903801947326885,17.61953256777729,0.24564039738485396,-1.2074290161348245,1.5227146462257508,-1.0843092697075747,0.22208378589044742,-7.228740422135573,-6.97443299804074,-5.502829952540326,-2.790742368694737,-1.2146804541768859
pushup_correct_3 copy.mp4_001,pushup,correct,4,18,172.41104074885544,173.3445348490504,172.63747383546405,179.59181114257342,95.58271670368376,97.61693830679117,7.276861809921263,16.539959346359197,0.2454481596875223,0.6205477696107948,-2.819379401309135,-1.238345321122182,1.7983139123449803,-4.697270090409432,-5.219003389554203,-3.6269401374056223,-1.0795732214180944,1.8279767857456193
pushup_correct_3 copy.mp4_001,pushup,correct,5,18,170.8728866617285,172.2625857381634,171.48782354175415,178.742829988373,91.53876208606638,89.81989984827138,3.0927126219941896,15.952658518604174,0.24558618914635594,-1.5381540871269408,-1.0819491108869954,-1.1496502937098967,-0.8489811542004304,-4.0439546176173735,-7.797038458519793,-4.184149187927073,-0.5873008277550227,-2.1587018567377356
pushup_correct_3 copy.mp4_001,pushup,correct,6,18,170.67484049723168,169.54805692985605,172.60630365273667,176.69387624019535,90.5730344679581,88.26832514810403,1.7781414873790493,14.34359540938297,0.24489696967897617,-0.1980461644968159,-2.7145288083073638,1.1184801109825173,-2.048953748177638,-0.9657276181082892,-1.5515747001673503,-1.3145711346151403,-1.6090631092212035,1.340107922630125
pushup_correct_3 copy.mp4_001,pushup,correct,7,18,170.75488368085098,168.61433193739097,173.7186929834136,178.001743799397,89.45457955766227,80.09508089801699,0.09999074607051203,5.393972483506555,0.2451766843150548,0.08004318361929563,-0.9337249924650735,1.1123893306769332,1.3078675592016396,-1.1184549102958243,-8.173244250087038,-1.6781507413085373,-8.949622925876415,0.2780893481161115
pushup_correct_3 copy.mp4_001,pushup,correct,8,18,169.76978280676028,169.2142613974568,175.18764352770572,179.54214126779706,88.41337130872337,85.37396796511268,1.5720538233415369,3.8309257352018595,0.24717945129058844,-0.9851008740907048,0.5999294600658232,1.4689505442921131,1.540397468400073,-1.0412082489389007,5.278887067095695,1.4720630772710248,-1.563046748304695,-1.0651440577100004
pushup_correct_3 copy.mp4_001,pushup,correct,9,18,168.4441317764854,168.59792022529552,173.50440036302743,177.62452055015854,88.12598996474489,72.30671755139447,0.09121776837957642,12.435706917157981,0.2458557622682886,-1.3256510302748836,-0.6163411721612704,-1.683243164678288,-1.9176207176385276,-0.28738134397848114,-13.067250413718213,-1.4808360549619604,8.604781181956122,-0.34055015618417883
pushup_correct_3 copy.mp4_001,pushup,correct,10,18,169.08905101099543,166.8053258440285,174.20048909247663,176.4346180426678,97.3194344321993,74.513464855962,10.052086396524656,13.78807280687968,0.24475496328816462,0.6449192345100414,-1.7925943812670369,0.6960887294492011,-1.1899025074907286,9.193444467454412,2.2067473045675285,9.960868628145079,1.352365889721698,1.970570264784925
pushup_correct_3 copy.mp4_001,pushup,correct,11,18,168.95621974121883,167.037128888749,174.5256432490103,176.5064980356898,99.12919756265899,72.72440817690105,11.905613387332311,15.537551711008293,0.24365470172812795,-0.1328312697766023,0.2318030447205217,0.32515415653367086,0.07187999302198023,1.809763130459686,-1.7890566790609483,1.853526990807655,1.7494789041286136,-0.7777505042866437
pushup_correct_3 copy.mp4_001,pushup,correct,12,18,168.51505159686485,166.61011987669903,174.51082541653346,177.03927760327775,102.53047732670957,78.84322798817665,15.098015376004058,13.203900868644698,0.24329472447723416,-0.44116814435398055,-0.42700901204997876,-0.014817832476836656,0.5327795675879656,3.401279764050585,6.1188198112756,3.1924019886717474,-2.3336508423635944,-0.30833687457737824
pushup_correct_3 copy.mp4_001,pushup,correct,13,18,167.00125156587066,166.887084960745,173.59659969388662,176.99364985179412,111.37897237580458,110.63036539535382,23.40131268073445,24.818250253109422,0.24287199558950093,-1.5138000309941901,0.276965084045969,-0.9142257226468473,-0.04562775148363585,8.848495049095007,31.78713740717717,8.30329730473039,11.614349384464724,-1.0726318866402096
pushup_correct_3 copy.mp4_001,pushup,correct,14,18,165.46620277725006,166.96208879313173,173.24219303986408,176.79782542088864,112.05644241950125,97.85854674268214,24.503990531339156,19.049383867445787,0.24271453941423798,-1.5350487886205997,0.07500383238672725,-0.3544066540225401,-0.19582443090547486,0.6774700436966725,-12.771818652671683,1.1026778506047066,-5.768866385663635,-0.021248757626409542
pushup_correct_3 copy.mp4_001,pushup,correct,15,18,163.30659277383546,166.81806988864463,174.55167008053567,177.17726792763878,109.71820011044169,114.1052398607106,20.705581047493794,30.575928660640326,0.2436970018545325,-2.159610003414599,-0.14401890448709764,1.3094770406715952,0.3794425067501379,-2.3382423090595665,16.24669311802846,-3.7984094838453615,11.526544793194539,-0.6245612147939994
pushup_correct_3 copy.mp4_001,pushup,correct,16,18,160.63844320326663,165.94390104234432,172.87602848051932,178.16373765465306,107.56980231454357,115.86585221489825,19.342145403464553,29.523510681255303,0.2453667840218858,-2.668149570568829,-0.8741688463003072,-1.6756416000163483,0.9864697270142813,-2.14839779589812,1.760612354187657,-1.3634356440292414,-1.052417979385023,-0.5085395671542301
pushup_correct_3 copy.mp4_001,pushup,correct,17,18,161.1489750766999,165.16463253723228,173.02314908428966,179.30485271292565,112.53445296169838,111.6245197212516,24.01409993337924,19.373975264942572,0.24775835602936216,0.5105318734332798,-0.7792685051120429,0.14712060377033254,1.1411150582725895,4.964650647154812,-4.241332493646652,4.671954529914686,-10.14953541631273,3.178681444002109
pushup_correct_3 copy.mp4_001,pushup,correct,18,18,162.28676351870013,165.66107555529157,172.8686868601816,179.47718288711474,118.65426506674048,122.54062223086768,28.216429118627335,29.389816997050282,0.2506340287369877,1.1377884420002147,0.4964430180592956,-0.15446222410804467,0.17233017418908503,6.119812105042101,10.916102509616081,4.202329185248097,10.01584173210771,0.6272565685669349
pushup_correct_3 copy.mp4_002,pushup,correct,1,8,167.09498663815535,160.518639688905,169.54763580922145,170.85869494618257,110.10087886888005,115.96937224711296,18.959117547796314,25.772651486404705,0.2722349677722649,0.8003489081498287,1.9950921489097198,-1.591804682445371,-0.8154735098115111,-15.269410965057915,-5.807137380754455,-13.83917727708874,-3.3441453791044857,0.940905894132527
pushup_correct_3 copy.mp4_002,pushup,correct,2,8,167.83294794354026,162.90096241732618,170.2218348012771,172.78430444301026,101.43865391625731,111.33886858935844,12.178459153319869,22.197496457629175,0.26659755456145995,0.7379613053849141,2.3823227284211725,0.6741989920556648,1.9256094968276898,-8.662224952622736,-4.630503657754517,-6.780658394476445,-3.57515502877553,-0.06238760276491462
pushup_correct_3 copy.mp4_002,pushup,correct,3,8,166.31635551351062,161.1445950325342,168.4430597894226,169.41996138500377,97.88807188210953,102.23361408445668,10.547437934130535,14.311605778544065,0.2626668323806472,-1.5165924300296467,-1.7563673847919858,-1.7787750118545205,-3.364343058006483,-3.55058203414778,-9.105254504901765,-1.6310212191893338,-7.88589067908511,-2.254553735414561
pushup_correct_3 copy.mp4_002,pushup,correct,4,8,163.91614942029693,160.1818983700714,166.58630824494585,168.06901231519925,91.51094277943322,97.53469713713999,6.90625678706699,11.447150010270677,0.25969768980723573,-2.400206093213683,-0.9626966624628039,-1.8567515444767366,-1.3509490698045283,-6.377129102676307,-4.69891694731669,-3.641181147063545,-2.8644557682733875,-0.8836136631840361
pushup_correct_3 copy.mp4_002,pushup,correct,5,8,164.84259480628657,160.5616502395553,167.709876489271,169.00168555165462,89.8650403744002,97.6148326557201,6.216893468375884,10.006379036790102,0.25974886408512426,0.9264453859896378,0.37975186948389705,1.1235682443251562,0.932673236455372,-1.645902405033027,0.08013551858010715,-0.6893633186911066,-1.440770973480575,3.3266514792033206
pushup_correct_3 copy.mp4_002,pushup,correct,6,8,166.21649846873893,161.47815136585643,169.93986582750122,171.1016068844394,90.09631076582576,93.33548370572882,4.612854992587353,4.753085405755349,0.2611373298461104,1.3739036624523635,0.9165011263011422,2.2299893382302116,2.0999213327847883,0.23127039142556782,-4.279348949991274,-1.6040384757885304,-5.2532936310347536,0.44745827646272573
pushup_correct_3 copy.mp4_002,pushup,correct,7,8,165.59323493222277,161.56605450508292,169.71696922424456,171.18493990578588,94.80008316318305,92.41519515069074,10.350263211846352,2.9551261439937058,0.2615140123864225,-0.6232635365161627,0.08790313922648352,-0.2228966032566575,0.08333302134647624,4.703772397357284,-0.9202885550380842,5.737408219258999,-1.7979592617616431,-1.9971671989685262
pushup_correct_3 copy.mp4_002,pushup,correct,8,8,164.9824300502893,161.5717287013841,171.0482616742528,172.07808248088173,126.73694516225453,99.91353487717959,43.66892299706096,10.389821052153197,0.26204734107079725,-0.6108048819334613,0.00567419630118593,1.3312924500082488,0.893142575095851,31.936861999071482,7.498339726488851,33.31865978521461,7.434694908159491,0.012458654582701456
pushup_correct_3 copy.mp4_003,pushup,correct,1,11,158.7196763189937,167.82700209093622,172.14442191652708,172.64301812221444,77.38099820242277,41.437164651096644,62.07222705653775,52.54847108757941,0.2639082856914075,-0.2531032067251715,4.280672679286965,-2.02683297975193,-2.1041205243785157,-56.56881068322065,-57.9166865188483,3.750110633068651,15.006135061193092,0.4689185841267829
pushup_correct_3 copy.mp4_003,pushup,correct,2,11,158.65285182454528,169.055727395905,171.988016647352,176.84573484066348,78.74953353886714,62.31642849010595,59.62300838291313,43.34953102491768,0.2645249900118907,-0.06682449444841154,1.2287253049687763,-0.15640526917508168,4.2027167184490395,1.368535336444367,20.879263839009305,-2.449218673624621,-9.198940062661727,0.18627871227675996
pushup_correct_3 copy.mp4_003,pushup,correct,3,11,158.06682754734808,168.21032813726333,171.55683900277424,172.87550686719936,94.42215092633509,50.739304104946434,60.79026621064528,46.164098482105004,0.2643810631615775,-0.5860242771971969,-0.8453992586416632,-0.4311776445777582,-3.9702279734641195,15.672617387467952,-11.577124385159514,1.1672578277321506,2.814567457187323,-0.5191997827487853
pushup_correct_3 copy.mp4_003,pushup,correct,4,11,159.9427687477024,166.7116881543987,171.3923999352793,167.85330836565655,97.15890165459777,69.50100277511862,60.53310428409644,36.163493591029464,0.26431977018492,1.8759412003543048,-1.4986399828646313,-0.1644390674949534,-5.022198501542817,2.7367507282626775,18.761698670172187,-0.2571619265488394,-10.00060489107554,2.4619654775515016
pushup_correct_3 copy.mp4_003,pushup,correct,5,11,160.17431557939435,166.12927295955686,170.25526693474018,166.81635256562885,103.02668223192521,65.73322458061337,58.68516087961504,41.18670312327189,0.26496761727449697,0.23154683169195778,-0.5824151948418432,-1.1371330005391087,-1.0369558000276982,5.867780577327437,-3.7677781945052544,-1.8479434044813985,5.023209532242426,-1.644394368662347
pushup_correct_3 copy.mp4_003,pushup,correct,6,11,160.6380470755621,164.25394859875328,169.44165717391837,167.22062400524928,106.60754388452199,80.14556474268348,56.08261515322681,10.678695823785445,0.2648913643867516,0.4637314961677532,-1.8753243608035746,-0.8136097608218051,0.40427143962043033,3.5808616525967807,14.412340162070109,-2.602545726388229,-30.508007299486444,0.23218466447579544
pushup_correct_3 copy.mp4_003,pushup,correct,7,11,162.75362418776376,164.07741138937166,169.96388520566506,167.17277215723388,101.19185797327381,80.87931697679184,22.32061485225,8.64244819894053,0.26554305043529774,2.115577112201663,-0.1765372093816211,0.5222280317466925,-0.04785184801539799,-5.415685911248175,0.7337522341083655,-33.76200030097681,-2.036247624844915,1.65184561603391
pushup_correct_3 copy.mp4_003,pushup,correct,8,11,163.4488168476259,163.3176698293628,169.33425491339113,164.31262496023078,103.41844374806627,87.27371770045491,19.907475265360585,13.998404065269085,0.26727229761161364,0.6951926598621299,-0.7597415600088482,-0.6296302922739301,-2.8601471970031014,2.2265857747924542,6.394400723663068,-2.4131395868894145,5.355955866328555,-1.4203844523395333
pushup_correct_3 copy.mp4_003,pushup,correct,9,11,163.47005321452897,163.84670318021702,168.60408827727912,163.13879113827366,103.06128340497729,91.13232179243744,16.264479973653067,16.23601542734931,0.2681129318148025,0.02123636690308217,0.5290333508542062,-0.7301666361120169,-1.1738338219571176,-0.35716034308897804,3.858604091982528,-3.6429952917075177,2.2376113620802265,-0.6739562929590477
pushup_correct_3 copy.mp4_003,pushup,correct,10,11,162.8423673339143,165.02662107092382,169.26233750261108,163.82516703520145,106.88763173309557,98.17297643839278,17.07203673991907,18.97693668513568,0.2675753391048486,-0.6276858806146777,1.179917890706804,0.6582492253319572,0.6863758969277853,3.8263483281182857,7.0406546459553425,0.8075567662660035,2.7409212577863684,-0.6489222475177598
pushup_correct_3 copy.mp4_003,pushup,correct,11,11,164.40794641367458,164.90132614196122,171.22821254380926,164.26015630023767,118.72258287517802,112.05509135220598,26.462242855444565,33.17502612986115,0.2675591790532254,1.5655790797602833,-0.12529492896260308,1.9658750411981885,0.43498926503622215,11.834951142082446,13.882114913813197,9.390206115525494,14.198089444725472,2.193264960374961
pushup_correct_3 copy.mp4_004,pushup,correct,1,21,168.1512152087207,165.7724360933791,174.33240616193922,172.14506939001578,111.19678069723612,113.16519121834538,18.246597170855082,22.117176190245143,0.2667286066449488,-0.012447730188341666,0.7745469738892439,-3.091507980520902,-2.4204399721293157,-9.853740486734026,-8.836624122436817,-6.3800714152113756,-3.0433186510773176,-0.06990191347614427
pushup_correct_3 copy.mp4_004,pushup,correct,2,21,166.2614272606397,165.052519031973,172.59709649646084,170.02674860710945,106.76728362673259,101.64630443746809,15.101313985288666,20.60313113143743,0.26482954793386543,-1.8897879480810218,-0.7199170614061075,-1.7353096654783826,-2.1183207829063235,-4.42949707050353,-11.518886780877295,-3.1452831855664165,-1.5140450588077137,-1.8773402178926801
pushup_correct_3 copy.mp4_004,pushup,correct,3,21,165.70312391802776,162.03019848946403,167.99339082015308,167.96357719591686,103.57286278769624,103.08226917431416,17.314776595204428,20.360593679681227,0.26298665611012945,-0.5583033426119357,-3.0223205425089645,-4.603705676307754,-2.0631714111925987,-3.194420839036354,1.4359647368460742,2.213462609915762,-0.24253745175620267,1.331484605469086
pushup_correct_3 copy.mp4_004,pushup,correct,4,21,165.19265854098546,160.37126724264468,166.79290789552803,165.0665169695734,109.65883394827671,94.97581826256985,28.34478937510922,16.1890426459699,0.2610645609955208,-0.5104653770422942,-1.6589312468193498,-1.2004829246250495,-2.8970602263434557,6.0859711605804705,-8.106450911744318,11.03001277990479,-4.171551033711328,0.04783796556964148
pushup_correct_3 copy.mp4_004,pushup,correct,5,21,164.66691828458815,160.62785966209896,169.07933321509913,167.16768508315582,101.2798156504085,103.57420618438971,53.83542516849767,42.20763439943849,0.25711879477126076,-0.525740256397313,0.2565924194542788,2.2864253195710944,2.1011681135824176,-8.379018297868214,8.598387921819864,25.490635793388453,26.01859175346859,-0.015274879355018811
pushup_correct_3 copy.mp4_004,pushup,correct,6,21,164.00292714275847,161.2550368012203,169.21446173203688,167.9294690072496,91.35694555631059,92.50137083065783,54.65219314611479,43.377092694235586,0.25809276698398226,-0.6639911418296833,0.6271771391213576,0.13512851693775474,0.7617839240937769,-9.922870094097902,-11.072835353731875,0.8167679776171184,1.1694582947970957,-0.1382508854323703
pushup_correct_3 copy.mp4_004,pushup,correct,7,21,163.505847802737,159.3869705735794,171.4570460385973,168.60156442262266,86.51917856388235,92.02677565862453,55.664786257182556,43.513798183271106,0.26454255932942555,-0.4970793400214575,-1.8680662276409237,2.242584306560417,0.6720954153730645,-4.837766992428243,-0.4745951720333039,1.0125931110677655,0.1367054890355206,0.16691180180822585
pushup_correct_3 copy.mp4_004,pushup,correct,8,21,162.74445708110807,160.37272867057098,171.1616635036788,167.71315372999902,98.72871796479578,92.15170041368184,55.88230455602421,41.66964339214586,0.2643247968943382,-0.761390721628942,0.9857580969915887,-0.2953825349185024,-0.888410692623637,12.209539400913428,0.12492475505730738,0.21751829884165375,-1.8441547911252485,-0.26431138160748446
pushup_correct_3 copy.mp4_004,pushup,correct,9,21,161.30032212581017,163.3507319568914,171.54657435470875,168.78009360491097,105.91964049451778,87.1155918483466,53.53010882279171,44.80900045091483,0.2638008562342434,-1.4441349552978977,2.9780032863204156,0.38491085102995726,1.0669398749119523,7.190922529722002,-5.03610856533524,-2.3521957332324988,3.1393570587689723,-0.6827442336689558
pushup_correct_3 copy.mp4_004,pushup,correct,10,21,159.73394116506583,163.37539345338897,169.95146419087536,167.18064211621993,111.83300619357406,82.320586147795,51.1958988932012,46.04039603516156,0.2630979781931815,-1.5663809607443397,0.02466149649757199,-1.5951101638333967,-1.5994514886910451,5.9133656990562855,-4.795005700551599,-2.334209929590507,1.2313955842467266,-0.12224600544644204
pushup_correct_3 copy.mp4_004,pushup,correct,11,21,160.37839005333572,165.93746437937315,171.7515774367433,168.94105162770785,112.36259421438068,78.69608248747726,50.38415702094477,51.28869189926729,0.26287584437360645,0.644448888269892,2.5620709259841874,1.8001132458679479,1.7604095114879215,0.5295880208066137,-3.6245036603177425,-0.8117418722564338,5.248295864105735,2.2108298490142317
pushup_correct_3 copy.mp4_004,pushup,correct,12,21,161.08447624715276,166.72059298659195,173.31435367978142,169.97299923402144,114.95943393351995,81.46917127094281,49.4804854057723,45.098996123706144,0.2625851921173542,0.7060861938170433,0.7831286072187993,1.5627762430381154,1.0319476063135937,2.5968397191392683,2.7730887834655533,-0.9036716151724704,-6.189695775561148,0.0616373055471513
pushup_correct_3 copy.mp4_004,pushup,correct,13,21,160.59620392900086,166.8949163035154,174.1893771946554,166.7604490430739,116.69004296774433,62.55423017718759,52.028454091761816,53.092570945068616,0.26129098395061323,-0.48827231815189975,0.1743233169234486,0.8750235148739876,-3.212550190947553,1.7306090342243863,-18.914941093755218,2.5479686859895168,7.993574821362472,-1.194358511968943
pushup_correct_3 copy.mp4_004,pushup,correct,14,21,160.62302309710205,166.0147886734314,173.55194050848186,168.75210807709723,89.4546178939776,63.70566848429722,61.260903643298064,55.704526679346635,0.26151228267581217,0.026819168101184232,-0.8801276300839902,-0.6374366861735439,1.9916590340233427,-27.235425073766734,1.151438307109629,9.232449551536249,2.6119557342780197,0.515091486253084
pushup_correct_3 copy.mp4_004,pushup,correct,15,21,159.87205116237428,166.44535973662917,174.1278963984718,168.28513722731122,101.98007349821117,54.20292554500764,60.44910013871684,60.48447508716805,0.26156446523094556,-0.7509719347277724,0.4305710631977604,0.5759558899899275,-0.46697084978600856,12.52545560423357,-9.502742939289583,-0.8118035045812277,4.779948407821415,-0.7777911028289566
pushup_correct_3 copy.mp4_004,pushup,correct,16,21,159.7662801761579,170.30929427440668,174.04460040652273,170.5507576182573,106.38434249239563,59.617208075115414,56.810028032950136,57.743914795620434,0.261652163423859,-0.1057709862163847,3.86393453777751,-0.08329599194905768,2.265620390946083,4.404268994184463,5.414282530107776,-3.639072105766701,-2.7405602915476166,0.6452009485113877
pushup_correct_3 copy.mp4_004,pushup,correct,17,21,161.92399119430635,174.04913418677168,175.168047696888,171.9725854491699,116.68562611273728,80.00246958926482,35.11801112301416,17.500836612759105,0.26280639352747764,2.1577110181484613,3.7398399123649995,1.1234472903652772,1.421827830912605,10.30128362034165,20.385261514149406,-21.692016909935973,-40.243078182861325,2.263482004364846
pushup_correct_3 copy.mp4_004,pushup,correct,18,21,162.70556594793447,172.13834585864328,175.3191750445179,169.39633699180354,95.00511692964821,77.28721121573372,4.545254442985104,6.423660523526568,0.26583153846385205,0.7815747536281208,-1.9107883281284046,0.15112734762988111,-2.5762484573663755,-21.68050918308907,-2.7152583735311,-30.57275668002906,-11.077176089232537,-1.3761362645203405
pushup_correct_3 copy.mp4_004,pushup,correct,19,21,163.32024512662153,168.2049238677506,172.37718280755192,166.36023868231757,93.19183965547185,97.10464644558807,0.18694302361384035,24.598584907990336,0.26860585302924167,0.6146791786870551,-3.9334219908926684,-2.941992236965973,-3.036098309485965,-1.8132772741763574,19.817435229854354,-4.3583114193712635,18.17492438446377,-0.16689557494106566
pushup_correct_3 copy.mp4_004,pushup,correct,20,21,163.78978781593048,167.99021164079403,174.0605918889418,170.84196842333156,110.70295055671185,108.75955654676311,14.362913000534647,34.351746506501875,0.2681265193621827,0.4695426893089518,-0.21471222695657843,1.6834090813898683,4.481729741013993,17.511110901240002,11.654910101175034,14.175969976920806,9.75316159851154,-0.1451364893781033
pushup_correct_3 copy.mp4_004,pushup,correct,21,21,166.49020275253002,168.40031519064047,176.89176668268968,172.06882257491947,125.682136452222,119.66530573313236,27.236422114028745,39.53388468362594,0.27031801777935893,2.700414936599543,0.4101035498464398,2.8311747937478913,1.2268541515879008,14.979185895510142,10.905749186369249,12.873509113494098,5.182138177124067,2.2308722472905913
pushup_correct_3 copy.mp4_005,pushup,correct,1,17,164.69684279140935,161.5315701419331,175.22552236900293,172.10299627379152,112.93496201182039,116.52699928200235,23.38544112662588,28.32813169121933,0.27010686277396495,1.5199974668463199,-1.8585421689708426,0.5028139129827593,-0.9387690383205438,-4.824986159733598,-4.567664497402788,-3.9368998253599656,-1.3367483210867483,2.5395854927473067
pushup_correct_3 copy.mp4_005,pushup,correct,2,17,168.5988591075866,161.4426840235929,178.03893145112423,171.03435599489833,110.96500387385754,109.62459086923957,22.565949661254855,24.971669794279425,0.2683047783675299,3.902016316177253,-0.08888611834018434,2.8134090821212965,-1.0686402788931844,-1.9699581379628484,-6.902408412762782,-0.8194914653710264,-3.356461896939905,2.382018849330933
pushup_correct_3 copy.mp4_005,pushup,correct,3,17,166.57204720898807,162.71653552463937,173.42794936885429,171.1801394487734,109.75057895550503,103.97609581499806,27.69419256627124,24.180497143713737,0.266518298104612,-2.026811898598538,1.2738515010464653,-4.610982082269942,0.14578345387505465,-1.2144249183525062,-5.648495054241508,5.128242905016386,-0.791172650565688,-5.928828214775791
pushup_correct_3 copy.mp4_005,pushup,correct,4,17,164.3621286691975,161.72222218646846,171.28343129510696,172.289969211488,112.4800738280388,100.23158621479321,38.7062982085209,27.51536120317667,0.26409505626012797,-2.2099185397905785,-0.9943133381709117,-2.144518073747321,1.109829762714611,2.7294948725337633,-3.74450960020485,11.012105642249658,3.3348640594629337,-0.18310664119204034
pushup_correct_3 copy.mp4_005,pushup,correct,5,17,165.85379558128867,163.26683388371285,171.5115595455246,172.69744315341555,109.14223036813871,99.72335119123768,51.61791679752807,25.262760365234865,0.26378805346382156,1.4916669120911763,1.5446116972443917,0.22812825041762608,0.4074739419275488,-3.3378434599000855,-0.5082350235555282,12.911618589007169,-2.252600837941806,3.701585451881755
pushup_correct_3 copy.mp4_005,pushup,correct,6,17,167.45545318879806,165.43635952442662,170.7416036828859,174.1694841014141,81.95396512655128,88.46222454183201,56.379895329908905,37.83213053311166,0.2611421325795438,1.6016576075093951,2.169525640713772,-0.7699558626386818,1.4720409479985506,-27.18826524158743,-11.261126649405668,4.761978532380837,12.569370167876794,0.10999069541821882
pushup_correct_3 copy.mp4_005,pushup,correct,7,17,167.35252138552013,162.37516383081808,171.30361337133277,172.88806742447568,85.28892628929569,89.42816126511998,56.60391966028502,34.890092897784356,0.2588224992530593,-0.10293180327792584,-3.061195693608539,0.5620096884468637,-1.28141667693842,3.3349611627444062,0.9659367232879674,0.22402433037611758,-2.942037635327303,-1.704589410787321
pushup_correct_3 copy.mp4_005,pushup,correct,8,17,167.83383831204034,164.07657708236,174.77650183434747,174.06060315711926,68.53408441230876,97.10051792513434,58.53864440251201,35.26319649361883,0.25865224669469666,0.48131692652020774,1.7014132515419078,3.472888463014698,1.1725357326435812,-16.75484187698693,7.6723566600143585,1.9347247422269902,0.37310359583447195,0.5842487297981336
pushup_correct_3 copy.mp4_005,pushup,correct,9,17,167.4315897138281,168.74574133476642,175.63546971682982,175.89810702531486,83.709769035797,81.97816383210264,56.40441195081353,47.573184072374666,0.26128713847591545,-0.40224859821225323,4.669164252406432,0.8589678824823466,1.837503868195597,15.175684623488237,-15.122354093031703,-2.1342324516984803,12.309987578755837,-0.883565524732461
pushup_correct_3 copy.mp4_005,pushup,correct,10,17,166.96318471239613,168.46520726698716,176.76312045108483,176.82468454944853,103.76524776999064,82.86487800635751,56.318582262815276,40.169484147130895,0.26276909435435,-0.46840500143196095,-0.28053406777925716,1.1276507342550133,0.9265775241336769,20.055478734193642,0.8867141742548768,-0.08582968799825608,-7.403699925243771,-0.06615640321970773
pushup_correct_3 copy.mp4_005,pushup,correct,11,17,164.17586963897426,165.38589461687422,175.4893099071917,174.19978484109868,113.2803001915256,72.94809943048753,55.77691631292818,44.27128861805318,0.2639149948956268,-2.7873150734218655,-3.0793126501129393,-1.27381054389312,-2.624899708349858,9.51505242153496,-9.916778575869984,-0.541665949887097,4.101804470922282,-2.3189100719899045
pushup_correct_3 copy.mp4_005,pushup,correct,12,17,161.59619431906614,162.73459057849882,173.85987924882693,171.583614053846,114.31017321482993,72.55373108394282,55.64723755412327,40.363642449896176,0.26421959249804033,-2.5796753199081195,-2.6513040383754003,-1.6294306583647824,-2.6161707872526847,1.029873023304333,-0.3943683465447094,-0.1296787588049071,-3.907646168157001,0.20763975351374597
pushup_correct_3 copy.mp4_005,pushup,correct,13,17,160.68114277616124,163.5718737785545,173.40657910212616,170.31551297947692,111.24679138462542,53.16965579056135,57.97303975542562,51.51138836396652,0.2638256435925447,-0.9150515429049051,0.8372832000556798,-0.45330014670076935,-1.2681010743690706,-3.0633818302045057,-19.38407529338147,2.325802201302345,11.147745914070342,1.6646237770032144
pushup_correct_3 copy.mp4_005,pushup,correct,14,17,160.69615475587855,165.64928194712869,173.3657263758509,168.5656286950999,99.64556783333917,44.437569199452824,58.36032292325133,56.89858352230208,0.264493898755135,0.015011979717314716,2.0774081685741805,-0.040852726275261375,-1.749884284377032,-11.601223551286253,-8.732086591108526,0.38728316782571426,5.387195158335565,0.9300635226222198
pushup_correct_3 copy.mp4_005,pushup,correct,15,17,161.48927171760909,164.65002300653993,173.83691992648752,167.21520115734242,108.69854244890354,52.71175864641486,56.335954914979595,53.57535400234225,0.26395136091861837,0.7931169617305329,-0.99925894058876,0.4711935506366274,-1.3504275377574686,9.052974615564366,8.274189446962033,-2.024368008271736,-3.323229519959831,0.7781049820132182
pushup_correct_3 copy.mp4_005,pushup,correct,16,17,161.32407477557405,165.0599546296248,173.6524709204137,167.77802765695787,114.29699185694629,58.84017241750861,54.648174836061806,49.93777951734334,0.26309574229698474,-0.16519694203503832,0.40993162308487285,-0.18444900607383374,0.5628264996154542,5.598449408042754,6.128413771093754,-1.6877800789177897,-3.6375744849989147,-0.9583139037655712
pushup_correct_3 copy.mp4_005,pushup,correct,17,17,160.81203684182753,166.9010353725941,172.8716615712065,169.23038655496723,118.57212365486298,60.51798441217731,51.295199428798945,49.35132247425729,0.26267674710401495,-0.5120379337465124,1.8410807429692966,-0.7808093492072032,1.4523588980093507,4.275131797916686,1.6778119946687013,-3.3529754072628606,-0.5864570430860496,-0.3468409917114741
pushup_correct_3.mp4_000,pushup,correct,1,17,164.6104371102123,168.64867631291753,171.45902521243676,175.62656152084418,113.9660324043351,108.25620230755099,22.283183290345598,10.072705987257853,0.26073187600452713,,,,,,,,,
pushup_correct_3.mp4_000,pushup,correct,2,17,162.97933495169724,168.05613733703004,164.33344037840092,173.99368380092574,104.94514916751403,109.49223044271855,17.894437721216278,11.493517620711675,0.2590349850672178,,,,,,,,,
pushup_correct_3.mp4_000,pushup,correct,3,17,164.4205685366187,163.6915713050752,166.5762765467998,173.12262181888343,110.43787526459705,115.56186031754703,24.014816454717568,12.900368706576893,0.25276586410756635,1.4412335849214628,-4.364566031954837,2.242836168398867,-0.8710619820423062,5.492726097083022,6.069629874828479,6.1203787335012905,1.4068510858652186,3.0723357434365255
pushup_correct_3.mp4_000,pushup,correct,4,17,168.40921528000283,168.55457356361154,167.21309963717295,175.22585977089673,106.68489661757634,115.04032606250631,19.252102208141917,19.776378684264206,0.25747229112146197,3.9886467433841233,4.863002258536341,0.6368230903731558,2.103237952013302,-3.7529786470207114,-0.52153425504072,-4.762714246575651,6.876009977687312,2.5474131584626605
pushup_correct_3.mp4_000,pushup,correct,5,17,170.95928407615042,175.3232159768422,169.32015990647682,177.1398757474238,95.73233137669605,93.48169237188354,9.936127535244974,13.989783153445757,0.2547493050207439,2.550068796147599,6.768642413230651,2.1070602693038722,1.914015976527054,-10.95256524088029,-21.55863369062277,-9.315974672896942,-5.786595530818449,-1.4385779472365243
pushup_correct_3.mp4_000,pushup,correct,6,17,170.64803526514325,175.14890369026205,171.08909569447374,177.66470100052064,97.76708884877138,90.67405667189506,9.310537978319207,13.612740506190189,0.2520118826029636,-0.31124881100717516,-0.17431228658014675,1.7689357879969236,0.52482525309685,2.034757472075327,-2.807635699988481,-0.6255895569257675,-0.3770426472555677,-2.861317607154774
pushup_correct_3.mp4_000,pushup,correct,7,17,170.87664167852958,172.69484714136834,170.2370037183411,176.01825590935894,98.441201802702,82.00249210248596,11.030082296506656,15.478907746129696,0.25196685328413526,0.2286064133863306,-2.4540565488937034,-0.8520919761326411,-1.646445091161695,0.6741129539306172,-8.6715645694091,1.7195443181874488,1.8661672399395073,0.5398552243935058
pushup_correct_3.mp4_000,pushup,correct,8,17,173.31209043904025,170.8580951165611,169.9579781062615,174.87920153496862,99.33052204672961,71.45319010036137,12.67165236697754,12.018418509165322,0.2502273122664467,2.435448760510667,-1.8367520248072537,-0.2790256120796073,-1.1390543743903265,0.8893202440276156,-10.549302002124591,1.641570070470884,-3.4604892369643743,2.2068423471243364
pushup_correct_3.mp4_000,pushup,correct,9,17,172.27292091710515,172.21605120061693,169.9104187239248,175.55991972587782,98.02453082810295,72.06828244427356,10.3148700256377,11.165815966493646,0.24921248242289232,-1.0391695219350936,1.357956084055843,-0.04755938233668644,0.6807181909092037,-1.3059912186266587,0.6150923439121954,-2.356782341339839,-0.8526025426716757,-3.4746182824457605
pushup_correct_3.mp4_000,pushup,correct,10,17,170.80136147623736,170.89367046798344,167.64835032910474,173.3594372212783,96.69046533187445,73.93678640857404,10.720738682745559,12.588779925471341,0.24808124827856054,-1.471559440867793,-1.3223807326334907,-2.262068394820062,-2.2004825045995062,-1.3340654962285043,1.8685039643004728,0.4058686571078578,1.4229639589776948,-0.4323899189326994
pushup_correct_3.mp4_000,pushup,correct,11,17,169.9678534323385,169.66543726875685,165.86590409474218,170.59274286741564,102.92508298896774,82.39553350113913,16.06801046427456,19.33396738161025,0.24671558005944919,-0.8335080438988598,-1.2282331992265938,-1.7824462343625669,-2.7666943538626754,6.234617657093295,8.45874709256509,5.3472717815290025,6.745187456138909,0.6380513969689332
pushup_correct_3.mp4_000,pushup,correct,12,17,170.4509257164449,167.8019873407041,165.86549859008167,169.70733692261825,106.77726436639284,103.50757858586798,20.151684032171257,22.32032475159533,0.2460048909743743,0.483072284106413,-1.863449928052745,-0.0004055046605060397,-0.8854059447973839,3.8521813774250973,21.112045084728848,4.083673567896696,2.986357369985079,1.3165803280052728
pushup_correct_3.mp4_000,pushup,correct,13,17,171.15839138615934,165.93218589124697,167.44804434398958,169.14484771097756,108.62957284493218,112.81846437840717,21.16454231495868,27.536349204473023,0.24743587788620094,0.7074656697144235,-1.8698014494571282,1.5825457539079082,-0.5624892116406954,1.8523084785393422,9.310885792539196,1.0128582827874233,5.216024452877694,0.22439338560801048
pushup_correct_3.mp4_000,pushup,correct,14,17,170.6932314511101,166.48510816338063,167.43297165101188,169.19481424570463,110.30386379614217,120.55618943174747,22.53938926245495,35.539220786238914,0.24832776460278314,-0.46515993504922903,0.5529222721336566,-0.015072692977696533,0.04996653472707635,1.6742909512099828,7.737725053340299,1.3748469474962697,8.002871581765891,-1.1726256047636525
pushup_correct_3.mp4_000,pushup,correct,15,17,171.95500867471551,167.29231346926397,168.01547829111638,169.41728071341944,113.64837072836453,119.61590523938794,25.202902453805336,32.75762885723341,0.24916740181896269,1.2617772236054066,0.8072053058833433,0.5825066401044978,0.22246646771480982,3.344506932222359,-0.9402841923595275,2.6635131913503862,-2.781591929005508,1.7269371586546356
pushup_correct_3.mp4_000,pushup,correct,16,17,173.5620859832065,166.65531962997343,167.33112154867416,172.13732016422722,118.32426613662112,123.52998645156052,29.077582666486332,34.78885523269932,0.25083120310119755,1.6070773084909717,-0.6369938392905397,-0.684356742442219,2.720039450807775,4.6758954082565936,3.914081212172576,3.874680212680996,2.031226375465913,0.3453000848855652
pushup_correct_3.mp4_000,pushup,correct,17,17,175.63035660005647,167.16177275756823,167.85641110742998,173.85046655699912,126.97778358566235,129.11916924630705,34.84149867310458,35.783355804368185,0.252371115737714,2.0682706168499863,0.5064531275947957,0.5252895587558157,1.713146392771904,8.653517449041232,5.5891827947465345,5.763916006618249,0.9945005716688655,0.4611933083590145
pushup_correct_3.mp4_001,pushup,correct,1,18,173.33011673795664,174.94775044757603,176.44335199003575,177.5911077420597,113.058114636455,111.72989829622216,20.554542017632112,18.14919768872258,0.2451970383031523,1.897236435706219,1.6908430927890379,2.231275990764857,-0.23210214902775306,-10.034983237187305,-4.777584535281193,-9.784456525544506,-0.7094958091595736,1.7221363680068578
pushup_correct_3.mp4_001,pushup,correct,2,18,172.52173084150246,175.46310440154804,173.88648408160992,178.18635807598443,103.8825311791102,106.66452592173319,14.918496923072428,17.864699693900015,0.24455999590782188,-0.8083858964541832,0.51535395397201,-2.5568679084258292,0.5952503339247244,-9.1755834573448,-5.065372374488973,-5.636045094559684,-0.28449799482256566,-2.7056223321604023
pushup_correct_3.mp4_001,pushup,correct,3,18,173.1695336496214,175.95230125187348,173.7560822036079,178.06481123704248,98.55349145040839,101.65054855647854,10.186519722124427,15.166170209974247,0.24511935316594216,0.6478028081189393,0.4891968503254418,-0.13040187800203284,-0.12154683894195273,-5.329039728701815,-5.013977365254647,-4.731977200948002,-2.6985294839257676,1.4561887045731225
pushup_correct_3.mp4_001,pushup,correct,4,18,172.02073860364732,174.22966777357,172.31589702651254,179.98079140848478,93.11564380842466,98.3362949195223,6.226684845537408,14.987078596740593,0.2444579624536976,-1.148795045974083,-1.722633478303493,-1.4401851770953442,1.9159801714422997,-5.437847641983723,-3.314253636956238,-3.959834876587019,-0.17909161323365375,-1.7965978540930223
pushup_correct_3.mp4_001,pushup,correct,5,18,172.14441209104038,170.55355467213946,173.2617062060466,178.3683600871729,89.85393621641477,93.26276302529868,1.7184609321721385,15.596380270999326,0.24500800357711355,0.12367348739306294,-3.6761131014305306,0.9458091795340522,-1.612431321311874,-3.2617075920098983,-5.0735318942236205,-4.508223913365269,0.6093016742587327,1.272468533367146
pushup_correct_3.mp4_001,pushup,correct,6,18,171.07919016997565,170.66154363610985,173.80957127772106,176.7777559052262,90.83108436737237,93.72194118752466,1.6407026191557121,16.316469152040643,0.24448759466144915,-1.0652219210647331,0.10798896397039925,0.5478650716744653,-1.590604181946702,0.9771481509576034,0.4591781622259816,-0.07775831301642633,0.7200888810413169,-1.188895408457796
pushup_correct_3.mp4_001,pushup,correct,7,18,171.09487748126796,169.6287893987138,175.07234033645554,177.79023377001957,93.06147108937473,84.10103823338561,2.9801636414742916,1.0077069604781574,0.24456980437009787,0.015687311292310824,-1.0327542373960625,1.2627690587344773,1.012477864793368,2.2303867220023648,-9.620902954139055,1.3394610223185794,-15.308762191562485,1.080909232357044
pushup_correct_3.mp4_001,pushup,correct,8,18,168.73136820757708,168.13069559660843,174.4612853475787,177.4704945291039,89.99452493289573,77.88889170085022,0.1267408746592524,11.09580971116949,0.2454778711926496,-2.3635092736908803,-1.498093802105359,-0.6110549888768446,-0.3197392409156805,-3.0669461564790055,-6.212146532535385,-2.853422766815039,10.088102750691332,-2.379196584983191
pushup_correct_3.mp4_001,pushup,correct,9,18,168.6424181431483,168.4331271785328,173.67972965655437,176.33185549955155,90.49550385522394,69.21928924905252,1.7962985767315711,21.60010439505181,0.24405010089191595,-0.08895006442878639,0.3024315819243668,-0.7815556910243231,-1.138639029552337,0.5009789223282155,-8.6696024517977,1.6695577020723187,10.504294683882321,2.274559209262094
pushup_correct_3.mp4_001,pushup,correct,10,18,169.29982823168965,166.05741559297948,175.0943028873651,176.43462393076686,98.41093682515918,65.27361305175657,10.59347771586876,23.34188664181689,0.243451496716014,0.6574100885413543,-2.3757115855533186,1.4145732308107313,0.10276843121530987,7.915432969935239,-3.9456761972959526,8.797179139137189,1.74178224676508,0.7463601529701407
pushup_correct_3.mp4_001,pushup,correct,11,18,169.2689015270278,166.71872209561528,174.44830961795907,176.29797974559813,99.33652820071596,65.38346031511388,12.031627322157783,24.155526691227585,0.24219511299589927,-0.030926704661851545,0.6613065026357958,-0.6459932694060342,-0.1366441851687341,0.9255913755567775,0.10984726335730954,1.4381496062890236,0.8136400494106937,-0.6883367932032058
pushup_correct_3.mp4_001,pushup,correct,12,18,168.7945541195762,167.02287384139302,174.10256284985468,176.98581152334077,105.66790066199867,100.91370597629182,18.55478158919608,16.435369824579897,0.2413131562314218,-0.474347407451603,0.3041517457777445,-0.34574676810439087,0.6878317777426446,6.331372461282712,35.53024566117794,6.523154267038295,-7.720156866647688,-0.44342070278975143
pushup_correct_3.mp4_001,pushup,correct,13,18,167.84090169346925,167.32018119775498,173.80397026990948,177.07496690189933,111.34261075553297,110.30973670457317,23.778700428298777,28.337398003886236,0.24067331284812535,-0.9536524261069417,0.29730735636195504,-0.2985925799451934,0.0891553785585586,5.674710093534301,9.396030728281346,5.223918839102698,11.902028179306338,-0.4793050186553387
pushup_correct_3.mp4_001,pushup,correct,14,18,165.93494503060722,166.84114588902014,173.79290790957774,177.00070622970796,111.27153639663742,106.35157673259629,23.697364826082083,28.172808912774602,0.24109912831907343,-1.9059566628620246,-0.47903530873483646,-0.011062360331749233,-0.07426067219137167,-0.07107435889555802,-3.958159971976883,-0.08133560221669356,-0.16458909111163322,-0.9523042367550829
pushup_correct_3.mp4_001,pushup,correct,15,18,163.48018517353395,167.23196638576707,174.59624836524563,177.83609694205953,110.71702230248344,113.31138383077753,21.49345621291746,32.31554756451653,0.24240056952141867,-2.4547598570732703,0.390820496746926,0.8033404556678931,0.8353907123515683,-0.5545140941539728,6.959807098181244,-2.2039086131646215,4.142738651741926,-0.5488031942112457
pushup_correct_3.mp4_001,pushup,correct,16,18,162.3750625584359,166.3561684729351,174.041447453952,179.305409636359,109.28052627184358,115.69762477157305,22.42089981566316,30.263990723896747,0.244588231270546,-1.105122615098054,-0.8757979128319562,-0.5548009112936256,1.4693126942994752,-1.4364960306398586,2.386240940795517,0.9274436027456971,-2.0515568406197815,1.3496372419752163
pushup_correct_3.mp4_001,pushup,correct,17,18,163.25097692859435,166.80902028984093,173.6813137056901,179.59511987732657,113.85509279141185,119.57550843761419,25.891610881954012,31.86423762274538,0.24735567215806686,0.8759143701584549,0.4528518169058202,-0.3601337482619158,0.28971024096756537,4.574566519568265,3.877883666041143,3.4707110662908534,1.600246898848635,1.9810369852565088
pushup_correct_3.mp4_001,pushup,correct,18,18,163.68263912793566,165.85682088067895,173.97365593072237,178.7715798290475,120.56038236382244,124.45160301517608,30.033218373377625,33.90423344028965,0.2507544291480576,0.4316621993413037,-0.9521994091619774,0.2923422250322858,-0.8235400482790567,6.705289572410592,4.8760945775618865,4.141607491423613,2.03999581754427,-0.4442521708171512
pushup_correct_3.mp4_002,pushup,correct,1,6,163.72213247013823,160.25729865288017,170.4459733006863,171.8190775490572,118.12462746787601,110.30703732750095,36.05669335272838,34.27318612878175,0.25296869315919407,0.009818699471679793,0.29407284613606066,-2.348907034707082,-0.3631524687039871,-7.9612761368143765,17.942443967328316,-10.948444235214232,0.5816418412249931,0.0411084811576643
pushup_correct_3.mp4_002,pushup,correct,2,6,164.5729591102126,160.66409612899145,168.44357720043573,171.03793347161002,117.00233130371097,116.90561046849909,34.110852508554785,37.77333572384073,0.25587121205634955,0.8508266400743594,0.40679747611127937,-2.0023961002505644,-0.7811440774471805,-1.1222961641650357,6.598573140998141,-1.9458408441735955,3.5001495950589785,0.8410079406026796
pushup_correct_3.mp4_002,pushup,correct,3,6,167.40519599093648,164.37428551680438,168.86947988715627,170.69408965631436,104.98501909318665,117.2115689034879,17.82398432963776,36.12165626569845,0.2593382293619535,2.832236880723883,3.7101893878129317,0.42590268672054776,-0.34384381529565644,-12.017312210524324,0.3059584349888098,-16.286868178917025,-1.651679458142283,1.9814102406495238
pushup_correct_3.mp4_002,pushup,correct,4,6,168.0956299128719,166.04361149289915,167.38181594914707,171.55063725607715,112.67468873104814,110.27030490465621,26.136703334573273,24.695271184264953,0.26231056691923604,0.690433921935437,1.6693259760947683,-1.4876639380092058,0.8565475997627914,7.689669637861485,-6.941263998831687,8.312719004935513,-11.426385081433494,-2.141802958788446
pushup_correct_3.mp4_002,pushup,correct,5,6,168.57313573620303,166.20253236001858,167.3705600568983,170.29495930953135,120.08536408629608,117.51846228720011,32.36822116686586,32.89492010077677,0.2649154554878384,0.47750582333111424,0.1589208671194342,-0.011255892248755117,-1.2556779465458021,7.410675355247946,7.248157382543894,6.231517832292585,8.19964891651182,-0.2129280986043227
pushup_correct_3.mp4_002,pushup,correct,6,6,170.9563478965455,168.00735449826246,169.52816418968308,169.81735168084063,129.86151396926286,123.57541039171983,40.910486000032,36.933697621024976,0.2633635749839608,2.383212160342481,1.8048221382438783,2.157604132784769,-0.4776076286907198,9.776149882966777,6.056948104519719,8.542264833166143,4.038777520248203,1.9057063370113667
pushup_correct_3.mp4_003,pushup,correct,1,8,167.2999099489815,162.16283834469368,169.49215312053835,170.72126653463596,108.79368052358069,118.04899110918299,17.936351997788147,25.464783683150195,0.27196942365801186,0.6982915959366949,0.8483339435786945,-1.6360556253428626,-1.5032805768823323,-16.557946615531307,-9.943924912785434,-14.618921203675828,-3.982883410257802,0.8240684314099838
pushup_correct_3.mp4_003,pushup,correct,2,8,167.60475546525893,163.4682236647338,169.98469262652978,172.78509708327127,100.32608747646162,112.5319210108636,11.653449186960673,22.510757870267895,0.26723871846985275,0.3048455162774246,1.3053853200401306,0.4925395059914308,2.063830548635309,-8.467593047119067,-5.517070098319394,-6.2829028108274745,-2.9540258128823,-0.39344607965927025
pushup_correct_3.mp4_003,pushup,correct,3,8,166.02857495245652,161.75383748657208,169.173199658128,170.0276730541375,98.02659098054995,106.07497135791981,10.745121363420525,21.068602380872328,0.26384635895487224,-1.5761805128024093,-1.7143861781617318,-0.8114929684017795,-2.757424029133773,-2.2994964959116686,-6.456949652943791,-0.908327823540148,-1.4421554893955673,-1.881026029079834
pushup_correct_3.mp4_003,pushup,correct,4,8,163.8994926012054,159.7830438089197,166.63607207653104,168.09883218746955,91.06597596149365,98.83866596170701,6.734716494353005,14.359393345668716,0.2599582794402008,-2.129082351251128,-1.970793677652381,-2.5371275815969625,-1.9288408666679402,-6.960615019056306,-7.236305396212799,-4.01040486906752,-6.709209035203612,-0.5529018384487188
pushup_correct_3.mp4_003,pushup,correct,5,8,165.0343912674666,159.46131695680376,167.65406527271182,171.03789172690526,90.70142803953127,100.05291918781762,7.866576077445121,10.322464003067394,0.26089389735980156,1.1348986662611935,-0.321726852115944,1.0179931961807824,2.9390595394357035,-0.3645479219623837,1.214253226110614,1.1318595830921154,-4.036929342601322,3.2639810175123216
pushup_correct_3.mp4_003,pushup,correct,6,8,165.21494154891528,160.9581936882633,169.5238019748277,172.03343570008636,89.81267646065346,91.80806170667789,6.523486140186179,2.5735261997049235,0.26048443782801317,0.18055028144868857,1.4968767314595368,1.8697367021158868,0.9955439731810998,-0.8887515788778018,-8.244857481139732,-1.3430899372589415,-7.74893780336247,-0.954348384812505
pushup_correct_3.mp4_003,pushup,correct,7,8,164.6608710895058,160.11999345558496,169.8796588648181,170.6040338245573,95.89959996299324,95.7867186075326,10.612613382113521,7.128846709334575,0.2608081608198862,-0.5540704594094734,-0.8382002326783322,0.355856889990406,-1.4294018755290665,6.086923502339772,3.978656900854716,4.089127241927342,4.555320509629652,-0.734620740858162
pushup_correct_3.mp4_003,pushup,correct,8,8,164.2423499232944,160.13359827543707,170.96733302751983,170.91731992679146,127.4469002280176,98.77870010814878,45.03152506855699,11.557032444046563,0.26172070457489555,-0.41852116621140567,0.013604819852105265,1.0876741627017168,0.31328610223417286,31.54730026502436,2.991981500616177,34.418911686443465,4.428185734711987,0.13554929319806774
pushup_correct_3.mp4_004,pushup,correct,1,12,158.8467362795844,165.13374476703737,171.12488799376857,173.21645870506035,79.66630150055227,75.12764449168384,63.54241417517833,45.563754341086195,0.2661700548906615,0.30067159328842763,3.2917028959675747,-0.4295171568236924,1.3699111974366929,-42.531593443283825,-15.17895691201602,5.257123312122765,4.2742585232035495,2.901313363817337
pushup_correct_3.mp4_004,pushup,correct,2,12,158.6448296613181,167.05329580126943,170.30775288099088,171.65365097413104,93.92999898230914,50.54625155096733,62.058566733633164,50.268246873922344,0.2655691336162352,-0.20190661826629253,1.9195510342320574,-0.8171351127776916,-1.5628077309293076,14.263697481756878,-24.581392940716512,-1.4838474415451657,4.704492532836149,-0.5025782115547202
pushup_correct_3.mp4_004,pushup,correct,3,12,157.76394026803337,167.68385213840563,170.78796508709954,170.47824329143324,100.60114980983317,48.55464818384142,61.38753689043705,48.53392839798594,0.2648119336294224,-0.8808893932847468,0.6305563371361984,0.48021220610866067,-1.175407682697795,6.6711508275240305,-1.9916033671259044,-0.6710298431961164,-1.734318475936405,-0.6789827750184543
pushup_correct_3.mp4_004,pushup,correct,4,12,159.7984636061077,167.00928757198446,171.23327986152992,167.99664604597632,100.88539136678934,72.53562726700358,60.995873363097736,34.1669626918653,0.26484313286597966,2.0345233380743366,-0.6745645664211679,0.44531477443038625,-2.481597245456925,0.28424155695616093,23.980979083162154,-0.3916635273393112,-14.366965706120638,2.9154127313590834
pushup_correct_3.mp4_004,pushup,correct,5,12,159.06831971891066,165.71946684386575,170.0717996866958,166.84741619425094,106.42825160059971,61.85185244955664,58.929364646655586,42.441706163723644,0.2645128414156507,-0.7301438871970447,-1.2898207281187126,-1.1614801748341108,-1.14922985172538,5.542860233810373,-10.683774817446938,-2.0665087164421507,8.274743471858343,-2.7646672252713813
pushup_correct_3.mp4_004,pushup,correct,6,12,159.84992008501592,163.36331418452016,169.48035004732165,166.5783697280088,110.71710883987319,79.5275296150425,56.3409938481018,9.852054449698144,0.2646870362587261,0.7816003661052662,-2.3561526593455824,-0.5914496393741615,-0.2690464662421448,4.288857239273483,17.675677165485858,-2.5883707985537825,-32.5896517140255,1.5117442533023109
pushup_correct_3.mp4_004,pushup,correct,7,12,162.15820644712446,163.49015988606297,169.78033309792025,166.69701562423458,101.03159733920316,80.21685661475843,20.529032373685137,7.232010048906861,0.26539908865720435,2.3082863621085323,0.1268457015428055,0.2999830505985983,0.11864589622578592,-9.685511500670032,0.6893269997159308,-35.81196147441666,-2.6200444007912838,1.5266859960032662
pushup_correct_3.mp4_004,pushup,correct,8,12,163.73033254067605,163.33920243273954,169.1352061903219,163.8424990253141,102.41516289302109,86.58006344632734,17.945397202159775,13.409803932775723,0.26719874965369894,1.5721260935515886,-0.15095745332342858,-0.6451269075983532,-2.854516598920469,1.383565553817931,6.363206831568917,-2.583635171525362,6.177793883868863,-0.7361602685569437
pushup_correct_3.mp4_004,pushup,correct,9,12,163.70652493676755,163.77445100690719,168.60322023479014,162.2629907248778,110.26162519553512,90.43183647428711,23.65688080762384,16.619098208237688,0.2665032468319563,-0.023807603908494457,0.4352485741676446,-0.5319859555317521,-1.5795083004363164,7.846462302514027,3.8517730279597657,5.711483605464064,3.209294275461964,-1.595933697460083
pushup_correct_3.mp4_004,pushup,correct,10,12,163.2600779401549,164.3522931099263,169.5730095662443,163.19725798825482,110.4943455527304,100.66867208782236,18.88128576423056,23.901746167845314,0.2687527679300308,-0.4464469966126501,0.5778421030191225,0.9697893314541659,0.9342672633770235,0.2327203571952765,10.236835613535249,-4.7755950433932775,7.282647959607626,-0.4226393927041556
pushup_correct_3.mp4_004,pushup,correct,11,12,164.10385727236127,164.07943668584957,170.76373389553348,165.1385019171058,113.12245930821186,103.17467341620467,20.640029381020863,23.37893325464233,0.26833083645403555,0.8437793322063669,-0.2728564240767355,1.1907243292891678,1.9412439288509802,2.628113755481465,2.506001328382311,1.7587436167903014,-0.5228129132029835,1.290226328819017
pushup_correct_3.mp4_004,pushup,correct,12,12,163.79658000187845,164.5393140991618,174.3066566681135,169.82233648882968,132.73798353347448,126.31728832693018,36.04580833567112,37.96370274803798,0.26614930529275094,-0.30727727048281395,0.45987741331222765,3.5429227725800274,4.683834571723878,19.615524225262618,23.142614910725513,15.405778954650255,14.584769493395651,-1.1510566026891809
pushup_correct_3.mp4_005,pushup,correct,1,13,168.2066917133926,166.10589586798451,174.792587521175,172.37576280143855,114.43121710063049,115.25718621018153,21.506991772908247,25.58271905393475,0.2677603679165777,-0.9119615555007101,0.7433163733247738,-2.3343180032009343,-0.8740256532136641,-9.595363726425816,-7.230921650575638,-7.248087294296553,-2.7052141510308054,-1.9903822326055547
pushup_correct_3.mp4_005,pushup,correct,2,13,165.46088276364804,163.2917194742819,171.9284598629289,170.7843655380658,109.05025623742456,108.30500500986693,18.13763419532841,23.6199701748316,0.2651934696736194,-2.745808949744543,-2.81417639370261,-2.8641276582461046,-1.5913972633727553,-5.380960863205928,-6.952181200314598,-3.3693575775798372,-1.9627488791031489,-1.8338473942438327
pushup_correct_3.mp4_005,pushup,correct,3,13,164.16228164468157,159.3739978611116,167.31894036216076,166.21652758086603,106.29766314362632,104.79636914052597,21.450036848739956,21.590271381920427,0.2619906394367237,-1.2986011189664737,-3.9177216131703005,-4.60951950076813,-4.567837957199771,-2.7525930937982395,-3.5086358693409636,3.312402653411546,-2.029698792911173,1.4472078307780691
pushup_correct_3.mp4_005,pushup,correct,4,13,163.23359164582902,159.94076393040896,166.6162476104573,163.80762876897282,110.20006933998006,92.91469754733815,29.153215052362818,15.020418317847145,0.2604129534396436,-0.9286899988525477,0.5667660692973584,-0.7026927517034665,-2.4088988118932093,3.9024061963537378,-11.881671593187818,7.703178203622862,-6.569853064073282,0.369911120113926
pushup_correct_3.mp4_005,pushup,correct,5,13,162.1741241227862,159.75932604061617,168.0028422500982,166.95018263520075,115.7378224538882,102.24227238052973,44.89432391677398,21.66397353657672,0.2593219244265265,-1.0594675230428265,-0.18143788979278952,1.3865946396409186,3.142553866227928,5.537753113908138,9.327574833191576,15.74110886441116,6.643555218729574,-0.13077752419027888
pushup_correct_3.mp4_005,pushup,correct,6,13,163.18414157458426,160.98408787475344,169.3434653179018,166.66125216523807,111.42960143282508,104.33885877258423,52.74717447421305,33.64283240865842,0.26045909748089646,1.0100174517980633,1.2247618341372686,1.340623067803591,-0.2889304699626791,-4.308221021063119,2.0965863920545047,7.852850557439069,11.978858872081702,2.06948497484089
pushup_correct_3.mp4_005,pushup,correct,7,13,164.43455014058665,162.5109164151356,172.1904063245122,168.46247931358582,102.45651518655099,99.76582394074367,54.291217663534354,43.96140128725428,0.2644428889737493,1.2504085660023918,1.526828540382155,2.8469410066103933,1.801227148347749,-8.973086246274093,-4.573034831840559,1.5440431893213074,10.318568878595862,0.24039111420432846
pushup_correct_3.mp4_005,pushup,correct,8,13,163.2111049941644,159.93487370079862,170.5954602819971,166.96529500047276,104.10590706278,91.04673477086425,53.538547526785806,38.56389553946706,0.267839030686473,-1.2234451464222502,-2.576042714336978,-1.5949460425150903,-1.4971843131130527,1.6493918762290178,-8.719089169879425,-0.7526701367485487,-5.397505747787221,-2.473853712424642
pushup_correct_3.mp4_005,pushup,correct,9,13,161.1449410381936,160.13491797034365,170.31672073882157,167.61218862815406,97.42888152757298,88.956230013697,55.67223053800335,40.782346952698745,0.26586324096040886,-2.066163955970808,0.20004426954503174,-0.27873954317553284,0.646893627681294,-6.677025535207022,-2.0905047571672526,2.133683011217542,2.2184514132316835,-0.8427188095485576
pushup_correct_3.mp4_005,pushup,correct,10,13,160.3591752763577,160.98319983940587,170.01596750832007,167.03472425219366,109.34142429001308,85.6256160438497,51.41741599079925,39.351819277345356,0.2648805864150689,-0.7857657618359042,0.8482818690622196,-0.30075323050149905,-0.5774643759604032,11.912542762440097,-3.330613969847292,-4.254814547204099,-1.4305276753533889,1.2803981941349036
pushup_correct_3.mp4_005,pushup,correct,11,13,159.5484094888542,162.97418280356246,170.4878177113043,167.50906574275712,107.47053151278223,81.2462231074964,52.84155164857457,44.207195877948564,0.26351483484715443,-0.8107657875034988,1.9909829641565864,0.4718502029842284,0.47434149056346087,-1.87089277723085,-4.379392936353298,1.4241356577753237,4.855376600603208,-0.025000025667594628
pushup_correct_3.mp4_005,pushup,correct,12,13,159.67055891519777,163.21258437404262,171.2003320485367,169.37840997502786,113.91986517472506,89.5348507510096,50.58364496575701,40.831491282782494,0.2631671890151435,0.12214942634358295,0.23840157048016408,0.7125143372323919,1.8693442322707483,6.4493336619428305,8.288627643513195,-2.2579066828175627,-3.37570459516607,0.9329152138470818
pushup_correct_3.mp4_005,pushup,correct,13,13,159.92260061377817,162.18581517037933,172.24696940896973,169.0880616663424,124.61487959294273,89.7735388256766,50.61971269103668,40.67026652671739,0.26476495340914574,0.25204169858039904,-1.0267692036632923,1.0466373604330386,-0.29034830868545214,10.695014418217667,0.23868807466699593,0.03606772527967195,-0.16122475606510278,0.1298922722368161
pushup_correct_3.mp4_006,pushup,correct,1,8,160.21950056357926,161.81097825912752,173.11244436024984,168.14339867128066,116.73892712665203,77.21884663624749,56.27675734101966,47.87662086253218,0.2628602062646022,0.29689994980108736,-0.37483691125180485,0.8654749512801061,-0.9446629950617478,-7.875952466290698,-12.554692189429105,5.6570446499829785,7.206354335814787,0.04485825122068832
pushup_correct_3.mp4_006,pushup,correct,2,8,160.30703606668135,162.62735942010377,173.0156388606923,170.8184616363001,105.21291637928776,78.44151004647402,54.555158667368865,45.80494536068346,0.2632134756964732,0.0875355031020888,0.816381160976249,-0.09680549955754714,2.6750629650194355,-11.526010747364268,1.2226634102265308,-1.7215986736507958,-2.0716755018487163,-0.20936444669899856
pushup_correct_3.mp4_006,pushup,correct,3,8,159.68451160285068,163.3284303307099,173.44029778924892,170.2502416052775,111.23022319565268,78.18688408927869,52.10171152416297,44.6787340387952,0.26379123773518265,-0.622524463830672,0.7010709106061199,0.42465892855662446,-0.5682200310226051,6.017306816364922,-0.25462595719533,-2.453447143205892,-1.1262113218882632,-0.7100599669327607
pushup_correct_3.mp4_006,pushup,correct,4,8,160.02912276438374,166.6063149505106,173.4302935221086,169.1919874132321,110.26150601738345,78.98971140532882,28.26781572192211,11.56450708578277,0.26393915697101333,0.3446111615330665,3.277884619800716,-0.010004267140317324,-1.058254192045382,-0.9687171782692303,0.8028273160501271,-23.833895802240864,-33.11422695301243,0.9671356253637384
pushup_correct_3.mp4_006,pushup,correct,5,8,162.32707884305148,170.13707543128277,174.467217114834,169.18530859539507,90.96113360410645,74.21694104374653,1.2222117813993016,1.4151751180258496,0.2667987457006926,2.297956078667738,3.530760480772159,1.036923592725401,-0.006678817837041606,-19.300372413277003,-4.772770361582289,-27.045603940522806,-10.14933196775692,1.9533449171346717
pushup_correct_3.mp4_006,pushup,correct,6,8,163.40692718403008,167.63473574828396,172.224731132982,166.45037014531465,91.15211259296026,92.06370089193751,1.7928374639536315,19.50109891660582,0.2694111921207582,1.0798483409786002,-2.5023396829988087,-2.2424859818520133,-2.7349384500804206,0.19097898885381426,17.846759848190985,0.5706256825543299,18.08592379857997,-1.218107737689138
pushup_correct_3.mp4_006,pushup,correct,7,8,165.98291989504548,168.48271410976218,174.61823752773597,170.42674498771632,104.69441955440385,109.33034530283601,9.189842287223716,30.914053475065217,0.27016981373588383,2.5759927110154024,0.8479783614782264,2.3935063947539845,3.9763748424016683,13.542306961443586,17.266644410898493,7.397004823270084,11.412954558459397,1.4961443700368022
pushup_correct_3.mp4_006,pushup,correct,8,8,168.06234933672727,168.2077420131949,176.91394176698194,172.58355042614454,125.97525729764007,122.05517166507335,28.423171747781772,37.75562746311364,0.2722853643785561,2.079429441681782,-0.2749720965672964,2.295704239245964,2.156805438428222,21.28083774323622,12.724826362237337,19.233329460558057,6.841573988048424,-0.4965632693336204
pushup_correct_3.mp4_007,pushup,correct,1,20,164.51354064150624,163.55833194210348,175.82531797996617,172.46212502009547,115.00790768182624,112.37666447906598,23.77800682697742,28.135304404180584,0.26854577198830054,0.7583361223261988,-0.7496319232864153,0.3129157206351749,-1.883086521356347,-4.4920697078145935,-9.378066474061,-4.359464028560232,-2.215952363721005,0.5414971300594686
pushup_correct_3.mp4_007,pushup,correct,2,20,166.2426808188909,160.94626918697114,175.6662194267729,171.729779239884,111.58506562107479,111.1396560029615,26.045479492614973,25.762918207313994,0.2663940806912546,1.7291401773846644,-2.6120627551323423,-0.15909855319327448,-0.7323457802114604,-3.4228420607514494,-1.237008476104478,2.267472665637552,-2.3723861968665894,0.9708040550584656
pushup_correct_3.mp4_007,pushup,correct,3,20,165.57106184947577,163.02373294046666,173.87993238787416,173.72678019166787,111.37785112775103,106.06727118617647,29.53756191346837,22.9309430986209,0.2650651094831176,-0.6716189694151353,2.077463753495522,-1.7862870388987346,1.9970009517838605,-0.20721449332376096,-5.072384816785032,3.4920824208533965,-2.8319751086930935,-2.4007591467997997
pushup_correct_3.mp4_007,pushup,correct,4,20,163.09369942403058,164.24011960284017,171.5013020235383,171.70886800252148,115.93327548738928,103.5403684083714,41.08508671320268,35.395190198658995,0.2631085907144138,-2.477362425445193,1.216386662373509,-2.378630364335862,-2.0179121891463865,4.555424359638252,-2.526902777805063,11.547524799734308,12.464247100038094,-1.8057434560300578
pushup_correct_3.mp4_007,pushup,correct,5,20,163.80743783889497,163.53679146104236,171.79242570450748,174.23730823411955,109.53583614191335,92.10656913868264,53.716423669882126,34.81693457262192,0.26162797460738046,0.7137384148643946,-0.7033281417978117,0.2911236809691786,2.5284402315980685,-6.397439345475931,-11.433799269688762,12.631336956679448,-0.5782556260370768,3.1911008403095877
pushup_correct_3.mp4_007,pushup,correct,6,20,164.99215844321816,162.51235584400135,171.89056836129444,173.31245611672398,53.818345552193506,86.01760974433323,59.58797782672355,42.867534849273866,0.2610182200192539,1.1847206043231893,-1.0244356170410072,0.09814265678696188,-0.9248521173955737,-55.717490589719844,-6.088959394349416,5.871554156841427,8.050600276651949,0.47098218945879466
pushup_correct_3.mp4_007,pushup,correct,7,20,164.46559125366127,162.5471242600059,172.4280662336618,173.9551655410373,78.48111737248988,90.21222705415605,54.986887457467546,37.43878182965503,0.26115203947553856,-0.5265671895568858,0.03476841600453895,0.5374978723673678,0.642709424313324,24.66277182029637,4.194617309822817,-4.601090369256006,-5.4287530196188385,-1.711287793880075
pushup_correct_3.mp4_007,pushup,correct,8,20,163.3162147441132,161.10653985289522,171.68125574434941,172.66955460621534,62.47060919565497,81.50760771090101,58.849463334600614,43.74462204888568,0.2608615266534961,-1.1493765095480626,-1.4405844071106628,-0.746810489312395,-1.2856109348219604,-16.010508176834904,-8.704619343255033,3.862575877133068,6.305840219230653,-0.6228093199911768
pushup_correct_3.mp4_007,pushup,correct,9,20,164.1711288352809,165.8140284753416,174.41164226271397,174.23466789111004,70.79324284148346,66.95568075612675,58.19171066285398,46.022861525449436,0.25848304877727407,0.8549140911677,4.707488622446363,2.730386518364554,1.565113284894693,8.322633645828489,-14.55192695477426,-0.6577526717466355,2.278239476563755,2.0042906007157626
pushup_correct_3.mp4_007,pushup,correct,10,20,163.2634618101597,168.1374860386763,175.7267100193141,177.04406804573608,86.52044637867435,62.99605069024434,55.327420643146226,44.765477056386004,0.2604719669896435,-0.9076670251212136,2.323457563334699,1.3150677566001434,2.809400154626047,15.727203537190888,-3.959630065882415,-2.8642900197077523,-1.2573844690634317,-1.7625811162889136
pushup_correct_3.mp4_007,pushup,correct,11,20,162.9604437131792,168.0034622087854,176.5279098717488,175.86999879573295,93.2734862983606,68.67663416647808,54.708860113538556,46.313546981912964,0.26236651609510586,-0.30301809698050874,-0.1340238298908787,0.801199852434678,-1.1740692500031287,6.753039919686245,5.680583476233743,-0.6185605296076702,1.5480699255269599,0.6046489281407048
pushup_correct_3.mp4_007,pushup,correct,12,20,161.63921687533696,166.2245522314655,175.64388460340672,170.48408655775359,98.81031085314801,51.687060429739674,56.34362132051167,52.64348318626587,0.26324368883753163,-1.3212268378422323,-1.7789099773198984,-0.8840252683420715,-5.385912237979369,5.536824554787415,-16.989573736738407,1.634761206973117,6.329936204352904,-1.0182087408617235
pushup_correct_3.mp4_007,pushup,correct,13,20,160.8146619366257,163.41063752551915,174.80971099765372,170.01443094561913,105.46748110798133,54.65943042845242,59.35260219932133,52.01559026103808,0.2636038285027597,-0.824554938711259,-2.8139147059463596,-0.8341736057529943,-0.46965561213445994,6.657170254833318,2.972369998712743,3.008980878809659,-0.6278929252277905,0.4966718991309733
pushup_correct_3.mp4_007,pushup,correct,14,20,160.76262289862763,164.35982594379357,174.5320894312075,169.34198775528648,101.96752313768978,54.319504275376794,59.80216802353864,51.51337473601307,0.26440921422139085,-0.05203903799807108,0.9491884182744172,-0.2776215664462143,-0.6724431903326433,-3.499957970291547,-0.33992615307562346,0.4495658242173093,-0.502215525025008,0.7725159007131879
pushup_correct_3.mp4_007,pushup,correct,15,20,161.0053072245082,164.41307373924172,172.57503464711803,171.32769188595063,93.7068474362713,48.30407683919152,61.27315415281225,48.798423540734994,0.2641815381873873,0.24268432588056044,0.05324779544815783,-1.957054784089479,1.9857041306641463,-8.260675701418478,-6.015427436185277,1.4709861292736122,-2.7149511952780756,0.2947233638786315
pushup_correct_3.mp4_007,pushup,correct,16,20,161.0561460785865,164.13094176870246,172.16911760965613,171.89452646686448,94.07744722137038,54.718805872511666,61.74969840214679,45.01123807591703,0.2643875865905443,0.05083885407830735,-0.2821319705392682,-0.40591703746190433,0.5668345809138486,0.3705997850990741,6.41472903332015,0.47654424933453754,-3.7871854648179664,-0.1918454718022531
pushup_correct_3.mp4_007,pushup,correct,17,20,160.7819866341354,164.23180784103081,171.87469559180747,170.5743316073865,106.35463863089001,56.022600096009015,60.07861419475912,45.080214010913934,0.26415826806737414,-0.27415944445110085,0.10086607232835831,-0.2944220178486603,-1.320194859477965,12.27719140951963,1.3037942234973485,-1.671084207387672,0.06897593499690657,-0.3249982985294082
pushup_correct_3.mp4_007,pushup,correct,18,20,161.7877225587571,165.83849593318402,171.87069958008053,172.00919665510602,106.90557695867044,66.96377986351695,59.22862654603023,36.884594315159646,0.2634289275860885,1.0057359246217175,1.606688092153206,-0.003996011726940196,1.4348650477195122,0.550938327780429,10.941179767507933,-0.8499876487288915,-8.195619695754289,1.2798953690728183
pushup_correct_3.mp4_007,pushup,correct,19,20,163.27091278226422,168.83288623910911,171.84056121123925,172.8232837115666,111.40935431451999,74.04341808660534,57.377939007146935,13.796683425244828,0.26361033584909443,1.4831902235071084,2.9943903059250943,-0.030138368841278407,0.8140870564605791,4.50377735584955,7.079638223088395,-1.8506875388832924,-23.087910889914816,0.4774542988853909
pushup_correct_3.mp4_007,pushup,correct,20,20,161.8030052916927,169.1791205086386,173.12959528417363,169.87551783707042,123.12139993280505,78.56475561742407,46.36693982630395,36.743940062070315,0.2658379984330478,-1.4679074905715197,0.3462342695294751,1.2890340729343848,-2.9477658744961843,11.71204561828506,4.521337530818727,-11.010999180842987,22.947256636825486,-2.951097714078628
pushup_correct_3.mp4_008,pushup,correct,1,6,163.80678040509224,169.34202234121165,175.34204514565155,171.978031430148,105.26861605954063,87.53279670361242,10.691120162835256,12.526023796479802,0.27287233864679666,1.0159447767967436,0.23524168834910597,0.8083704934981313,1.5411183609981833,-18.30086475749738,-0.1335753549483769,-25.609315285909346,-12.410016888655758,0.02811444019394571
pushup_correct_3.mp4_008,pushup,correct,2,6,163.3405825011426,168.30376857580433,175.89060836263772,172.77414442160284,120.98054153911443,103.8229634424054,25.24401765731429,22.559979317819888,0.2749939794659691,-0.46619790394964866,-1.038253765407319,0.5485632169861674,0.7961129914548337,15.711925479573793,16.290166738792976,14.552897494479035,10.033955521340086,-1.4821426807463922
pushup_correct_3.mp4_008,pushup,correct,3,6,163.12539283598537,166.5291970358506,173.99239837950776,173.18165940821265,130.0873683166408,127.3814085506674,32.735908003337016,40.323247149752284,0.27517190863998287,-0.21518966515722582,-1.7745715399537403,-1.8982099831299593,0.40751498660981156,9.10682677752638,23.558445108262006,7.491890346022725,17.763267831932396,0.25100823879242284
pushup_correct_3.mp4_008,pushup,correct,4,6,164.40635401886766,168.3477727540752,174.50154578395885,177.66409188981552,136.0676098109133,139.5850165723293,40.177616536370245,44.07933748939134,0.2733760305388602,1.2809611828822938,1.818575718224622,0.5091474044510846,4.482432481602871,5.980241494272491,12.203608021661893,7.441708533033228,3.7560903396390586,1.4961508480395196
pushup_correct_3.mp4_008,pushup,correct,5,6,165.79648777706817,167.5906561168055,177.03103601915217,178.36283834830104,138.76541580522147,139.42656942865005,40.859168532461496,44.19166659949827,0.27380236168758004,1.3901337582005056,-0.7571166372697178,2.5294902351933217,0.6987464584855161,2.697805994308169,-0.15844714367923984,0.6815519960912511,0.11232911010692703,0.10917257531821178
pushup_correct_3.mp4_008,pushup,correct,6,6,164.3992572620273,167.53609908480735,175.70979557735137,176.78932763944513,142.43448602604323,139.3530369266267,43.834691248641604,45.81560410047437,0.27468958454730247,-1.3972305150408602,-0.05455703199814366,-1.3212404418007964,-1.5735107088559062,3.669070220821766,-0.0735325020233688,2.9755227161801088,1.6239375009760977,-2.7873642732413657
pushup_correct_4.mp4_000,pushup,correct,1,7,161.8823545154603,172.18289258951316,175.1807248061751,177.42509426753108,62.68112092247127,90.92831469633404,65.11771599486993,52.23273938707279,0.24147746847363832,-0.205608088490294,0.8008563702235278,-1.3950148129671902,-0.883040341419985,-59.860058263240056,-11.26564088435606,3.208703750256035,2.141920108385513,-0.6197497945217947
pushup_correct_4.mp4_000,pushup,correct,2,7,163.66041727794683,171.093193252339,173.47920619119174,178.67301326472034,18.956853086326145,95.93166747408706,66.90517118016952,47.52300009530081,0.2391813455069067,1.7780627624865417,-1.089699337174153,-1.701518614983371,1.2479189971892595,-43.72426783614513,5.0033527777530225,1.7874551852995921,-4.709739291771982,1.9836708509768357
pushup_correct_4.mp4_000,pushup,correct,3,7,162.66821128257084,168.55804421363572,174.0408800809425,178.99702633776,28.9294104921962,82.02178626608072,65.16072521878893,51.85354168727735,0.2387982497680336,-0.992205995375997,-2.535149038703281,0.5616738897507503,0.32401307303965154,9.972557405870056,-13.90988120800634,-1.7444459613805918,4.330541591976541,-2.7702687578625387
pushup_correct_4.mp4_000,pushup,correct,4,7,162.19608006931156,168.35263927080112,172.42092162483112,176.8741583169737,31.601679725031673,74.36238893283492,66.39636171846932,52.88581421630516,0.2379695511405744,-0.4721312132592743,-0.20540494283460475,-1.6199584561113625,-2.122868020786285,2.672269232835472,-7.659397333245806,1.2356364996803961,1.0322725290278072,0.5200747821167226
pushup_correct_4.mp4_000,pushup,correct,5,7,163.01274532577494,169.93975322988146,172.96740180910018,177.96972203012436,46.65938854974039,79.52726060644112,63.29219996376782,48.3204746130559,0.2378374835987134,0.8166652564633807,1.587113959080341,0.5464801842690576,1.0955637131506535,15.057708824708719,5.1648716736062,-3.104161754701501,-4.565339603249257,1.288796469722655
pushup_correct_4.mp4_000,pushup,correct,6,7,162.24588601963836,170.02835970921458,172.80401129102145,178.6376885510504,63.11346157994483,77.54477550600166,65.9776014984763,47.23453557457326,0.23763442109537522,-0.7668593061365812,0.08860647933312293,-0.16339051807872806,0.6679665209260293,16.45407303020444,-1.9824851004394617,2.6854015347084825,-1.0859390384826426,-1.5835245625999619
pushup_correct_4.mp4_000,pushup,correct,7,7,161.46258046176615,169.8826257913353,172.837612442715,179.00261535801886,133.96464629827736,88.10548452625537,62.91471210993395,14.206924156896141,0.2378991330694511,-0.783305557872211,-0.14573391787928358,0.03360115169354572,0.36492680696846946,70.85118471833252,10.56070902025371,-3.0628893885423523,-33.027611417677115,-0.016446251735629858
pushup_correct_4.mp4_001,pushup,correct,1,10,161.23253811707664,169.8051292951366,172.18793669316494,178.25546006991053,54.52336919986993,81.14220998349361,66.73555253419961,44.80358293230844,0.23677891282492583,-0.06693980242829412,-0.11835133705346834,-0.5869954348211763,0.40541587798745127,-92.03347469134053,-6.399737875369226,1.3813813063280662,1.4734569912445323,0.0961627398329199
pushup_correct_4.mp4_001,pushup,correct,2,10,160.8177596550622,169.42964388308658,172.06331360395993,177.518188309799,77.17815764003733,79.36378405393823,67.55829167378486,45.84866299149002,0.23558228002752815,-0.41477846201445345,-0.3754854120500113,-0.12462308920501641,-0.7372717601115255,22.654788440167394,-1.7784259295553824,0.8227391395852521,1.0450800591815863,-0.34783865958615934
pushup_correct_4.mp4_001,pushup,correct,3,10,160.68361217262932,169.48774829938787,172.14249271334307,178.03231557301183,55.25964380322624,75.70013225720434,66.8323632700031,48.217757750898265,0.23587056539483184,-0.13414748243286567,0.058104416301290485,0.07917910938314776,0.5141272632128278,-21.918513836811087,-3.6636517967338875,-0.725928403781765,2.3690947594082417,0.2806309795815878
pushup_correct_4.mp4_001,pushup,correct,4,10,160.6100347255654,170.39811082702536,172.1777784737511,178.3727352677145,60.69985133590104,74.28610408157695,67.36382296052957,48.379354312420965,0.23546621504084578,-0.07357744706391145,0.9103625276374885,0.035285760408015676,0.34041969470266054,5.440207532674798,-1.4140281756273936,0.531459690526475,0.16159656152269974,0.06057003536895422
pushup_correct_4.mp4_001,pushup,correct,5,10,160.6033658217954,169.1689607651865,172.09165884506515,177.69776144519497,67.66424082884228,76.69835707094802,66.95472617052879,49.14600931352474,0.23509973420986494,-0.0066689037700200515,-1.2291500618388511,-0.08611962868593537,-0.6749738225195188,6.964389492941244,2.412252989371069,-0.40909679000078825,0.7666550011037785,0.0669085432938914
pushup_correct_4.mp4_001,pushup,correct,6,10,160.2855868489659,169.82772994505783,171.49837510472713,177.9497218544696,45.63806781586471,73.47457134850107,65.88528332533788,51.43387502074585,0.23426518087106513,-0.31777897282950107,0.6587691798713138,-0.5932837403380233,0.2519604092746306,-22.026173012977573,-3.223785722446948,-1.0694428451909062,2.2878657072211084,-0.311110069059481
pushup_correct_4.mp4_001,pushup,correct,7,10,162.0643341819529,170.72016682307535,171.4676004053112,178.78537409500984,46.077095594238166,64.84168086447573,64.60495784564029,50.80850654803745,0.2343581191986268,1.7787473329869954,0.89243687801752,-0.030774699415928808,0.8356522405402416,0.4390277783734575,-8.632890484025339,-1.280325479697595,-0.6253684727084021,2.0965263058164965
pushup_correct_4.mp4_001,pushup,correct,8,10,161.68238768428319,170.6890262556888,171.5449432679115,179.55565866433042,46.049102109455966,91.09819964529703,62.58012081086946,51.53856532626601,0.2339342893389152,-0.381946497669702,-0.031140567386557905,0.07734286260028966,0.7702845693205802,-0.02799348478220054,26.256518780821295,-2.024837034770826,0.7300587782285604,-2.1606938306566974
pushup_correct_4.mp4_001,pushup,correct,9,10,162.4981912114871,171.1432900025796,173.5017941325454,179.34237353734443,66.28327855691191,97.79176864214035,60.42624272134393,52.558808283940756,0.23345048981757263,0.8158035272039115,0.4542637468908026,1.956850864633907,-0.2132851269859941,20.234176447455944,6.693568996843325,-2.153878089525527,1.0202429576747463,1.1977500248736135
pushup_correct_4.mp4_001,pushup,correct,10,10,162.28352547770146,172.61074995759608,176.42841720164654,179.6146300780104,128.0526192238601,103.51762755896189,57.398978893884944,51.58071966235725,0.235720012420846,-0.2146657337856368,1.4674599550164942,2.92662306910114,0.27225654066597826,61.76934066694818,5.725858916821537,-3.027263827458988,-0.9780886215835096,-1.0304692609895483
pushup_correct_4.mp4_002,pushup,correct,1,19,165.14052384207832,168.81143619619073,174.1467656740438,178.36843111740214,39.86618174230487,87.81312688662848,65.95244403822262,50.68591315294352,0.24012392028055596,-0.33588092617182497,1.7476020282377362,-2.079604360796793,-0.5270433234986456,-36.9211066298386,-10.537180344908919,5.097810327213615,4.373253554849327,-1.0554681113821403
pushup_correct_4.mp4_002,pushup,correct,2,19,167.2119655862995,167.99076237908872,171.26435972460396,178.85615256090327,35.73792844410353,82.20574123957329,70.19100875997393,53.36947625640065,0.2400881806689126,2.0714417442211754,-0.8206738171020049,-2.8824059494398284,0.48772144350112967,-4.1282532982013365,-5.607385647055196,4.2385647217513025,2.683563103457132,2.4073226703930004
pushup_correct_4.mp4_002,pushup,correct,3,19,168.97826822803088,168.37354557107554,173.23511647909484,177.3646998005432,25.64152072515644,73.42812259369887,69.62911812202167,54.51345736329352,0.2421866612907634,1.7663026417313858,0.38278319198681743,1.9707567544908784,-1.4914527603600618,-10.096407718947091,-8.777618645874412,-0.5618906379522599,1.1439811068928663,-0.3051391024897896
pushup_correct_4.mp4_002,pushup,correct,4,19,167.5793566749283,172.28504665072725,174.23464780131022,178.87667654759593,45.23409263194614,73.09026704901117,74.57840857028404,57.858263528921704,0.24160315891044234,-1.3989115531025789,3.911501079651714,0.9995313222153754,1.5119767470527279,19.5925719067897,-0.33785554468769874,4.949290448262374,3.344806165628185,-3.1652141948339647
pushup_correct_4.mp4_002,pushup,correct,5,19,167.19737476481527,170.78648492483165,172.21663963699,177.1127728519885,29.652905166556284,71.11855448775344,74.14131445892811,58.93052154765594,0.24155121288640385,-0.3819819101130406,-1.4985617258955983,-2.0180081643202072,-1.7639036956074392,-15.581187465389856,-1.971712561257732,-0.43709411135593257,1.0722580187342388,1.0169296429895383
pushup_correct_4.mp4_002,pushup,correct,6,19,166.8741259618997,171.73860635014748,173.18345089999147,178.4961414357703,41.954811994041044,80.11770408627372,71.60001829164251,55.04266232677316,0.24147246330814542,-0.3232488029155718,0.9521214253158234,0.9668112630014605,1.3833685837818166,12.30190682748476,8.999149598520276,-2.5412961672855943,-3.887859220882781,0.058733107197468826
pushup_correct_4.mp4_002,pushup,correct,7,19,166.81647623211202,171.6371740716563,172.90793573043467,179.1318189130526,32.94779471727878,69.86295498700801,69.47203779801698,52.88380103764932,0.24123903458989632,-0.05764972978766991,-0.1014322784911883,-0.27551516955679745,0.635677477282286,-9.007017276762262,-10.254749099265709,-2.127980493625529,-2.1588612891238412,0.2655990731279019
pushup_correct_4.mp4_002,pushup,correct,8,19,166.14188902652091,171.89786558526947,172.4586349127308,177.79276687406124,35.759193393613096,75.0689115710821,72.45653852333093,52.683441052850476,0.24084955377014775,-0.6745872055911093,0.26069151361318177,-0.44930081770388597,-1.3390520389913547,2.8113986763343135,5.205956584074087,2.98450072531395,-0.20035998479884398,-0.6169374758034394
pushup_correct_4.mp4_002,pushup,correct,9,19,165.82400042613804,170.67181037936876,172.42357325982556,177.2555645131009,19.88027981873594,72.87511925356335,70.92511785212884,53.70567546864755,0.24057761225474006,-0.31788860038287226,-1.2260552059007068,-0.03506165290522745,-0.5372023609603502,-15.878913574877156,-2.193792317518742,-1.531420671202099,1.0222344157970724,0.35669860520823704
pushup_correct_4.mp4_002,pushup,correct,10,19,165.08172848797932,171.6662103443977,172.59096651705548,178.6414063141672,21.90024784824554,76.63511914788481,68.63869467383222,52.52828097798025,0.2391278148501054,-0.7422719381587228,0.994399965028947,0.16739325722991794,1.3858418010663058,2.0199680295096023,3.759999894321453,-2.286423178296616,-1.1773944906672966,-0.4243833377758506
pushup_correct_4.mp4_002,pushup,correct,11,19,165.02264545456558,171.93165080249838,172.54637024954155,178.73059979496517,24.004038416576716,72.60256393736417,67.60728321948584,50.30968308798136,0.23935833688613153,-0.059083033413742214,0.2654404581006702,-0.044596267513924204,0.08919348079797373,2.103790568331174,-4.032555210520641,-1.031411454346383,-2.2185978899988896,0.6831889047449806
pushup_correct_4.mp4_002,pushup,correct,12,19,164.95265278942938,172.0250292539766,172.1779994083466,178.27729313155572,18.336936668857145,70.76416217297715,68.08648070672044,50.484071452859546,0.2395341785524661,-0.06999266513619773,0.09337845147823032,-0.36837084119494534,-0.4533066634094496,-5.66710174771957,-1.8384017643870152,0.4791974872346003,0.1743883648781832,-0.010909631722455515
pushup_correct_4.mp4_002,pushup,correct,13,19,164.8658280381271,171.9750957680978,171.69547730763267,178.10612092988637,15.886044259215442,68.16049308772351,68.71635590441785,51.8378268666015,0.2393187769949831,-0.08682475130228795,-0.04993348587882451,-0.4825221007139362,-0.17117220166935,-2.4508924096417033,-2.6036690852536424,0.629875197697416,1.3537554137419576,-0.01683208616609022
pushup_correct_4.mp4_002,pushup,correct,14,19,164.82871504532173,171.9501772774191,172.5481847532853,178.19025064248672,16.64921381595531,69.82772181598267,67.9949609420376,51.65135018146873,0.238887545609348,-0.037112992805361955,-0.024918490678686567,0.8527074456526407,0.08412971260034396,0.763169556739868,1.6672287282591611,-0.7213949623802591,-0.18647668513277438,0.049711758496925995
pushup_correct_4.mp4_002,pushup,correct,15,19,164.8952274269178,172.9963019614808,172.57617922365867,179.32022663721082,19.22037926314311,71.24919549973168,66.89042981781613,49.96905631556785,0.24063600816310243,0.06651238159608397,1.0461246840617093,0.02799447037335767,1.1299759947241057,2.5711654471877985,1.4214736837490136,-1.1045311242214666,-1.6822938659008813,0.10362537440144592
pushup_correct_4.mp4_002,pushup,correct,16,19,164.94029544170945,172.94017313407463,172.893968482657,178.71816366846696,27.17653888223097,75.51593501749328,65.75543739194376,49.52437496649722,0.24052097782120302,0.04506801479163869,-0.056128827406183746,0.31778925899831734,-0.6020629687438657,7.956159619087863,4.266739517761593,-1.134992425872369,-0.4446813490706276,-0.02144436680444528
pushup_correct_4.mp4_002,pushup,correct,17,19,165.66989425459602,172.7803228980126,173.27586991921618,178.32525601655857,23.190420973135527,75.23401533163064,66.25896227454623,49.82042855107041,0.2397583169024968,0.7295988128865645,-0.1598502360620273,0.38190143655918973,-0.39290765190838783,-3.9861179090954444,-0.2819196858626327,0.503524882602477,0.29605358457318687,0.6845307980949258
pushup_correct_4.mp4_002,pushup,correct,18,19,165.6480056134447,171.37945670011894,173.5902257115354,179.46834433099193,28.40226335713661,77.84423020845553,66.30699763886336,51.072377310168285,0.23858195521001563,-0.021888641151321053,-1.400866197893663,0.31435579231921906,1.1430883144333563,5.211842384001084,2.610214876824884,0.04803536431712985,1.2519487590978784,-0.7514874540378855
pushup_correct_4.mp4_002,pushup,correct,19,19,165.56798036041673,171.3198815418647,173.0571130498053,179.29908643013027,98.63769151655633,88.35360427321153,69.3081951813606,52.6896605801982,0.23885793774747033,-0.08002525302796926,-0.05957515825423343,-0.5331126617300868,-0.16925790086165193,70.23542815941971,10.509374064756003,3.0011975424972377,1.6172832700299153,-0.0581366118766482
pushup_correct_4.mp4_003,pushup,correct,1,20,167.37861804457162,159.74789124675422,172.39404552604955,175.75149689608517,18.01377502179186,95.72544041654969,66.28266495672513,48.98384210062766,0.22660552237448045,1.940049924149207,5.523729760474112,-4.266258454860747,5.494512755951263,-100.74505825906414,-14.581000646593182,15.988675257237198,-0.34054743631158146,-2.796777957866027
pushup_correct_4.mp4_003,pushup,correct,2,20,171.24758620074493,162.94094170666207,171.73184291550308,178.63900366428982,20.057006999921402,103.71258946352228,69.10276924358568,45.02583412617675,0.22877045432575932,3.8689681561733096,3.1930504599078517,-0.6622026105464727,2.887506768204645,2.0432319781295405,7.98714904697259,2.8201042868605555,-3.958007974450915,1.9289182320241025
pushup_correct_4.mp4_003,pushup,correct,3,20,169.96883907666287,167.4171698404729,175.7161894252039,175.32048888549693,29.44326316503125,66.58610250460684,65.76633460954733,57.28279851689128,0.2259642529124452,-1.2787471240820594,4.476228133810821,3.9843465097008277,-3.3185147787928884,9.386256165109849,-37.126486958915436,-3.336434634038355,12.256964390714536,-5.147715280255369
pushup_correct_4.mp4_003,pushup,correct,4,20,170.64518677260415,166.16037890697385,173.7357474267779,174.5224733686311,21.76669692743999,83.04559477344992,67.37293918616339,52.425138603811156,0.23334560006498165,0.6763476959412742,-1.2567909334990475,-1.9804419984260164,-0.7980155168658314,-7.67656623759126,16.45949226884308,1.6066045766160642,-4.857659913080127,1.9550948200233336
pushup_correct_4.mp4_003,pushup,correct,5,20,169.49902835207507,167.17839699926995,168.47829928999056,173.9589984853756,21.074932797333645,76.95132183942057,70.11001165622514,53.235679446941816,0.23195685081145037,-1.1461584205290762,1.0180180922961029,-5.257448136787332,-0.563474883255509,-0.6917641301063462,-6.094272934029348,2.7370724700617473,0.81054084313066,-1.8225061164703504
pushup_correct_4.mp4_003,pushup,correct,6,20,168.97698133815825,167.74203052180675,169.80901817377682,173.53974522516867,18.70892450266954,70.17921230935599,70.15948242140317,56.30806975253383,0.2317970057177415,-0.5220470139168185,0.5636335225368043,1.3307188837862611,-0.419253260206915,-2.3660082946641054,-6.772109530064583,0.04947076517802884,3.072390305592016,0.6241114066122577
pushup_correct_4.mp4_003,pushup,correct,7,20,169.03533237463455,167.93113904321447,169.73071075975903,175.32517061849404,16.18111172946874,62.143248346550386,70.63398160780682,55.81568920286247,0.23321152505764148,0.0583510364762958,0.18910852140771794,-0.07830741401778596,1.7854253933253688,-2.5278127732008002,-8.035963962805603,0.47449918640364785,-0.4923805496713598,0.5803980503931143
pushup_correct_4.mp4_003,pushup,correct,8,20,168.87604529007305,168.12464598334842,169.4631319242764,173.85667765942165,15.393630991369612,61.673103262061204,70.69139025693445,56.91135626153616,0.23352562910393615,-0.1592870845614982,0.19350694013394332,-0.26757883548262384,-1.4684929590723925,-0.7874807380991271,-0.47014508448918235,0.057408649127637545,1.0956670586736905,-0.217638121037794
pushup_correct_4.mp4_003,pushup,correct,9,20,168.4377269789,166.78879290232223,166.12028302416493,174.80885696395526,12.332137967915845,49.21856130507253,72.97267936327968,56.15153043182356,0.2305064404875932,-0.43831831117304887,-1.3358530810261868,-3.342848900111477,0.9521793045336153,-3.0614930234537674,-12.454541956988677,2.281289106345227,-0.7598258297126037,-0.27903122661155066
pushup_correct_4.mp4_003,pushup,correct,10,20,167.76269062048652,167.12237002974697,166.13407434725806,175.57633670533832,10.037246959607325,62.59090360240744,73.10807111914596,54.369526768183526,0.22685729337559787,-0.6750363584134789,0.3335771274247463,0.013791323093130359,0.7674797413830561,-2.29489100830852,13.37234229733491,0.13539175586628005,-1.7820036636400332,-0.23671804724043
pushup_correct_4.mp4_003,pushup,correct,11,20,166.62856018411082,166.81345691942258,167.8631768727549,175.6803114572585,11.603362671294295,68.51722028844377,71.41168338655473,53.868766368710645,0.22751425578865622,-1.134130436375699,-0.30891311032439717,1.7291025254968417,0.10397475192019101,1.5661157116869706,5.92631668603633,-1.6963877325912335,-0.5007603994728811,-0.4590940779622201
pushup_correct_4.mp4_003,pushup,correct,12,20,166.16706206220607,167.63423255662778,167.72324919584548,176.58649746391114,12.197039736872167,72.00629053044274,71.24202049492906,53.41164471438476,0.22737235968507516,-0.4614981219047536,0.8207756372052017,-0.13992767690942287,0.9061860066526322,0.5936770655778716,3.4890702419989736,-0.16966289162566284,-0.45712165432588847,0.6726323144709454
pushup_correct_4.mp4_003,pushup,correct,13,20,166.38463206449532,167.7251864440704,168.66906395087923,176.83567007878762,13.298201311289723,74.01374045942642,70.29639579659859,53.54070773663601,0.22791758270419585,0.21757000228924994,0.09095388744262323,0.9458147550337515,0.24917261487647124,1.1011615744175565,2.007449928983675,-0.9456246983304766,0.12906302225125188,0.6790681241940035
pushup_correct_4.mp4_003,pushup,correct,14,20,165.63787485679723,168.89797536516897,173.08704395363011,179.5806482805394,17.167081802349646,74.9724488000261,68.3941539408732,52.87592508356717,0.2303084991288455,-0.7467572076980957,1.1727889210985722,4.41798000275088,2.744978201751792,3.8688804910599224,0.958708340599685,-1.9022418557253928,-0.6647826530688405,-0.9643272099873457
pushup_correct_4.mp4_003,pushup,correct,15,20,163.96130765897493,169.2839630704353,174.28943155306325,179.4240160507836,23.123541185124086,73.51361685048155,68.38034938064105,53.421389300818646,0.22918573987132335,-1.676567197822294,0.38598770526633075,1.2023875994331377,-0.15663222975581448,5.95645938277444,-1.458831949544546,-0.01380456023214549,0.5454642172514781,-0.9298099901241983
pushup_correct_4.mp4_003,pushup,correct,16,20,164.77366447706513,168.7041018411658,176.1806914151861,178.52320295444804,28.209626557220542,77.68316890639906,66.9025888633366,53.09361626428207,0.23157686340452463,0.8123568180901941,-0.5798612292695111,1.891259862122837,-0.9008130963355541,5.086085372096456,4.1695520559175066,-1.4777605173044464,-0.32777303653657697,2.488924015912488
pushup_correct_4.mp4_003,pushup,correct,17,20,163.94289582429252,166.90365775503142,179.50912018981523,176.0345898540991,32.72605975560728,85.3276991351389,63.665077664920496,51.57956719568896,0.23304805849237414,-0.8307686527726048,-1.8004440861343767,3.3284287746291454,-2.4886131003489425,4.516433198386739,7.644530228739839,-3.237511198416108,-1.5140490685931098,-1.643125470862799
pushup_correct_4.mp4_003,pushup,correct,18,20,161.66697350397868,165.47069381552194,178.4357051348049,178.24469452500836,37.98102237223488,88.13805539441802,61.5527758811991,52.253437742130394,0.2326177319860676,-2.275922320313839,-1.4329639395094773,-1.0734150550103436,2.21010467090926,5.254962616627601,2.810356259279118,-2.112301783721392,0.6738705464414352,-1.4451536675412342
pushup_correct_4.mp4_003,pushup,correct,19,20,164.24223954670518,162.9126878409797,176.82395533971214,179.75595199778454,64.65388293482077,94.96722794372863,57.440085549412075,50.49647350622296,0.2341693219063603,2.575266042726497,-2.5580059745422545,-1.6117497950927486,1.5112574727761796,26.67286056258589,6.829172549310613,-4.112690331787029,-1.7569642359074322,4.851188363040336
pushup_correct_4.mp4_003,pushup,correct,20,20,163.17387261945163,157.30462307178635,176.7053162444323,172.67603708685,127.12899132748687,117.08029324754891,53.42818069525137,46.45840643892345,0.2367725114864934,-1.0683669272535496,-5.608064769193334,-0.11863909527983196,-7.079914910934548,62.4751083926661,22.113065303820278,-4.011904854160704,-4.038067067299515,-3.6436329699800467
pushup_correct_5.mp4_000,pushup,correct,1,22,159.63528218864812,167.8578471274025,171.42116883896585,179.68823585787416,120.56217302595266,119.75477138546556,22.8298441871868,4.529357686866606,0.2628078410969378,,,,,,,,,
pushup_correct_5.mp4_000,pushup,correct,2,22,161.14979660198614,168.4546943726301,174.4301970326015,177.03452930626705,110.83036501819798,122.27075695336349,14.876502109335567,5.152643143164875,0.26318694156424866,,,,,,,,,
pushup_correct_5.mp4_000,pushup,correct,3,22,165.2779533938224,167.32001257422158,171.7290914949496,175.38899634814473,100.96223719835206,117.20508949520486,7.832909860789423,16.39221896485168,0.26299819733037655,4.128156791836261,-1.1346817984085078,-2.701105537651898,-1.6455329581223168,-9.868127819845924,-5.065667458158629,-7.043592248546144,11.239575821686804,2.613642378498241
pushup_correct_5.mp4_000,pushup,correct,4,22,160.97140165430366,170.9278785009269,170.1718632847788,177.42673304246154,98.87309544565875,111.64363824935494,6.259017298195914,13.415195801844332,0.26223710393526356,-4.3065517395187385,3.6078659267053297,-1.5572282101708197,2.0377366943168056,-2.0891417526933083,-5.5614512458499235,-1.5738925625935085,-2.977023163007347,-8.434708531355
pushup_correct_5.mp4_000,pushup,correct,5,22,158.30341983929188,173.0472607669687,170.43961029524476,179.27624403696393,98.46013991524434,106.74418859480406,5.823823969239413,9.151929750784577,0.2622221698333702,-2.6679818150117853,2.1193822660417823,0.2677470104659676,1.8495109945023955,-0.4129555304144077,-4.899449654550878,-0.4351933289565011,-4.263266051059755,1.6385699245069532
pushup_correct_5.mp4_000,pushup,correct,6,22,158.39291557365334,170.45820260781807,171.33245618867923,177.15420023339553,94.42988714338362,98.76760408350319,1.8680757089010358,5.066592231036819,0.2603969547994815,0.08949573436146352,-2.5890581591506248,0.892845893434469,-2.1220438035684026,-4.030252771860717,-7.976584511300871,-3.9557482603383773,-4.085337519747758,2.757477549373249
pushup_correct_5.mp4_000,pushup,correct,7,22,156.65594068767078,169.65469011960363,170.8771877465326,176.6229893150507,95.28161277262029,94.68682135795586,2.4562113435446915,5.433648466450896,0.2589081443113035,-1.736974885982562,-0.8035124882144373,-0.4552684421466324,-0.5312109183448399,0.8517256292366682,-4.080782725547323,0.5881356346436557,0.3670562354140774,-1.8264706203440255
pushup_correct_5.mp4_000,pushup,correct,8,22,156.64771397730362,168.59462867858804,170.30985893398207,175.86544111840558,97.19444804704882,92.28603640338437,5.6344710459650615,9.618391412953404,0.256053977703717,-0.008226710367154055,-1.0600614410155913,-0.567328812550528,-0.7575481966451036,1.9128352744285309,-2.400784954571492,3.17825970242037,4.184742946502507,1.728748175615408
pushup_correct_5.mp4_000,pushup,correct,9,22,159.52948048154533,167.50968313727603,171.52235333268277,173.84910220973944,99.64490429588864,90.5220440528301,8.423721052720659,9.608941367659131,0.25310854234165553,2.8817665042417104,-1.0849455413120097,1.2124943987006986,-2.0163389086661425,2.4504562488398136,-1.7639923505542754,2.789250006755597,-0.009450045294272513,2.8899932146088645
pushup_correct_5.mp4_000,pushup,correct,10,22,161.04549387924487,166.3682384782752,171.75675543175407,174.16638955338004,103.78541341676812,88.24732234267788,13.348392557156615,0.8834759939461738,0.25360866364385637,1.5160133976995382,-1.1414446590008254,0.23440209907130338,0.31728734364060074,4.140509120879486,-2.274721710152221,4.924671504435956,-8.725465373712957,-1.3657531065421722
pushup_correct_5.mp4_000,pushup,correct,11,22,160.71485532682303,168.73146700542833,172.35585070149844,177.13860291393667,103.67330013269896,87.89016041790136,13.251963612660893,2.989876814179163,0.25370836881005365,-0.3306385524218456,2.363228527153126,0.5990952697443674,2.9722133605566228,-0.11211328406916721,-0.35716192477651987,-0.09642894449572204,2.106400820232989,-1.8466519501213838
pushup_correct_5.mp4_000,pushup,correct,12,22,159.11881836531296,168.4271721173196,171.8254106500037,176.8669220137451,101.54090909284176,82.48021044226954,11.602281452641487,7.099979504269644,0.2555680840966533,-1.596036961510066,-0.3042948881087284,-0.530440051494736,-0.2716809001915692,-2.132391039857197,-5.409949975631818,-1.649682160019406,4.110102690090481,-1.2653984090882204
pushup_correct_5.mp4_000,pushup,correct,13,22,158.73510326323844,169.21753960661985,170.71213215165488,175.68323329782731,108.92639618217463,78.53386206136112,19.84603033890961,9.942246472971028,0.2572064108621787,-0.3837151020745182,0.7903674893002517,-1.1132784983488193,-1.183688715917782,7.3854870893328695,-3.946348380908418,8.243748886268124,2.8422669687013844,1.2123218594355478
pushup_correct_5.mp4_000,pushup,correct,14,22,159.18081843483083,168.91880006433354,170.83501452390604,176.61958202776412,103.91781884498509,78.77627134980564,14.827085614953425,9.670059804006247,0.25756008164242733,0.44571517159238283,-0.29873954228631305,0.12288237225115495,0.9363487299368103,-5.008577337189536,0.24240928844452014,-5.018944723956185,-0.27218666896478183,0.829430273666901
pushup_correct_5.mp4_000,pushup,correct,15,22,159.6785680711673,168.78412620698745,170.5594652974232,177.3009944024384,104.07629260161396,70.21419388959472,17.138126506734285,15.641112094529303,0.2588146001699022,0.4977496363364651,-0.13467385734608683,-0.27554922648283764,0.6814123746742666,0.1584737566288652,-8.562077460210915,2.311040891780859,5.9710522905230565,0.05203446474408224
pushup_correct_5.mp4_000,pushup,correct,16,22,159.5973535702448,168.25879740399108,170.24829210103164,177.41164229805668,103.35502546738478,68.24613128001148,16.048160639432922,18.833660944966272,0.2596126441742249,-0.08121450092249916,-0.5253288029963699,-0.3111731963915645,0.11064789561828547,-0.7212671342291799,-1.9680626095832423,-1.0899658673013626,3.1925488504369692,-0.5789641372589642
pushup_correct_5.mp4_000,pushup,correct,17,22,159.25386316063805,167.70279078225695,170.38903813377965,176.09761597198263,107.74795089439216,92.44129284743389,18.488226451754887,11.86265799557469,0.2604259243950628,-0.34349040960674415,-0.5560066217341273,0.14074603274801234,-1.3140263260740426,4.392925427007384,24.195161567422403,2.440065812321965,-6.971002949391583,-0.262275908684245
pushup_correct_5.mp4_000,pushup,correct,18,22,159.80378999767566,168.33384548819373,170.5178548856551,176.5685826094416,107.68546840292346,88.37972642880041,18.041690454477173,20.448208462361652,0.26217027677117466,0.5499268370376171,0.6310547059367764,0.12881675187546193,0.4709666374589574,-0.062482491468699664,-4.0615664186334755,-0.44653599727771365,8.585550466786962,0.8934172466443613
pushup_correct_5.mp4_000,pushup,correct,19,22,158.54243435593742,167.67888686994436,169.56282100836773,174.63406020847566,109.87829076196087,91.14788189066357,19.344723042682173,23.139498863179636,0.26350227241548163,-1.2613556417382483,-0.654958618249367,-0.9550338772873772,-1.9345224009659319,2.1928223590374074,2.7681554618631594,1.3030325882049993,2.6912904008179837,-1.8112824787758655
pushup_correct_5.mp4_000,pushup,correct,20,22,158.22627918849906,165.83210145441433,169.23578221952738,172.24945217888418,114.5779779245537,95.45341708358038,21.549216668891827,23.34903703447213,0.26433889137407474,-0.31615516743835315,-1.8467854155300358,-0.32703878884035475,-2.384608029591476,4.699687162592824,4.305535192916807,2.204493626209654,0.2095381712924933,0.9452004742998952
pushup_correct_5.mp4_000,pushup,correct,21,22,159.13775503133473,166.92686096514984,168.83486887950994,174.0067608459733,118.6248046442232,119.20626267944057,25.47495920898144,32.20560293991178,0.2662274385397646,0.9114758428356708,1.0947595107355141,-0.40091334001743917,1.75730866708912,4.046826719669511,23.752845595860194,3.9257425400896118,8.856565905439648,1.227631010274024
pushup_correct_5.mp4_000,pushup,correct,22,22,160.94653427778573,165.8504496093209,168.77738798894765,173.28667340749755,124.12136812341774,126.02391627623078,30.779482457353605,35.19608341853718,0.2677876378592952,1.808779246450996,-1.0764113558289523,-0.05748089056228878,-0.7200874384757583,5.496563479194535,6.817653596790208,5.304523248372167,2.9904804786254005,0.8973034036153251
pushup_correct_5.mp4_001,pushup,correct,1,9,164.1994050770567,169.4257379829715,173.451445113507,179.03449118008035,120.07382693470281,124.23339917602567,29.133481403780106,17.102782407656278,0.26314993287922483,0.3058507404115858,0.7834643749920076,0.8954295229467846,-0.41778373718699413,-5.356553980165387,-9.172013667008969,-4.127157380408544,-6.853629788538765,0.4406606898920984
pushup_correct_5.mp4_001,pushup,correct,2,9,164.0868430883168,170.626478689182,173.1595231422723,177.19730764330313,114.21198397960397,118.60936703128779,24.857763435981784,18.822153638341103,0.26468892297402696,-0.1125619887398841,1.200740706210496,-0.2919219712347001,-1.8371835367772178,-5.861842955098837,-5.624032144737882,-4.275717967798322,1.7193712306848248,-0.4184127291514699
pushup_correct_5.mp4_001,pushup,correct,3,9,163.75300884102694,171.91840848208852,172.1596632828503,176.60117119198466,110.21469609857122,112.94604532607948,22.112333054951606,15.740176602796945,0.2640738129916323,-0.33383424728987166,1.2919297929065294,-0.9998598594220027,-0.5961364513184719,-3.9972878810327472,-5.663321705208304,-2.745430381030179,-3.081977035544158,-0.22127225854998755
pushup_correct_5.mp4_001,pushup,correct,4,9,162.08782861034123,172.33391246188006,172.18158944191703,175.73926574259528,106.47253626064033,110.49092213440092,18.63978434433359,17.444914470418016,0.26406223828728465,-1.6651802306857064,0.41550397979153786,0.021926159066737227,-0.8619054493893827,-3.742159837930899,-2.4551231916785667,-3.472548710618014,1.7047378676210716,-1.3313459833958348
pushup_correct_5.mp4_001,pushup,correct,5,9,161.96824191384107,171.67700500418698,172.471127966691,175.74272813128368,106.75740096243223,113.3910294842327,18.520585374177294,22.034046495215858,0.26398340873616744,-0.11958669650016418,-0.6569074576930802,0.2895385247739739,0.0034623886884048716,0.2848647017919035,2.900107349831785,-0.11919897015629743,4.589132024797841,1.5455935341855422
pushup_correct_5.mp4_001,pushup,correct,6,9,162.76526979143665,171.18914053390853,172.86889008376434,175.04174779564886,106.32035977949188,112.33942188146405,16.793127915102673,22.043990180338966,0.26164926311881775,0.7970278775955819,-0.4878644702784527,0.3977621170733414,-0.7009803356348243,-0.437041182940348,-1.0516076027686552,-1.7274574590746212,0.009943685123108281,0.9166145740957461
pushup_correct_5.mp4_001,pushup,correct,7,9,162.7943635323744,169.86335789148097,171.05293408622987,173.8339147446306,110.25939814984761,109.44660898098455,21.83029471954172,20.2970340386763,0.26061872480207127,0.02909374093775341,-1.325782642427555,-1.8159559975344735,-1.2078330510182695,3.939038370355732,-2.8928129004794982,5.037166804439046,-1.7469561416626647,-0.7679341366578285
pushup_correct_5.mp4_001,pushup,correct,8,9,163.12319870536928,170.20757635038728,171.32775921222932,174.4902291039599,109.83892593996877,93.54350523039817,19.860597125923608,1.7206757414618943,0.25796901196079147,0.3288351729948715,0.34421845890631175,0.2748251259994561,0.6563143593293148,-0.42047220987883804,-15.903103750586382,-1.9696975936181111,-18.57635829721441,0.2997414320571181
pushup_correct_5.mp4_001,pushup,correct,9,9,163.25954801460594,170.34387155002895,171.54104691534204,174.64208914174407,136.06851514089357,79.93480929061391,42.615514598384095,2.2839742962538727,0.2569041477134668,0.13634930923666388,0.13629519964166548,0.21328770311271228,0.1518600377841608,26.229589200924792,-13.608695939784255,22.754917472460487,0.5632985547919784,-0.19248586375820764
pushup_correct_5.mp4_002,pushup,correct,1,6,167.22230634992934,169.2805824891707,174.88448808384794,177.4541156081277,122.15234155765732,126.98591404517578,31.016908318593043,22.671765863838388,0.263241757873103,0.018061238754683018,2.330573089996676,0.7557614317714467,0.6529601449676363,-5.765494336709381,-9.968158312630635,-5.749884300207764,-9.378609090631514,-0.9940526306662605
pushup_correct_5.mp4_002,pushup,correct,2,6,166.79789712983813,172.08186036852163,174.93686550414262,177.7206321092038,117.1626659344781,114.84828321591446,26.62533434772109,19.203809528692894,0.2630486790817469,-0.4244092200912064,2.80127787935092,0.0523774202946754,0.26651650107609726,-4.989675623179224,-12.137630829261312,-4.391573970871953,-3.4679563351454945,-0.4424704588458894
pushup_correct_5.mp4_002,pushup,correct,3,6,164.59534264452986,172.41156744760144,172.4897888417524,176.48854067156785,113.04081699042801,110.77017679046148,25.59816038772809,15.05704044572271,0.2622723320076275,-2.2025544853082692,0.32970707907981023,-2.4470766623902307,-1.232091437635944,-4.121848944050086,-4.078106425452987,-1.027173959993,-4.146769082970184,-1.7781452652170628
pushup_correct_5.mp4_002,pushup,correct,4,6,163.71341401756695,172.64781969657034,173.23012076747332,176.4416596123526,112.35503384818949,108.7434577906735,24.566855435777903,16.345163440539803,0.26125643087125405,-0.8819286269629174,0.23625224896889563,0.7403319257209375,-0.04688105921525221,-0.6857831422385203,-2.026718999787974,-1.0313049519501867,1.288122994817094,1.3206258583453518
pushup_correct_5.mp4_002,pushup,correct,5,6,163.29017200641624,171.4495665501441,172.73782130153796,175.3559749698185,116.88987102043934,114.19906510828241,28.820220600629902,22.854794359688533,0.2596935377516769,-0.42324201115070537,-1.1982531464262252,-0.49229946593536056,-1.0856846425340905,4.534837172249851,5.455607317608909,4.253365164851999,6.50963091914873,0.45868661581221204
pushup_correct_5.mp4_002,pushup,correct,6,6,163.36340269536768,171.5028717073377,171.04559059388993,174.05832301008306,125.9883618309961,120.43877222142525,39.00530640141577,30.583035198411224,0.25823779473951913,0.07323068895144047,0.05330515719359141,-1.6922307076480365,-1.2976519597354468,9.098490810556754,6.239707113142842,10.18508580078587,7.728240838722691,0.49647270010214584
pushup_correct_5.mp4_003,pushup,correct,1,9,164.43000612905138,167.82745584113667,173.8768137472621,176.4282770953331,120.66138345656158,114.15854666913467,27.518473052782777,22.279941739296426,0.26431802618201927,-2.0875945597661882,0.5664864849514402,0.2755686377473978,-0.8373634664268366,-7.119084651591535,-7.3411609081598925,-6.292283641196672,-0.6682166893817723,-2.5728291300743535
pushup_correct_5.mp4_003,pushup,correct,2,9,162.6629137512779,168.91231655701398,173.90544425862086,175.62563529876553,114.41767889578884,103.82597979049008,22.941721648504082,19.135864477599394,0.26302451890802286,-1.76709237777348,1.084860715877312,0.02863051135875594,-0.8026417965675705,-6.243704560772741,-10.332566878644585,-4.576751404278696,-3.1440772616970314,0.3205021819927083
pushup_correct_5.mp4_003,pushup,correct,3,9,161.18703930416444,169.50442096720994,173.72436423924526,172.65536917258865,111.82681565529919,100.86032547895874,22.133293784728327,26.370808134270895,0.26066064875286654,-1.4758744471134548,0.592104410195958,-0.18108001937559948,-2.970266126176881,-2.5908632404896537,-2.9656543115313383,-0.8084278637757549,7.234943656671501,0.2912179306600251
pushup_correct_5.mp4_003,pushup,correct,4,9,163.4077634730391,169.0693352527582,173.64310264723267,172.89200524215084,106.80454739705735,103.05270759175527,17.974111510199897,20.9437356666963,0.2599527764368388,2.2207241688746535,-0.4350857144517306,-0.08126159201259497,0.23663606956219496,-5.022268258241837,2.1923821127965226,-4.15918227452843,-5.427072467574597,3.6965986159881083
pushup_correct_5.mp4_003,pushup,correct,5,9,163.71357807632276,169.9186698060767,173.58145428722605,174.30800814167276,101.87638989993528,103.42645707843374,13.515995965839068,21.138093687594335,0.25896259483367506,0.3058146032836646,0.8493345533184993,-0.061648360006614666,1.4160028995219136,-4.928157497122072,0.3737494866784772,-4.45811554436083,0.19435802089803644,-1.914909565590989
pushup_correct_5.mp4_003,pushup,correct,6,9,164.6343500676612,169.72794310427187,173.91830433131923,174.88016685045733,108.07958300529191,105.48127446324285,21.984041153163034,25.683018820783126,0.2577156162049323,0.9207719913384267,-0.19072670180483442,0.33685004409318253,0.5721587087845705,6.2031931053566325,2.0548173848091125,8.468045187323966,4.544925133188791,0.6149573880547621
pushup_correct_5.mp4_003,pushup,correct,7,9,164.31525408551255,169.4557615411099,172.90143710555785,172.9252295319484,121.45836848470258,107.47652132601057,37.38625926426708,21.954770321355618,0.2535593465765069,-0.31909598214863877,-0.27218156316197906,-1.0168672257613878,-1.9549373185089394,13.378785479410666,1.995246862767715,15.402218111104048,-3.728248499427508,-1.2398679734870655
pushup_correct_5.mp4_003,pushup,correct,8,9,165.01697149242491,170.117401317744,173.20014724996528,172.9203417247644,121.34888855503795,107.40591796020688,37.63378721213476,18.393287336644317,0.24914564849171578,0.7017174069123655,0.6616397766341038,0.29871014440743693,-0.004887807183990844,-0.10947992966463005,-0.07060336580369153,0.24752794786768106,-3.5614829847113008,1.0208133890610043
pushup_correct_5.mp4_003,pushup,correct,9,9,165.41516714581013,169.16071430767846,173.0206774034452,173.3615493197377,124.56308311202167,106.68693002138947,43.5624542888749,16.50349343109844,0.24662907055995667,0.39819565338521556,-0.9566870100655365,-0.17946984652007814,0.4412075949732923,3.2141945569837276,-0.7189879388174063,5.92866707674014,-1.8897939055458757,-0.30352175352714994
pushup_correct_5.mp4_004,pushup,correct,1,7,165.14842618939122,168.77771809731345,172.9107362633068,173.9817622676371,119.3721098194247,94.4348995790357,33.53990444808119,10.63137204195288,0.2463732803262646,-0.18692908439976463,1.01292636051204,-0.15580856950307975,0.24182223228825706,-6.437819402993739,-0.42001312034224725,-9.644685960055185,-0.09077574173490177,0.31286519446206285
pushup_correct_5.mp4_004,pushup,correct,2,7,164.83580994179812,169.2969938145561,174.19714479455544,173.2681164120074,107.47044066870227,103.25272065203434,18.008517283400312,22.834226118179487,0.2483301094921339,-0.31261624759309825,0.5192757172426354,1.2864085312486395,-0.713645855629693,-11.901669150722427,8.81782107299864,-15.531387164680876,12.202854076226608,-0.12568716319333362
pushup_correct_5.mp4_004,pushup,correct,3,7,163.29967077989414,169.30900149851698,175.07687952096825,174.09400191065376,104.76909108442501,106.81890879464825,12.261635107832964,26.541545331211893,0.2503070482943178,-1.536139161903975,0.012007683960888471,0.8797347264128064,0.8258854986463575,-2.701349584277253,3.5661881426139104,-5.7468821755673485,3.707319213032406,-1.2235229143108768
pushup_correct_5.mp4_004,pushup,correct,4,7,161.96630005380638,170.65061557459245,173.96983106025118,173.69048571977072,113.5098195722706,110.50548560417388,18.86197345483012,26.279936238429723,0.25267136455569356,-1.3333707260877645,1.341614076075473,-1.107048460717067,-0.4035161908830389,8.740728487845587,3.686576809525633,6.600338346997157,-0.2616090927821695,0.2027684358162105
pushup_correct_5.mp4_004,pushup,correct,5,7,162.33115689285654,170.82080498963256,173.83024227225027,178.974897786182,116.39991099732168,112.75890541554972,20.69811432352173,17.274167309176896,0.25821305283043994,0.3648568390501623,0.1701894150401131,-0.13958878800090702,5.284412066411278,2.8900914250510823,2.253419811375835,1.8361408686916079,-9.005768929252827,1.6982275651379268
pushup_correct_5.mp4_004,pushup,correct,6,7,160.1580881945268,171.19028606903083,170.37815159106603,177.96814692689128,122.45661795223909,115.85302027042432,27.406993440866938,17.974458321225075,0.26269367536784266,-2.173068698329729,0.3694810793982697,-3.452090681184245,-1.0067508592907188,6.056706954917402,3.0941148548746042,6.708879117345209,0.7002910120481793,-2.5379255373798912
pushup_correct_5.mp4_004,pushup,correct,7,7,160.1196844946336,173.07953990026627,168.88796365328687,179.76337206210823,125.32190223465896,122.26038222716141,30.583852003097046,24.611149924536022,0.2672220742415099,-0.03840369989322312,1.889253831235436,-1.4901879377791545,1.7952251352169526,2.8652842824198785,6.407361956737091,3.176858562230109,6.636691603310947,2.134664998436506
pushup_correct_5.mp4_005,pushup,correct,1,22,164.2796848023527,167.4715211765199,174.54257605013643,179.5550012773594,119.93339086462473,118.2183997426118,24.2288092157146,21.974613550286552,0.2700174248666216,1.6286958262095368,1.376485870208512,2.0885780910254255,0.5965097796811278,-5.700575614510342,-5.358142777008439,-6.3391583171781996,-0.32065787507129784,0.30766920293521594
pushup_correct_5.mp4_005,pushup,correct,2,22,164.6049683973017,168.98378399296516,176.1163752543565,178.64712762741675,114.58361929816022,110.88898478339135,19.296775083484697,14.121099336517302,0.27151280583652565,0.32528359494898496,1.5122628164452578,1.5737992042200801,-0.9078736499426441,-5.349771566464511,-7.329414959220443,-4.9320341322299015,-7.85351421376925,-1.3034122312605518
pushup_correct_5.mp4_005,pushup,correct,3,22,164.1037812545378,169.4082468783117,175.8509507114692,179.39733505622962,108.32219557055555,109.2839239240135,14.855419578169764,11.664248969221022,0.2722923430110951,-0.5011871427638823,0.42446288534654286,-0.26542454288730255,0.7502074288128711,-6.261423727604665,-1.6050608593778577,-4.441355505314933,-2.45685036729628,-0.8264707377128673
pushup_correct_5.mp4_005,pushup,correct,4,22,163.17504541039156,170.1540274668549,173.05769092652412,177.84002213805346,100.80115321484953,104.58493516553632,11.200935913292941,12.928959780479175,0.2704057220320278,-0.9287358441462459,0.7457805885431981,-2.793259784945093,-1.5573129181761658,-7.521042355706015,-4.698988758477171,-3.654483664876823,1.264710811258153,-0.42754870138236356
pushup_correct_5.mp4_005,pushup,correct,5,22,163.16404802267093,171.9559772781696,171.7632819950513,177.62999457132935,97.66044770211629,102.10290666129114,7.720127346036144,9.32346307460967,0.2662811793790724,-0.010997387720635743,1.8019498113146994,-1.294408931472816,-0.21002756672410783,-3.1407055127332484,-2.4820285042451786,-3.4808085672567968,-3.6054967058695055,0.9177384564256101
pushup_correct_5.mp4_005,pushup,correct,6,22,163.67637730883607,168.8335181252999,171.49143385392,174.21499144796618,93.56323154474295,99.37645078619025,4.369209656666255,9.268863873344687,0.26628505191358653,0.5123292861651407,-3.122459152869709,-0.27184814113130074,-3.4150031233631637,-4.097216157373339,-2.7264558751008963,-3.350917689369889,-0.054599201264982966,0.5233266738857765
pushup_correct_5.mp4_005,pushup,correct,7,22,165.107903790085,168.25851059399494,171.12244339553123,172.7444523038101,94.44960932772663,98.33272583041905,5.755895401427248,8.032188683018912,0.26491835474007114,1.4315264812489374,-0.5750075313049479,-0.3689904583887653,-1.4705391441560778,0.8863777829836863,-1.0437249557711965,1.3866857447609924,-1.2366751903257747,0.9191971950837967
pushup_correct_5.mp4_005,pushup,correct,8,22,165.1375088027833,169.24840374866932,170.460590617529,172.6746504786596,98.94320276851029,95.88975919887527,10.252661090144029,5.7843673434382366,0.26168174713767284,0.029605012698283417,0.9898931546743768,-0.6618527780022418,-0.06980182515050615,4.4935934407836555,-2.442966631543783,4.496765688716781,-2.2478213395806756,-1.401921468550654
pushup_correct_5.mp4_005,pushup,correct,9,22,166.20540367858803,169.9350333693125,169.3508720996531,171.84844064874346,100.43256986732861,93.61538082138759,12.45944899317416,4.003175189986672,0.2608366283953852,1.0678948758047397,0.6866296206431741,-1.1097185178759048,-0.826209829916138,1.4893670988183203,-2.274378377487679,2.206787903030131,-1.7811921534515642,1.0382898631064563
pushup_correct_5.mp4_005,pushup,correct,10,22,166.1186652782232,169.4709777831636,168.68578722635166,170.2314733792762,106.77145481499512,98.10874561953291,21.017779653539623,9.903671770248545,0.25929426907388803,-0.08673840036482261,-0.46405558614890197,-0.6650848733014243,-1.616967269467267,6.338884947666514,4.493364798145322,8.558330660365463,5.900496580261873,-1.1546332761695624
pushup_correct_5.mp4_005,pushup,correct,11,22,165.4391452835048,170.16227153101227,168.33038417872507,169.3819108137563,106.8892856829565,94.00956287296998,21.562671866985273,7.406036661216815,0.2567075672280699,-0.6795199947183903,0.6912937478486754,-0.355403047626595,-0.8495625655199035,0.11783086796137354,-4.099182746562931,0.5448922134456495,-2.49763510903173,-0.5927815943535677
pushup_correct_5.mp4_005,pushup,correct,12,22,164.5421615632389,168.59336013986763,168.86616179847846,168.7744982068495,110.96037700506773,104.57605136913345,25.35541877529174,23.850060303199655,0.25476385369273635,-0.8969837202659221,-1.5689113911446384,0.5357776197533894,-0.6074126069067916,4.071091322111229,10.566488496163473,3.7927469083064658,16.444023641982838,-0.2174637255475318
pushup_correct_5.mp4_005,pushup,correct,13,22,164.83073181980313,169.13360465009666,170.19122710027082,168.89862986979267,112.09305416472075,98.88462667754821,25.485334675507275,16.014480411697004,0.2538234933676438,0.28857025656424184,0.5402445102290301,1.325065301792364,0.1241316629431708,1.1326771596530278,-5.69142469158524,0.12991590021553634,-7.83557989150265,1.185553976830164
pushup_correct_5.mp4_005,pushup,correct,14,22,163.982844892087,168.70061926942356,170.05561425689595,170.1276571711774,100.67236670754346,102.60281300233672,12.887594557361243,17.399578714112195,0.25470957805195227,-0.8478869277161323,-0.4329853806731023,-0.13561284337487223,1.2290273013847184,-11.420687457177294,3.7181863247885047,-12.597740118146032,1.3850983024151908,-1.1364571842803741
pushup_correct_5.mp4_005,pushup,correct,15,22,163.94853918752972,169.1059701109498,169.8351805195956,170.95414795808844,86.16597314101111,103.95324950043343,2.1538650010511624,17.24547029061314,0.255399776137268,-0.034305704557283434,0.405350841526257,-0.22043373730033977,0.8264907869110516,-14.506393566532353,1.3504364980967125,-10.733729556310081,-0.15410842349905352,0.8135812231588488
pushup_correct_5.mp4_005,pushup,correct,16,22,163.7025933416645,169.86740675680218,169.4322418196893,171.21955262657846,86.49684888793001,103.26507363906262,2.0279368349782874,20.661770310828597,0.25557127088660486,-0.24594584586520796,0.7614366458523705,-0.4029386999063149,0.26540466849002087,0.3308757469189061,-0.6881758613708087,-0.12592816607287505,3.4163000202154556,-0.21164014130792452
pushup_correct_5.mp4_005,pushup,correct,17,22,164.2523275702679,170.39236656014305,170.08340549173687,170.94729229048588,87.64846007501495,102.10667684266375,2.219849762418863,23.54545291330393,0.2553297706046997,0.5497342286033984,0.5249598033408631,0.6511636720475735,-0.27226033609258593,1.1516111870849386,-1.1583967963988755,0.19191292744057575,2.883682602475332,0.7956800744686063
pushup_correct_5.mp4_005,pushup,correct,18,22,163.92886680097456,170.63943995066634,168.4803361352602,171.0217938550673,97.23577421243246,102.24145351629608,7.304217347817894,23.73237847298252,0.2571201186676155,-0.323460769293348,0.24707339052329758,-1.6030693564766807,0.07450156458142487,9.587314137417508,0.1347766736323308,5.084367585399031,0.18692555967859192,-0.8731949978967464
pushup_correct_5.mp4_005,pushup,correct,19,22,165.17093791812198,171.32085466951935,168.3992361185411,170.26873415425732,102.31557792082971,106.1389895895028,12.745066086785561,29.153277133676564,0.2567775267142237,1.2420711171474181,0.6814147188530058,-0.08110001671909117,-0.7530597008099846,5.07980370839725,3.897536073206723,5.440848738967667,5.420898660694043,1.5655318864407661
pushup_correct_5.mp4_005,pushup,correct,20,22,165.5806794852855,171.07498906262853,168.866836197179,172.1517058683609,115.22085640648599,119.62959734123484,25.327188304085176,36.18977956478154,0.2572468119432643,0.4097415671635076,-0.24586560689081693,0.46760007863790065,1.8829717141035758,12.905278485656282,13.490607751732043,12.582122217299615,7.036502431104974,-0.8323295499839105
pushup_correct_5.mp4_005,pushup,correct,21,22,165.93104869396154,173.68685489181775,170.44750916764073,176.51386404514025,123.20962983120164,126.21692828890708,29.94058536877401,37.359404461555236,0.2584268992895021,0.3503692086760566,2.611865829189213,1.580672970461734,4.36215817677936,7.988773424715646,6.587330947672243,4.613397064688833,1.1696248967736977,-0.05937235848745104
pushup_correct_5.mp4_005,pushup,correct,22,22,168.7790087466752,174.51046349323198,173.3845801386618,178.9604783034152,129.66213586940157,125.47309496629954,33.700651527526986,31.326396957043944,0.2604978424908293,2.8479600527136597,0.8236086014142359,2.9370709710210576,2.446614258274934,6.452506038199928,-0.7438333226075429,3.760066158752977,-6.033007504511293,2.497590844037603
pushup_correct_5.mp4_006,pushup,correct,1,20,165.53167512224593,168.5369833324671,173.52229991288175,177.50651472138836,118.92853664371353,122.1098307456768,26.432829624350195,28.0896285032778,0.26413776828613467,2.706335514174924,2.305909259905519,1.4530465848898757,0.8132091526249212,-5.553638769622495,-3.6237210439049647,-5.710198000099464,0.4746271970348346,3.524397380514557
pushup_correct_5.mp4_006,pushup,correct,2,20,165.8884068949949,171.05145207141118,175.29235767721488,179.97568461005605,110.13226754049326,116.58426146620441,17.12025829053437,25.94251583294382,0.2637899378191726,0.35673177274895806,2.514468738944089,1.7700577643331314,2.469169888667693,-8.796269103220268,-5.525569279472393,-9.312571333815825,-2.147112670333982,-2.349603741425966
pushup_correct_5.mp4_006,pushup,correct,3,20,162.52830306004014,169.7040603257748,175.7479301660004,178.69234238906805,103.02471885718765,107.83986638211393,10.46782145395292,22.7093287240771,0.26369096939800113,-3.3601038349547423,-1.3473917456363722,0.4555724887855206,-1.283342220988004,-7.107548683305609,-8.744395084090485,-6.652436836581449,-3.2331871088667192,-3.7168356077037004
pushup_correct_5.mp4_006,pushup,correct,4,20,160.3332954819934,171.64964696613123,173.88675296181586,176.79834822113457,96.12219918102892,105.57714774927003,5.557470924581259,25.804302211700755,0.2617499763064173,-2.1950075780467557,1.9455866403564244,-1.8611772041845427,-1.8939941679334709,-6.902519676158732,-2.2627186328438995,-4.910350529371661,3.0949734876236548,1.1650962569079866
pushup_correct_5.mp4_006,pushup,correct,5,20,161.6383408575129,170.72463633227736,173.72167798512973,176.5822546229029,91.05131838460998,107.59912640906033,0.14320923817882275,18.526359780923677,0.26297953673573127,1.3050453755195122,-0.9250106338538728,-0.16507497668612814,-0.21609359823168006,-5.070880796418933,2.0219786597903067,-5.414261686402436,-7.2779424307770775,3.500052953566268
pushup_correct_5.mp4_006,pushup,correct,6,20,161.78950109196117,169.67899018946258,172.64016714359266,174.06782937045722,87.03446906582002,102.19719645535345,4.912378005342061,12.89568777291253,0.263415504805785,0.15116023444826965,-1.0456461428147747,-1.0815108415370673,-2.514425252445676,-4.016849318789966,-5.401929953706883,4.769168767163238,-5.630672008011148,-1.1538851410712425
pushup_correct_5.mp4_006,pushup,correct,7,20,162.11157278199863,169.01767560559492,172.73599080500915,175.61767972339135,85.75430579257474,91.60769296960827,6.576462404555869,1.9139135586901654,0.26335292796031573,0.32207169003746117,-0.6613145838676644,0.0958236614164889,1.5498503529341292,-1.2801632732452788,-10.589503485745183,1.6640843992138077,-10.981774214222364,0.17091145558919152
pushup_correct_5.mp4_006,pushup,correct,8,20,164.23222297304272,166.88182080971677,173.22496822911262,175.02067306141993,98.26889704224845,86.70271836467609,6.161037459723005,7.1981694077864455,0.2618203567494614,2.120650191044092,-2.1358547958781458,0.48897742410346723,-0.5970066619714203,12.514591249673714,-4.904974604932178,-0.4154249448328642,5.28425584909628,1.7985785010066309
pushup_correct_5.mp4_006,pushup,correct,9,20,165.65634557372175,168.1899340260795,174.99990765650762,175.61627479783525,99.1267544908823,85.63131451621949,6.572980702389364,10.024529527016815,0.26057400903621175,1.424122600679027,1.3081132163627274,1.7749394273949974,0.5956017364153183,0.857857448633851,-1.0714038484565975,0.41194324266635896,2.82636011923037,-0.696527590365065
pushup_correct_5.mp4_006,pushup,correct,10,20,164.99547034385364,167.55391271034387,174.97823164450318,174.53972516970342,109.11573325526152,91.2223112533382,17.08428128446268,4.170337975770624,0.25977004674337417,-0.6608752298681111,-0.6360213157356327,-0.021676012004434142,-1.0765496281318292,9.988978764379212,5.590996737118715,10.511300582073316,-5.854191551246191,-2.084997830547138
pushup_correct_5.mp4_006,pushup,correct,11,20,164.85575310214492,167.41886377509599,175.1516685161023,174.16548118056548,111.07575176326071,98.42729172104335,19.679948871167742,17.819070129013735,0.25967936965981914,-0.13971724170872335,-0.1350489352478803,0.17343687159910814,-0.37424398913793766,1.9600185079991945,7.204980467705141,2.595667586705062,13.64873215324311,0.5211579881593877
pushup_correct_5.mp4_006,pushup,correct,12,20,164.17720602006688,168.1150160578256,174.29855923306792,174.3855051859134,112.87721432664748,99.26834263598579,22.03483000231295,21.285760202600915,0.25936815507088967,-0.6785470820780404,0.6961522827296278,-0.853109283034371,0.22002400534790922,1.8014625633867638,0.8410509149424428,2.354881131145209,3.4666900735871806,-0.538829840369317
pushup_correct_5.mp4_006,pushup,correct,13,20,163.8555186576066,168.11964071900658,174.55283203837746,174.53240995438065,111.27239398107109,100.51097949366911,20.009102361061625,21.0440653115839,0.25804897957277717,-0.32168736246026697,0.0046246611809692695,0.2542728053095402,0.14690476846726597,-1.6048203455763854,1.2426368576833227,-2.0257276412513257,-0.24169489101701558,0.3568597196177734
pushup_correct_5.mp4_006,pushup,correct,14,20,163.77881609262352,168.37600147820552,174.4342966345611,174.83264918843503,107.12689292360913,93.69663424706775,15.67742774650553,5.897403514943164,0.2581950579969919,-0.07670256498309413,0.25636075919894097,-0.11853540381636662,0.3002392340543736,-4.145501057461956,-6.814345246601363,-4.331674614556096,-15.146661796640736,0.24498479747717283
pushup_correct_5.mp4_006,pushup,correct,15,20,162.67985355243235,168.8128227301492,173.66590162319784,174.7519310222435,96.42166481565336,100.97215894477944,4.510401505113156,16.64855606467664,0.2595409112427743,-1.0989625401911667,0.4368212519436838,-0.7683950113632534,-0.08071816619153083,-10.705228107955776,7.275524697711688,-11.167026241392374,10.751152549733476,-1.0222599752080725
pushup_correct_5.mp4_006,pushup,correct,16,20,161.50020853080596,168.84746545914933,172.5603135452983,175.0000713857148,97.90119683508715,107.93476338126864,5.217412047876767,24.80366232655083,0.26014902127360506,-1.179645021626385,0.03464272900012588,-1.1055880778995402,0.2481403634712933,1.4795320194337904,6.962604436489201,0.7070105427636113,8.155106261874188,-0.08068248143521828
pushup_correct_5.mp4_006,pushup,correct,17,20,160.81278630742014,169.6502986927711,172.01852740882674,176.1918821742001,105.60786811286629,113.01618780156963,11.584717312580521,27.363610993733218,0.2607574645376525,-0.6874222233858234,0.8028332336217545,-0.5417861364715577,1.1918107884852986,7.706671277779137,5.081424420300991,6.367305264703754,2.5599486671823897,0.4922227982405616
pushup_correct_5.mp4_006,pushup,correct,18,20,160.8713006749527,170.23631279859296,171.83711927906603,177.1627387657925,113.20079620155234,116.85635308961677,18.900451754384804,30.50312420539589,0.26130459024960284,0.05851436753255257,0.5860141058218744,-0.18140812976071174,0.9708565915924225,7.592928088686051,3.840165288047146,7.315734441804283,3.1395132116626705,0.7459365909183759
pushup_correct_5.mp4_006,pushup,correct,19,20,161.73266161116004,170.18601515361254,172.76231003773958,178.30718844248247,118.81294025442513,121.94332506723508,23.622702646784703,34.113695343893276,0.26263884079665345,0.8613609362073475,-0.050297644980418,0.9251907586735513,1.144449676689959,5.612144052872793,5.086971977618305,4.722250892399899,3.610571138497388,0.802846568674795
pushup_correct_5.mp4_006,pushup,correct,20,20,161.78415133843112,171.4174448264202,171.58658423149754,179.09166421822593,124.02981103769879,124.53516352318715,30.21461314768856,37.04613802333577,0.26346080573797037,0.05148972727107548,1.23142967280765,-1.175725806242042,0.7844757757434593,5.216870783273663,2.5918384559520717,6.591910500903857,2.932442679442495,-0.8098712089362721
pushup_correct_5.mp4_007,pushup,correct,1,20,167.02263548188864,169.0503904840741,174.48411869169945,179.72546222367154,121.43010010525205,117.59205489218898,29.98324252944255,24.554713415005487,0.265990394488933,0.7375236958708911,1.1701556671737308,2.753186258563886,2.5071055192469203,-3.973125847095929,-1.8122517773716993,-4.946865934566702,2.149287515631144,0.9669109122966688
pushup_correct_5.mp4_007,pushup,correct,2,20,168.5860667185272,169.04100425474266,176.44260567282652,178.60641716564527,115.89677690414159,112.96349472645548,24.226065231523997,22.191287064491142,0.2669317955564283,1.5634312366385643,-0.009386229331425966,1.9584869811270664,-1.1190450580262734,-5.533323201110463,-4.628560165733504,-5.7571772979185525,-2.363426350514345,0.8259075407676733
pushup_correct_5.mp4_007,pushup,correct,3,20,167.76340947826895,171.06762727592786,175.7298006740539,179.9754150137083,111.144014257843,108.61973420778534,20.502751843766504,20.899714495086556,0.26477323712709777,-0.8226572402582519,2.026623021185202,-0.7128049987726115,1.3689978480630316,-4.752762646298592,-4.343760518670138,-3.723313387757493,-1.291572569404586,-2.3860884768968162
pushup_correct_5.mp4_007,pushup,correct,4,20,166.37019189887621,172.57335187932912,174.81665754144967,178.74260876662848,104.09423099693667,104.53556243982631,14.839005373154793,21.88839258284196,0.26357305132703757,-1.39321757939274,1.5057246034012621,-0.9131431326042332,-1.2328062470798216,-7.049783260906324,-4.084171767959035,-5.663746470611711,0.9886780877554031,-0.570560339134488
pushup_correct_5.mp4_007,pushup,correct,5,20,168.84001428113194,173.04453410220498,174.9227702240642,177.97224775749382,101.91027514523785,106.82922238534161,11.99152190864989,19.57698703569012,0.26263872726472637,2.469822382255728,0.47118222287585354,0.10611268261453688,-0.7703610091346604,-2.1839558516988262,2.2936599455153015,-2.8474834645049025,-2.311405547151839,3.863039961648468
pushup_correct_5.mp4_007,pushup,correct,6,20,170.10198033418754,171.86074743139687,174.62515149698885,177.7881133620484,98.94923910513208,102.48856729577842,8.805088322315324,12.160953295701303,0.26177766723052576,1.2619660530556018,-1.1837866708081037,-0.29761872707535986,-0.18413439544542598,-2.9610360401057676,-4.340655089563185,-3.186433586334566,-7.416033739988817,-1.2078563292001263
pushup_correct_5.mp4_007,pushup,correct,7,20,170.44143228487403,171.6987860080514,174.59722046815736,176.7500262081987,100.3421692269679,98.18218403791779,10.318369813215511,6.1565903493426655,0.2604738113701484,0.33945195068648104,-0.16196142334547403,-0.027931028831488902,-1.0380871538496876,1.3929301218358177,-4.306383257860631,1.5132814909001873,-6.004362946358637,-0.9225141023691208
pushup_correct_5.mp4_007,pushup,correct,8,20,168.77848500631345,169.8805030991998,173.3476008041831,175.36401963151536,106.0860742422329,95.60940604891123,17.379468803731445,2.7457197211723217,0.25824444337833163,-1.66294727856058,-1.818282908851586,-1.249619663974272,-1.386006576683343,5.743905015265,-2.5727779890065676,7.061098990515934,-3.410870628170344,-2.002399229247061
pushup_correct_5.mp4_007,pushup,correct,9,20,168.38749448357922,168.7395170664485,173.74698903830244,175.9115396632576,106.7537013394274,97.0148581662333,17.72164164271827,2.271975040349245,0.25746396666730975,-0.39099052273422785,-1.1409860327513002,0.39938823411935687,0.5475200317422377,0.6676270971944973,1.4054521173220706,0.3421728389868264,-0.4737446808230765,1.271956755826352
pushup_correct_5.mp4_007,pushup,correct,10,20,168.15298493131613,169.22972963272758,173.07410600173156,175.4993078540594,106.7790196027685,91.78721817907496,18.578267059523856,6.984496508367837,0.2565228638786701,-0.23450955226309134,0.4902125662790695,-0.6728830365708802,-0.4122318091982038,0.025318263341105762,-5.227639987158341,0.8566254168055849,4.712521468018592,0.15648097047113652
pushup_correct_5.mp4_007,pushup,correct,11,20,167.45874050085274,169.67368286166757,172.91223880308496,175.81285066675525,112.70157781540469,91.27261440300465,25.335412736078517,4.121819164131017,0.2560174712506011,-0.6942444304633852,0.44395322893998923,-0.16186719864660404,0.31354281269585726,5.92255821263619,-0.5146037760703024,6.757145676554661,-2.86267734423682,-0.4597348782002939
pushup_correct_5.mp4_007,pushup,correct,12,20,167.22278002430215,169.1297332380971,173.46864682295276,174.84945145866223,111.0876143150217,81.40454790127455,22.36875760034254,5.1223281729352355,0.25625982212020676,-0.23596047655058783,-0.5439496235704837,0.5564080198678028,-0.9633992080930227,-1.6139635003829937,-9.868066501730098,-2.9666551357359765,1.0005090088042188,0.4582839539127974
pushup_correct_5.mp4_007,pushup,correct,13,20,167.4498852828824,169.30301742987484,174.326956184301,175.69514470002622,109.16304912131922,81.76853539489804,19.45731349578434,5.878624547125349,0.2556040679648909,0.2271052585802522,0.17328419177775345,0.8583093613482333,0.845693241363989,-1.9245651937024775,0.36398749362348326,-2.9114441045582,0.7562963741901134,0.46306573513084004
pushup_correct_5.mp4_007,pushup,correct,14,20,166.49459721340116,168.92838872072224,174.26613738898826,175.7295100924312,111.42325723468285,83.5609756907298,20.745027301501,6.520939727517721,0.2556900744355027,-0.9552880694812416,-0.3746287091526028,-0.06081879531274126,0.034365392404993145,2.260208113363632,1.7924402958317671,1.2877138057166597,0.6423151803923721,-1.1823933280614938
pushup_correct_5.mp4_007,pushup,correct,15,20,164.51281680539952,169.71682522416341,173.4157507962997,175.5127388611884,110.75567152915974,98.72600842289114,19.557754744915897,10.735272943602542,0.25587110642032934,-1.9817804080016401,0.7884365034411758,-0.850386592688551,-0.2167712312428023,-0.6675857055231091,15.165032732161336,-1.1872725565851034,4.214333216084821,-1.0264923385203986
pushup_correct_5.mp4_007,pushup,correct,16,20,163.04430601338615,169.33585349033845,170.55950827842298,175.04228810141683,106.55668975815605,102.5545107970342,16.57501085386854,17.63971405487638,0.25870335238137687,-1.468510792013376,-0.3809717338249641,-2.856242517876723,-0.47045075977158035,-4.198981771003687,3.8285023741430564,-2.982743891047356,6.904441111273837,0.5132696159882641
pushup_correct_5.mp4_007,pushup,correct,17,20,160.5828432378657,169.48756055052766,169.42576747786214,175.93576753147093,107.9757839503419,99.10870138054342,17.041080925137503,17.763206606871847,0.2584279928508029,-2.4614627755204594,0.1517070601892101,-1.1337408005608438,0.8934794300541,1.4190941921858524,-3.445809416490775,0.4660700712689625,0.1234925519954686,-0.9929519835070835
pushup_correct_5.mp4_007,pushup,correct,18,20,160.01872125374626,169.75021069816643,168.0762287962348,175.81730477370655,108.97727915126404,106.53666389062809,18.069920950254094,23.249238127308864,0.25839911104730534,-0.5641219841194243,0.26265014763876593,-1.3495386816273367,-0.11846275776437665,1.001495200922136,7.427962510084669,1.0288400251165903,5.486031520437017,1.8973407914010352
pushup_correct_5.mp4_007,pushup,correct,19,20,161.32454036465467,170.1751601439889,169.26377163107844,173.81108889760677,117.64277885470804,113.14524349749647,26.8281745498088,32.27143071516725,0.26027900001706117,1.305819110908402,0.4249494458224774,1.18754283484364,-2.0062158760997875,8.665499703443999,6.608579606868375,8.758253599554706,9.022192587858385,1.8699410950278263
pushup_correct_5.mp4_007,pushup,correct,20,20,160.05895433921927,170.93674453477192,169.4979134784129,173.97233994670165,125.04418117277676,118.99363580923514,33.475187021832916,37.528891555050166,0.25981499572926015,-1.2655860254353968,0.761584390783014,0.2341418473344561,0.1612510490948864,7.401402318068719,5.848392311738678,6.647012472024116,5.257460839882917,-2.571405136343799
pushup_correct_5.mp4_008,pushup,correct,1,20,165.3990979452533,165.16217593051374,171.0281847165171,171.48228506718738,119.30307122106366,115.687196921806,30.953803574251484,28.971531848774262,0.2659417521698341,1.7441487349471174,0.6367963031537727,0.4894649011714023,0.7179397489069004,-7.125611272396014,-7.516819641958023,-5.596960526146365,0.7236985086980212,0.9498775195685312
pushup_correct_5.mp4_008,pushup,correct,2,20,166.12839382673116,164.37250810996926,172.04454143840817,174.14624875527048,113.3190084636156,113.95750085681492,25.033702850963106,27.927939323805937,0.2665693775746499,0.7292958814778672,-0.78966782054448,1.0163567218910714,2.6639636880831006,-5.984062757448058,-1.7296960649910886,-5.920100723288378,-1.043592524968325,-1.0148528534692502
pushup_correct_5.mp4_008,pushup,correct,3,20,166.87763334841446,167.6919787782611,176.17491063049908,177.82719465021884,110.73124815474111,109.87433835913585,20.58518259218852,28.867990696494296,0.267267020270337,0.7492395216833074,3.3194706682918422,4.13036919209091,3.6809458949483655,-2.5877603088744934,-4.083162497679069,-4.448520258774586,0.9400513726883588,0.01994364020544026
pushup_correct_5.mp4_008,pushup,correct,4,20,166.19931089425123,167.42882193271097,177.3239913518713,178.66145926892366,105.76638593465898,106.3582917304841,15.426647152066922,26.3444204213219,0.2634349611348578,-0.6783224541632364,-0.2631568455501281,1.1490807213722292,0.8342646187048217,-4.964862220082125,-3.5160466286517504,-5.158535440121598,-2.5235702751723963,-1.4275619758465439
pushup_correct_5.mp4_008,pushup,correct,5,20,166.07585212543248,169.3433147984097,175.81399778382595,176.28508609619263,102.70855309545503,104.74353246702384,13.10553515171814,26.561460988964544,0.26289347855486095,-0.12345876881875029,1.914492865698719,-1.5099935680453598,-2.3763731727310358,-3.0578328392039538,-1.6147592634602574,-2.3211120003487817,0.2170405676426448,0.5548636853444862
pushup_correct_5.mp4_008,pushup,correct,6,20,167.0355435747187,170.62095334274247,177.0717424357125,177.88998640843909,97.24398922289176,104.78352849038286,7.606821688352712,25.898860104029488,0.26233050202904656,0.9596914492862254,1.277638544332774,1.2577446518865543,1.604900312246457,-5.464563872563275,0.039996023359023525,-5.498713463365428,-0.6626008849350562,1.0831502181049757
pushup_correct_5.mp4_008,pushup,correct,7,20,165.23388792560618,169.248033903561,174.15106090161206,176.2433918148913,104.28365765910782,105.54500419099269,16.59536801347436,28.327013971803005,0.26136990183272685,-1.8016556491125186,-1.3729194391814588,-2.920681534100453,-1.6465945935477748,7.039668436216061,0.7614757006098216,8.988546325121648,2.428153867773517,-2.761347098398744
pushup_correct_5.mp4_008,pushup,correct,8,20,166.41244128843817,170.23044679466312,173.32074897055017,175.24093172275923,101.81727004047151,108.65616837467853,12.532902611650298,17.36325025628379,0.26103154948842483,1.178553362831991,0.9824128911021148,-0.8303119310618854,-1.0024600921320825,-2.466387618636304,3.111164183685844,-4.062465401824062,-10.963763715519214,2.9802090119445097
pushup_correct_5.mp4_008,pushup,correct,9,20,166.42778774760626,169.88366075891915,173.0252805153691,172.41271018491196,114.95268949566359,106.40839336554419,25.513152383026075,22.035189185356373,0.2599588789854217,0.015346459168085858,-0.3467860357439747,-0.2954684551810658,-2.82822153784727,13.135419455192078,-2.247775009134344,12.980249771375776,4.6719389290725815,-1.1632069036639052
pushup_correct_5.mp4_008,pushup,correct,10,20,166.81990304362287,169.51851129196356,173.66429953105225,171.92094903911092,116.55274520802467,110.07461929832216,26.78207799022224,30.755335325195517,0.25850192727685,0.39211529601661255,-0.3651494669555859,0.6390190156831466,-0.4917611458010356,1.6000557123610832,3.6662259327779765,1.2689256071961665,8.720146139839144,0.3767688368485267
pushup_correct_5.mp4_008,pushup,correct,11,20,167.38738280399093,168.71665333812922,174.3079104812001,172.27289592395013,113.78225825336553,107.12179991445018,25.168113096959736,26.68208929708109,0.25845734747064947,0.5674797603680588,-0.8018579538343431,0.6436109501478597,0.351946884839208,-2.770486954659148,-2.952819383871983,-1.613964893262505,-4.073246028114426,0.17536446435144626
pushup_correct_5.mp4_008,pushup,correct,12,20,168.08009733438524,167.37732960491653,173.51178740229574,170.2007663606165,118.83357885299152,102.03206741556018,38.64719337323336,23.45928373817103,0.2580907896026471,0.6927145303943121,-1.3393237332126944,-0.7961230789043725,-2.0721295633336183,5.0513205996259956,-5.089732498890001,13.47908027627362,-3.2228055589100606,0.12523477002625327
pushup_correct_5.mp4_008,pushup,correct,13,20,167.6383962041964,166.4188249746563,173.90244508161194,171.77630285690825,115.27428031795263,87.00487257761628,32.652139717475585,0.5092424305039728,0.2581327252643205,-0.4417011301888465,-0.9585046302602223,0.390657679316206,1.5755364962917326,-3.5592985350388915,-15.027194837943895,-5.995053655757772,-22.950041307667057,-1.1344156605831586
pushup_correct_5.mp4_008,pushup,correct,14,20,167.08853620158771,166.22614262798402,173.51333719808267,171.14840467290608,121.60747851833955,98.1008075521432,39.42923586952794,17.675083917665948,0.25824583207082263,-0.549860002608682,-0.19268234667228512,-0.3891078835292774,-0.6278981840021629,6.333198200386917,11.095934974526912,6.7770961520523585,17.165841487161973,-0.10815887241983546
pushup_correct_5.mp4_008,pushup,correct,15,20,166.89204649639046,166.7509429277252,173.59443038754515,170.9393100857473,123.14549860867533,103.68264835157036,40.566780492634145,23.807552600079955,0.25850139769894864,-0.1964897051972514,0.5248002997411731,0.08109318946247868,-0.2090945871587735,1.5380200903357775,5.5818407994271695,1.1375446231062014,6.132468682414007,0.35337029741143056
pushup_correct_5.mp4_008,pushup,correct,16,20,166.59743255726505,167.75591341048977,173.21576071961695,171.92866834581383,120.61741632594051,105.74105830512723,35.66475771873151,24.969953892685858,0.2585657266063827,-0.2946139391254121,1.004970482764577,-0.3786696679281931,0.989358260066524,-2.5280822827348146,2.058409953556861,-4.902022773902637,1.162401292605903,-0.09812423392816072
pushup_correct_5.mp4_008,pushup,correct,17,20,164.77250967244922,168.94491359612232,173.41504946014868,172.8026138492993,122.7579758455568,111.42563061135178,35.03052664317702,34.00593655784463,0.2580887445500923,-1.8249228848158339,1.1890001856325512,0.19928874053172763,0.8739455034854586,2.140559519616289,5.684572306224553,-0.6342310755544887,9.03598266515877,-1.5303089456904218
pushup_correct_5.mp4_008,pushup,correct,18,20,165.1321321505724,169.81207017609123,174.13619972464377,175.0614207255273,112.58570136754938,111.94887473707114,22.312176145968916,35.204381265841214,0.2584022730797276,0.3596224781231854,0.8671565799689063,0.721150264495094,2.2588068762280216,-10.172274478007424,0.5232441257193585,-12.718350497208103,1.198444707996586,2.1845453629390192
pushup_correct_5.mp4_008,pushup,correct,19,20,163.75482508108348,170.2784697823459,171.5140598733489,175.09130545005294,121.50082037137913,118.32753534636697,31.108713372729003,38.66923406598844,0.25878821059665963,-1.3773070694889213,0.4663996062546687,-2.622139851294861,0.029884724525629736,8.915119003829759,6.378660609295835,8.796537226760087,3.464852800147227,-1.7369295476121067
pushup_correct_5.mp4_008,pushup,correct,20,20,163.91817592080048,169.5580500659793,171.83770436126554,177.3409067027411,125.69159271879829,123.02940920003267,34.8546583508496,40.89874069525579,0.261085375486202,0.1633508397169976,-0.7204197163665924,0.32364448791662426,2.2496012526881657,4.190772347419156,4.7018738536657025,3.745944978120594,2.229506629267348,1.540657909205919
pushup_correct_5.mp4_009,pushup,correct,1,20,165.89593427026483,167.13605130685454,172.92184599240744,174.53718154751562,118.08059023452604,114.437509821659,27.575689560932865,27.380543523291905,0.26673749749898484,4.204522818594455,4.60731793057812,3.917691834443559,5.730038690498077,-7.967475921831891,-8.202724434695696,-10.299397250145617,-5.266393375644441,2.8971094011593834
pushup_correct_5.mp4_009,pushup,correct,2,20,167.63114119965482,168.1951583374785,177.68983263266625,179.35380396175768,112.26181293184163,109.92477901007071,19.862141225926102,24.34361036504642,0.2685319214951014,1.7352069293899888,1.0591070306239487,4.767986640258812,4.816622414242062,-5.81877730268441,-4.512730811588298,-7.713548335006763,-3.0369331582454855,-2.4693158892044664
pushup_correct_5.mp4_009,pushup,correct,3,20,166.22367953204173,169.06607220082066,174.62689654698536,175.91443923538316,108.21160862360554,107.26053667662605,17.57236902885551,24.538187270419538,0.2665415736478753,-1.4074616676130915,0.8709138633421674,-3.0629360856808887,-3.439364726374521,-4.05020430823609,-2.664242333444662,-2.2897721970705938,0.19457690537311834,-3.1426685970030803
pushup_correct_5.mp4_009,pushup,correct,4,20,167.08888998790042,169.06578890227942,173.98146728392942,174.4437779539287,102.57894863428862,108.8251767516452,11.466831521900456,19.493911300332346,0.2663615973389426,0.865210455858687,-0.00028329854123398945,-0.6454292630559451,-1.4706612814544542,-5.63265998931692,1.564640075019156,-6.105537506955052,-5.044275970087192,2.2726721234717786
pushup_correct_5.mp4_009,pushup,correct,5,20,167.10910690802592,169.54953144361252,173.16765070246265,174.27849053941534,100.10633977100171,111.03217057977359,9.467611891428527,24.530002196213044,0.2646031483038342,0.02021692012550602,0.48374254133310046,-0.8138165814667673,-0.16528741451335804,-2.472608863286908,2.2069938281283896,-1.999219630471929,5.036090895880697,-0.844993535733181
pushup_correct_5.mp4_009,pushup,correct,6,20,168.35309263124523,169.84358252830643,173.11410304946423,173.03209764281078,97.92360156841896,105.5399199931431,6.724973013405768,14.944812236081713,0.26340979236730505,1.2439857232193106,0.29405108469390484,-0.053547652998418016,-1.2463928966045614,-2.1827382025827546,-5.49225058663049,-2.742638878022759,-9.58518996013133,1.2237688030938045
pushup_correct_5.mp4_009,pushup,correct,7,20,168.39796439866308,170.9151591565306,172.91902830917803,173.15250835270803,106.08136084355462,104.74362990923211,14.2616200188749,13.988981427180269,0.2623935451301122,0.044871767417845376,1.0715766282241646,-0.1950747402862021,0.1204107098972429,8.15775927513566,-0.7962900839109892,7.536647005469132,-0.9558308089014442,-1.1991139558014652
pushup_correct_5.mp4_009,pushup,correct,8,20,167.27351822921955,167.95903382983673,173.36573502742735,170.31763285557443,106.06794962092783,116.05931760059252,14.04194728514135,27.53800296574999,0.26213287924584106,-1.1244461694435302,-2.956125326693865,0.44670671824931674,-2.834875497133595,-0.013411222626785957,11.31568769136041,-0.21967273373355134,13.54902153856972,-1.1693179368613755
pushup_correct_5.mp4_009,pushup,correct,9,20,167.0770902155187,166.67173392812467,174.05550756004985,170.2700009624728,114.59699899456572,109.8472447514479,22.809472224776023,24.15588420196331,0.26145379404128294,-0.19642801370085294,-1.2872999017120605,0.6897725326224986,-0.047631893101623746,8.52904937363789,-6.212072849144619,8.767524939634674,-3.3821187637866785,0.9280181557426772
pushup_correct_5.mp4_009,pushup,correct,10,20,166.9163423291288,166.2197530509441,174.818873547552,170.7101134647419,118.44747100047661,106.76095852330202,26.650101336810767,22.873872717799316,0.2629324654463037,-0.1607478863898848,-0.4519808771805742,0.7633659875021408,0.4401125022691019,3.8504720059108877,-3.0862862281458803,3.840629112034744,-1.282011484163995,0.035680127310968146
pushup_correct_5.mp4_009,pushup,correct,11,20,167.19982413516007,167.1357600716918,175.10164909244276,171.28924625361182,115.63920020069885,107.43723936061079,23.890071231058343,22.410232353333818,0.26275689423258086,0.2834818060312614,0.9160070207477133,0.28277554489076806,0.5791327888699129,-2.808270799777759,0.6762808373087665,-2.760030105752424,-0.4636403644654976,0.4442296924211462
pushup_correct_5.mp4_009,pushup,correct,12,20,167.2585008276381,167.949741851172,175.3025634330605,172.0029954996297,118.30166465161402,111.32315977430468,26.47780902580452,27.57621787340246,0.2614808732307842,0.058676692478030645,0.8139817794802013,0.20091434061774294,0.7137492460178692,2.6624644509151665,3.8859204136938956,2.5877377947461753,5.1659855200686415,-0.22480511355323074
pushup_correct_5.mp4_009,pushup,correct,13,20,167.19778377219998,168.29041864658538,175.2668267058809,172.83113534238427,115.1108452279702,111.04390691021173,23.266602283029144,28.175784235947663,0.26052443959465993,-0.06071705543811845,0.3406767954133727,-0.03573672717959653,0.828139842754581,-3.1908194236438163,-0.27925286409295325,-3.2112067427753743,0.5995663625452039,-0.1193937479161491
pushup_correct_5.mp4_009,pushup,correct,14,20,166.93144375974708,168.29893472718808,174.7930932976836,171.67675284001967,113.97221155563768,106.28199538540929,22.507230547818985,31.02660129898117,0.2601775227396293,-0.2663400124529005,0.008516080602703369,-0.4737334081972904,-1.154382502364598,-1.1386336723325172,-4.761911524802443,-0.7593717352101592,2.8508170630335066,-0.20562295701478206
pushup_correct_5.mp4_009,pushup,correct,15,20,166.1819632718004,168.53418414777016,175.14674950052435,172.39315057191476,109.40900476675613,106.40722732598834,17.220969617964826,30.917622298900078,0.2595842309869072,-0.7494804879466699,0.23524942058207898,0.35365620284073884,0.7163977318950856,-4.563206788881558,0.12523194057905584,-5.2862609298541585,-0.10897900008109218,-0.4831404754937694
pushup_correct_5.mp4_009,pushup,correct,16,20,163.81775240855555,168.89058785701954,173.1236565511254,173.7224756196673,109.99814377784386,105.33400016002913,18.36942906814406,30.55529051552771,0.2594276638467038,-2.364210863244864,0.3564037092493777,-2.0230929493989436,1.3293250477525476,0.5891390110877381,-1.07322716595921,1.1484594501792351,-0.36233178337236893,-1.614730375298194
pushup_correct_5.mp4_009,pushup,correct,17,20,160.69487290572147,169.80926805908345,170.13102460171785,174.55801563293164,111.90356470781012,99.30736186750498,21.36297967714662,29.73837695168031,0.25920437000593305,-3.1228795028340812,0.9186802020639107,-2.992631949407553,0.8355400132643354,1.9054209299662546,-6.026638292524154,2.9935506090025576,-0.8169135638474003,-0.7586686395892173
pushup_correct_5.mp4_009,pushup,correct,18,20,159.2132884596583,169.90160548626307,167.520658568253,173.93790087464708,112.62718279215142,105.48702043417214,22.76464617264027,31.50933125969058,0.2601378929843469,-1.4815844460631808,0.0923374271796149,-2.6103660334648566,-0.6201147582845579,0.7236180843412967,6.1796585666671575,1.4016664954936502,1.7709543080102712,1.6412950567709004
pushup_correct_5.mp4_009,pushup,correct,19,20,158.94683302415064,170.17220374316872,167.568569688452,172.99762531307772,117.17267731979072,109.28896032863175,26.206127893194,34.11761638495566,0.2601947345258559,-0.2664554355076518,0.2705982569056573,0.047911120198989465,-0.940275561569365,4.545494527639306,3.8019398944596077,3.441481720553732,2.6082851252650805,1.215129010555529
pushup_correct_5.mp4_009,pushup,correct,20,20,160.52402909281125,171.2588621823688,170.47133424555312,174.38658237971677,135.75417733532322,123.3859099509035,43.66795505467644,47.54712786989683,0.260140224475047,1.5771960686606121,1.0866584392000789,2.9027645571011362,1.3889570666390512,18.581500015532498,14.096949622271751,17.46182716148244,13.429511484941173,1.843651504168264
pushup_correct_5.mp4_010,pushup,correct,1,14,163.8612567831804,168.39400918289553,175.68823556494263,179.84328187413865,122.27735365877238,118.6094621745616,28.260149017408086,26.377693642078118,0.26721598614147757,0.477411324683203,-0.7167853122859924,1.0533762429589046,0.10947442938550012,-4.186171064338993,0.5943957565240794,-4.773170839210852,3.5518669281063033,-2.1400804231340658
pushup_correct_5.mp4_010,pushup,correct,2,14,165.36943043941451,169.63948274025432,176.94731978914263,179.96645031260496,117.3249659180825,122.25705567973397,24.891171013792796,33.91020469430268,0.2667224110864052,1.5081736562341064,1.2454735573587925,1.259084224199995,0.12316843846630832,-4.952387740689886,3.6475935051723667,-3.3689780036152897,7.53251105222456,1.0307623315509034
pushup_correct_5.mp4_010,pushup,correct,3,14,164.6144594914417,169.74202089458498,174.54639173518294,179.66497588242382,112.91140016031868,119.23605686861843,22.635031073089884,31.372026559530592,0.26572365491170025,-0.7549709479728222,0.10253815433065938,-2.4009280539596887,-0.3014744301811447,-4.41356575776382,-3.0209988111155326,-2.256139940702912,-2.5381781347720853,-2.2631446042069285
pushup_correct_5.mp4_010,pushup,correct,4,14,163.89930500607397,170.84368619776555,173.2091286875269,177.6586612197142,109.25515875148274,116.83505582921595,20.413077760083393,32.28714941220746,0.26471425350012506,-0.7151544853677194,1.1016653031805674,-1.3372630476560232,-2.0063146627096273,-3.656241408835939,-2.4010010394024874,-2.221953313006491,0.9151228526768698,0.03981646260510274
pushup_correct_5.mp4_010,pushup,correct,5,14,162.77636179404388,170.7049027120503,173.4704988255331,177.8974803858969,107.68943732147052,111.93921545349637,18.323989598957276,32.58359125132548,0.26362993605318275,-1.1229432120300942,-0.13878348571523702,0.26137013800618547,0.23881916618270793,-1.5657214300122178,-4.8958403757195725,-2.089088161126117,0.29644183911801747,-0.40778872666237476
pushup_correct_5.mp4_010,pushup,correct,6,14,164.37118350217105,171.22569336720213,173.96561222931786,178.75256214018475,100.17421455883822,112.19046561028043,11.465573678176021,30.460432924869373,0.26412163372019104,1.5948217081271707,0.5207906551518136,0.49511340378475666,0.8550817542878519,-7.515222762632305,0.25125015678405305,-6.858415920781255,-2.1231583264561067,2.717764920157265
pushup_correct_5.mp4_010,pushup,correct,7,14,165.86719193986383,172.07536758333612,175.38396697375595,178.45151666475041,105.00382199383243,110.0474938994751,16.255731289294634,29.601091946910902,0.2631832787798248,1.4960084376927796,0.849674216133991,1.4183547444380906,-0.3010454754343357,4.829607434994216,-2.142971710805327,4.790157611118612,-0.8593409779584711,-0.09881327043439114
pushup_correct_5.mp4_010,pushup,correct,8,14,163.74749143662072,172.45099966489784,173.07685133646456,177.44397665720462,106.82552312707196,113.36220641561735,18.25669980989746,31.497855798416968,0.2627530293636977,-2.1197005032431093,0.3756320815617187,-2.307115637291389,-1.0075400075457992,1.8217011332395288,3.314712516142251,2.000968520602825,1.8967638515060656,-3.615708940935889
pushup_correct_5.mp4_010,pushup,correct,9,14,164.07956894241246,172.5214919308013,171.54775720614816,175.48790041492265,105.67813122204112,115.66520005384082,17.08736028654405,30.114328555213927,0.2617552183558878,0.33207750579174444,0.0704922659034537,-1.5290941303163947,-1.9560762422819664,-1.1473919050308439,2.3029936382234695,-1.1693395233534076,-1.3835272432030408,2.4517780090348538
pushup_correct_5.mp4_010,pushup,correct,10,14,165.0944464230017,172.61390410974977,171.1245464232205,175.9198178653515,106.99016379653416,106.5983516802131,19.152089020300743,19.36299131070793,0.2610576824957442,1.0148774805892344,0.09241217894847864,-0.42321078292766856,0.4319174504288412,1.3120325744930454,-9.066848373627721,2.0647287337566915,-10.751337244505997,0.68279997479749
pushup_correct_5.mp4_010,pushup,correct,11,14,165.5461717185999,170.97071100190163,170.99872564833942,175.19600747325057,108.05541088563237,103.17084043626598,21.256094792354645,16.295575668102522,0.26121246498550166,0.45172529559820873,-1.643193107848134,-0.12582077488107757,-0.7238103921009156,1.0652470890982073,-3.427511243947123,2.1040057720539025,-3.0674156426054076,-0.5631521849910257
pushup_correct_5.mp4_010,pushup,correct,12,14,165.84505973001833,170.0539561280177,171.73130216181048,174.55691286911284,120.56282852532796,103.52413738224126,34.64533198467588,15.09700294923977,0.2616976169448886,0.2988880114184269,-0.9167548738839457,0.7325765134710593,-0.639094604137739,12.50741763969559,0.3532969459752877,13.389237192321232,-1.1985727188627529,-0.15283728417978182
pushup_correct_5.mp4_010,pushup,correct,13,14,165.1904979815324,167.13803578133306,171.9431644530968,172.33208091299255,116.17244232827228,99.13979803432667,30.014906415582928,11.684284909766003,0.2615514964431814,-0.6545617484859463,-2.9159203466846293,0.21186229128633727,-2.2248319561202834,-4.390386197055676,-4.38433934791459,-4.6304255690929494,-3.4127180394737664,-0.9534497599043732
pushup_correct_5.mp4_010,pushup,correct,14,14,164.88200524597022,167.1312860334107,173.0318243798443,172.5211838148761,127.77979038849618,116.24853524660504,42.08287074026371,30.373875145593214,0.260595183129066,-0.3084927355621687,-0.006749747922356164,1.0886599267474821,0.18910290188355816,11.607348060223899,17.10873721227837,12.06796432468078,18.68959023582721,0.34606901292377756
pushup_correct_5.mp4_011,pushup,correct,1,11,166.4170872543066,166.41335461790615,176.76037428181903,174.4192653542258,116.67768873026039,109.57650398889528,27.135485963795574,28.884450804871324,0.25934965913134195,1.071470472045661,-0.6553540054643463,2.5140628161742598,1.162360612102475,-7.618488887403316,-3.4529346455297656,-9.716450454205912,-0.025063518316244426,0.6078589357549333
pushup_correct_5.mp4_011,pushup,correct,2,11,165.80021469913177,167.24064084206205,176.2487318454376,174.34981405228513,109.02949744044726,107.96469835194445,18.70172127673094,27.86162131070381,0.2583095248690195,-0.6168725551748366,0.8272862241558983,-0.511642436381436,-0.06945130194065996,-7.648191289813127,-1.6118056369508338,-8.433764687064635,-1.0228294941675138,-1.6883430272204976
pushup_correct_5.mp4_011,pushup,correct,3,11,165.7248928383171,167.64758040229188,175.62398889047043,174.82427496109577,98.96868945977245,107.19457319551232,8.24006120264194,26.909198440017523,0.2579817565284652,-0.0753218608146824,0.40693956022983,-0.6247429549671608,0.4744609088106415,-10.06080798067481,-0.7701251564321296,-10.461660074089,-0.9524228706862878,0.5415506943601542
pushup_correct_5.mp4_011,pushup,correct,4,11,164.44703772085762,168.52493402632257,174.2540751015413,175.45497621657236,93.3078450272669,106.43884809163039,2.2791317841867325,26.16946581602705,0.25787720712282747,-1.2778551174594668,0.8773536240306896,-1.369913788929125,0.6307012554765947,-5.660844432505556,-0.7557251038819288,-5.960929418455207,-0.7397326239904736,-1.2025332566447844
pushup_correct_5.mp4_011,pushup,correct,5,11,163.29780505639584,170.47050415393744,173.04730086480672,176.4378979462511,93.89117461760131,104.78485256275884,2.4379158598953903,25.235191207295543,0.2580232362251327,-1.1492326644617776,1.9455701276148716,-1.2067742367345886,0.9829217296787363,0.5833295903344151,-1.6539955288715475,0.15878407570865782,-0.9342746087315064,0.12862245299768915
pushup_correct_5.mp4_011,pushup,correct,6,11,162.75794506108295,172.19296218279314,171.92702744571704,176.58782023200123,97.20715251937389,106.40939821091158,5.203267989994134,26.364972692773716,0.25809489830015875,-0.5398599953128951,1.7224580288556979,-1.1202734190896706,0.14992228575013655,3.315977901772584,1.6245456481527327,2.765352130098744,1.1297814854781727,0.6093726691488826
pushup_correct_5.mp4_011,pushup,correct,7,11,162.8759511682393,170.76647914653213,170.66935422832438,174.31302858250223,99.10428154911595,111.86949787977646,7.307678489186952,31.342124633376987,0.2576703800606299,0.1180061071563614,-1.4264830362610041,-1.2576732173926644,-2.274791649499008,1.8971290297420609,5.460099668864885,2.1044104991928183,4.977151940603271,0.6578661024692565
pushup_correct_5.mp4_011,pushup,correct,8,11,161.93369703639593,170.12396416652473,168.23460316529844,172.90887033966206,108.49604992243523,116.61437695740568,16.88476337767405,35.725279960601966,0.25708424982566885,-0.9422541318433844,-0.6425149800074053,-2.434751063025942,-1.4041582428401682,9.39176837331928,4.744879077629221,9.5770848884871,4.38315532722498,-1.0602602389997458
pushup_correct_5.mp4_011,pushup,correct,9,11,162.91248270787315,169.07411685697053,167.29156892824545,170.33332472681167,113.73796776485467,115.68759150685175,22.415256214029412,37.60269810190096,0.2572845707939451,0.9787856714772261,-1.0498473095541954,-0.9430342370529843,-2.575545612850391,5.24191784241944,-0.9267854505539361,5.530492836355361,1.877418141298996,1.9210398033206104
pushup_correct_5.mp4_011,pushup,correct,10,11,163.9984010117772,169.05544545421148,167.5407427346232,168.78021062518448,122.64241944885245,115.98325732672208,30.3482170555803,41.048298695978595,0.2582892136523328,1.0859183039040374,-0.01867140275905399,0.24917380637774045,-1.5531141016271874,8.904451683997777,0.2956658198703366,7.932960841550887,3.445600594077632,0.10713263242681137
pushup_correct_5.mp4_011,pushup,correct,11,11,165.18679268200623,169.93283349624653,167.32275560531963,167.7642839455312,127.0200589701022,122.38868810798714,34.498775395326746,45.47317466233255,0.2597295859026999,1.1883916702290378,0.8773880420350508,-0.217987129303566,-1.0159266796532904,4.377639521249748,6.4054307812650535,4.150558339746446,4.424875966353959,0.10247336632500037
pushup_incomplete_range_1 copy.mp4_000,pushup,incomplete_range,1,35,164.02449952585206,167.73075326214692,148.2910422942507,157.73953272952483,97.62372103774281,93.96368963257592,17.02174318343249,8.81328241779909,0.17672670466175908,-0.49481411388600804,-1.6496293760972094,0.43043049446256987,-0.7577377925280473,-3.6944648269036264,-2.8147911390235265,-3.545143564558625,-2.8767912072911273,-0.5801244739123774
pushup_incomplete_range_1 copy.mp4_000,pushup,incomplete_range,2,35,163.1860792689815,167.5611777844298,148.74720843555252,158.26842802994287,94.68153742862974,91.3108903466128,13.89222062999154,5.481503494835751,0.1774336236946674,-0.8384202568705632,-0.16957547771713166,0.4561661413018214,0.5288953004180428,-2.942183609113073,-2.652799285963127,-3.1295225534409514,-3.3317789229633394,-0.34360614298455516
pushup_incomplete_range_1 copy.mp4_000,pushup,incomplete_range,3,35,163.01974951776975,167.5763681431158,148.98797934951855,158.0816319613435,90.59709026323712,87.44820326961944,9.902220447831299,1.8916981730029294,0.17767338348805775,-0.1663297512117481,0.015190358685998717,0.24077091396603123,-0.1867960685993637,-4.084447165392618,-3.8626870769933532,-3.990000182160241,-3.589805321832822,0.6720905056588151
pushup_incomplete_range_1 copy.mp4_000,pushup,incomplete_range,4,35,163.70491221564123,167.96838630553927,150.02065958402576,159.3294873305823,87.52825171400293,85.53068284423986,6.85889256659765,1.2329198770814926,0.17779664567829068,0.6851626978714762,0.39201816242348286,1.032680234507211,1.2478553692388061,-3.0688385492341865,-1.9175204253795783,-3.0433278812336493,-0.6587782959214368,0.8514924490832243
pushup_incomplete_range_1 copy.mp4_000,pushup,incomplete_range,5,35,163.0451610939605,168.48854672366647,149.7140384057668,159.8154752425721,85.18092560371178,82.84891647758788,4.920486887549161,4.160123838399092,0.177682459869918,-0.6597511216807277,0.5201604181272046,-0.30662117825897894,0.4859879119897812,-2.3473261102911493,-2.681766366651985,-1.938405679048489,2.9272039613175993,-1.344913819552204
pushup_incomplete_range_1 copy.mp4_000,pushup,incomplete_range,6,35,162.55493800966997,168.27162215172916,149.61999210075018,159.2448224930354,82.46482049730214,78.97714978016855,2.4809657276371357,7.1737349419211665,0.17773445981535044,-0.49022308429053396,-0.2169245719373123,-0.09404630501660449,-0.5706527495366913,-2.7161051064096426,-3.871766697419332,-2.439521159912025,3.0136111035220745,0.16952803739019373
pushup_incomplete_range_1 copy.mp4_000,pushup,incomplete_range,7,35,163.1232024090973,167.40378089471318,150.23285414377762,158.78430847266952,79.53792348616271,76.86472963236994,0.170496549633529,8.831802787945605,0.17819484182667342,0.5682643994273349,-0.8678412570159821,0.6128620430274339,-0.46051402036587774,-2.926897011139431,-2.112420147798602,-2.310469178003607,1.658067846024439,1.0584874837178688
pushup_incomplete_range_1 copy.mp4_000,pushup,incomplete_range,8,35,163.08292140208232,167.16877759031257,149.9079451165742,158.53564715556908,76.97002223197777,74.62294556653858,1.6671624247300856,10.834914208230611,0.17827225112235795,-0.040281007014982606,-0.2350033044006068,-0.32490902720340387,-0.24866131710044215,-2.567901254184946,-2.241784065831368,1.4966658750965567,2.0031114202850056,-0.6085454064423175
pushup_incomplete_range_1 copy.mp4_000,pushup,incomplete_range,9,35,163.12933843206005,167.07211787733362,149.6771940673983,158.51356765604464,75.18455413860508,73.52489479196466,3.034457045606997,11.915864714419559,0.1780443247108144,0.04641702997773223,-0.09665971297894771,-0.2307510491759217,-0.02207949952443755,-1.7854680933726854,-1.0980507745739203,1.3672946208769114,1.0809505061889482,0.08669803699271483
pushup_incomplete_range_1 copy.mp4_000,pushup,incomplete_range,10,35,163.08575560984167,166.99041281963795,149.44026507941933,158.5105581219985,74.43787949600886,72.63139141370822,3.759715168678909,12.93656745446675,0.1779176983927057,-0.043582822218382944,-0.08170505769567171,-0.23692898797895623,-0.0030095340461286924,-0.7466746425962185,-0.8935033782564403,0.725258123071912,1.0207027400471915,-0.08999985219611517
pushup_incomplete_range_1 copy.mp4_000,pushup,incomplete_range,11,35,163.25281354109788,167.2415278042071,149.28424290030765,158.31518800974035,72.82166464095806,70.35726512497865,5.055408370623993,14.846981851479345,0.1778844520795927,0.1670579312562097,0.25111498456914205,-0.15602217911168736,-0.1953701122581606,-1.6162148550507993,-2.274126288729562,1.2956932019450838,1.9104143970125946,0.21064075347459266
pushup_incomplete_range_1 copy.mp4_000,pushup,incomplete_range,12,35,163.4129336062947,167.52004533758335,149.45934836100847,158.71725334521608,71.8327702472057,69.04912280330677,5.715746438261503,15.869197769273772,0.17779905870305743,0.16012006519682132,0.2785175333762595,0.17510546070082,0.40206533547572576,-0.9888943937523607,-1.3081423216718804,0.6603380676375101,1.0222159177944263,-0.006937866059388398
pushup_incomplete_range_1 copy.mp4_000,pushup,incomplete_range,13,35,164.12768126937138,167.67643219242288,150.20013504452123,159.41803975952544,71.28544434204117,68.4981564597492,6.099385603654862,16.361322460462198,0.17769748193407361,0.7147476630766789,0.15638685483952486,0.7407866835127663,0.7007864143093627,-0.5473259051645272,-0.550966343557576,0.38363916539335907,0.49212469118842606,0.5546275978798576
pushup_incomplete_range_1 copy.mp4_000,pushup,incomplete_range,14,35,164.23811658381206,167.65208993409246,150.33646062578148,159.64064278396086,70.56218394106843,67.22425431833406,6.696535188483163,17.453803585187934,0.1778205458116285,0.11043531444067867,-0.02434225833042092,0.13632558126025174,0.2226030244354149,-0.7232604009727481,-1.2739021414151352,0.5971495848283013,1.0924811247257367,-0.6043123486360003
pushup_incomplete_range_1 copy.mp4_000,pushup,incomplete_range,15,35,164.56353453932275,167.7763719057663,150.63481570579052,160.0992562096078,69.9953405196311,66.37477441914118,7.256545550841539,18.347076695527374,0.17745915944627025,0.3254179555106873,0.12428197167383814,0.2983550800090313,0.45861342564694496,-0.5668434214373264,-0.849479899192886,0.5600103623583754,0.8932731103394396,0.21498264107000864
pushup_incomplete_range_1 copy.mp4_000,pushup,incomplete_range,16,35,165.01439635948554,168.243381943617,151.10545749492377,160.998871861558,69.95128541897662,66.62010577157015,7.235039054730936,18.453607878259174,0.1774628468302245,0.45086182016279963,0.46701003785071293,0.4706417891332535,0.8996156519501994,-0.044055100654475154,0.24533135242897686,-0.021506496110602846,0.10653118273179984,0.12544386465211232
pushup_incomplete_range_1 copy.mp4_000,pushup,incomplete_range,17,35,165.12211105806878,168.02447280378564,151.20522036200197,160.86274212306628,69.74950080144428,66.2669598146815,7.343028642419994,18.64220231453929,0.17743568883021765,0.10771469858323712,-0.21890913983136784,0.09976286707819781,-0.13612973849171794,-0.2017846175323399,-0.35314595688865325,0.1079895876890582,0.18859443628011618,-0.3431471215795625
pushup_incomplete_range_1 copy.mp4_000,pushup,incomplete_range,18,35,164.74050928833424,167.56098053134767,151.11287571325633,160.59438561713486,69.74241322214398,65.74530199020509,7.306608064104146,18.907561882782883,0.17755679171341476,-0.3816017697345444,-0.46349227243797486,-0.09234464874563741,-0.2683565059314219,-0.007087579300304014,-0.5216578244764065,-0.03642057831584822,0.26535956824359275,-0.4893164683177815
pushup_incomplete_range_1 copy.mp4_000,pushup,incomplete_range,19,35,164.8587263801694,167.2156416673277,151.36847231484475,160.7133832750689,69.81872169323387,65.7629458792279,7.240244667570405,18.938659527807967,0.17746506118704936,0.11821709183516305,-0.34533886401996483,0.25559660158842235,0.11899765793404526,0.07630847108988803,0.017643889022807002,-0.0663633965337409,0.03109764502508483,0.49981886156970745
pushup_incomplete_range_1 copy.mp4_000,pushup,incomplete_range,20,35,164.86663069946067,166.9662510931246,151.5311765313564,160.78410317343554,70.01757390197092,65.70429318164602,6.983795696340001,19.005628706254917,0.17723667798762277,0.007904319291270667,-0.2493905742030904,0.16270421651165634,0.07071989836663306,0.19885220873705123,-0.05865269758187708,-0.25644897123040344,0.06696917844694994,-0.11031277254389238
pushup_incomplete_range_1 copy.mp4_000,pushup,incomplete_range,21,35,164.88263870820563,166.73427046291854,151.80423242158966,160.7957394581561,70.0808390399781,65.55195412206962,7.030057923999912,19.230423352511195,0.17699657843233396,0.016008008744961444,-0.23198063020606696,0.27305589023325183,0.011636284720566437,0.06326513800718203,-0.1523390595764056,0.04626222765991095,0.22479464625627799,0.008103689453690777
pushup_incomplete_range_1 copy.mp4_000,pushup,incomplete_range,22,35,164.9407308091164,166.830786830206,152.00771787528313,161.03638027537886,70.23365030300585,65.46912413720516,7.029504881084746,19.454868844254204,0.17691768628680168,0.05809210091075556,0.09651636728744961,0.20348545369347448,0.24064081722275432,0.1528112630277434,-0.08282998486446047,-0.0005530429151665572,0.22444549174300832,0.04208409216579412
pushup_incomplete_range_1 copy.mp4_000,pushup,incomplete_range,23,35,164.9547928570457,166.98177939658697,152.19121689135653,161.2887392676652,70.52222126762864,65.51670161534288,6.873037018927281,19.502741287434226,0.17681211289129878,0.014062047929314758,0.15099256638097813,0.18349901607339802,0.2523589922863323,0.2885709646227923,0.04757747813772539,-0.15646786215746467,0.04787244318002237,-0.044030052981440804
pushup_incomplete_range_1 copy.mp4_000,pushup,incomplete_range,24,35,165.00506886479022,167.26661769942294,152.2092607879143,161.5889928749864,70.55349409454871,65.57224676074216,6.729003961606899,19.536350481746847,0.17681945857041717,0.05027600774451457,0.2848383028359649,0.018043896557770722,0.30025360732119566,0.03127282692007327,0.055545145399278795,-0.14403305732038252,0.03360919431262133,0.036213959815199814
pushup_incomplete_range_1 copy.mp4_000,pushup,incomplete_range,25,35,165.05482994619467,167.45998574661726,152.1861192445813,161.7743989481065,70.61848345577957,65.58967473909571,6.646235172439025,19.558564438278754,0.17678864738631067,0.0497610814044549,0.1933680471943262,-0.023141543332997117,0.18540607312010593,0.06498936123085741,0.017427978353552476,-0.08276878916787389,0.02221395653190683,-0.0005149263400596737
pushup_incomplete_range_1 copy.mp4_000,pushup,incomplete_range,26,35,165.0204790615317,167.39420993024245,152.1308829732609,161.74355211369735,70.64425203733609,65.58065771931453,6.613542855184766,19.51803321323549,0.1768485547547682,-0.03435088466298453,-0.06577581637480989,-0.055236271320410424,-0.030846834409146595,0.02576858155651962,-0.009017019781182967,-0.03269231725425836,-0.040531225043263674,-0.08411196606743943
pushup_incomplete_range_1 copy.mp4_000,pushup,incomplete_range,27,35,164.9788662447676,167.23805981414841,151.9388662716288,161.6215024152986,70.61871876482982,65.45355401835307,6.515212494811616,19.520296600699318,0.17673035052915675,-0.04161281676408635,-0.1561501160940395,-0.19201670163209883,-0.12204969839874025,-0.025533272506265803,-0.12710370096145596,-0.09833036037315068,0.002263387463827371,-0.00726193210110182
pushup_incomplete_range_1 copy.mp4_000,pushup,incomplete_range,28,35,164.82714860721103,166.72586275243324,152.18916924102805,161.76986289803008,71.58577241737352,67.36716599875962,5.863538589172897,18.306112906833363,0.1765082386098598,-0.15171763755657253,-0.5121970617151703,0.25030296939925734,0.1483604827314764,0.9670536525436972,1.913611980406543,-0.6516739056387184,-1.2141836938659551,-0.11010482079248618
pushup_incomplete_range_1 copy.mp4_000,pushup,incomplete_range,29,35,164.71475431683726,165.88477117376817,153.2127740116829,161.7360432638406,74.39508048747997,70.09574579309641,4.13731044647945,16.159863930554803,0.17622877265472167,-0.11239429037377136,-0.8410915786650719,1.023604770654856,-0.033819634189484304,2.8093080701064537,2.7285797943367953,-1.7262281426934472,-2.14624897627856,0.03932334718280117
pushup_incomplete_range_1 copy.mp4_000,pushup,incomplete_range,30,35,164.27910700259656,165.2703399536661,154.31318990220205,162.42579435302122,78.35989036091871,73.83819948158123,1.6382881121246284,13.792063501658724,0.17626053192338736,-0.4356473142406969,-0.6144312201020625,1.1004158905191446,0.6897510891806178,3.964809873438739,3.742453688484815,-2.4990223343548217,-2.3678004288960786,-0.32325302386692556
pushup_incomplete_range_1 copy.mp4_000,pushup,incomplete_range,31,35,163.5393193440245,164.83192150379637,154.9701010463127,162.84146294221287,82.47721428206364,77.49535541129842,1.2637484275623314,11.103049569113661,0.17639190331144086,-0.7397876585720553,-0.43841844986974365,0.6569111441106372,0.41566858919165384,4.11732392114493,3.6571559297171916,-0.374539684562297,-2.6890139325450626,-0.3041403443313584
pushup_incomplete_range_1 copy.mp4_000,pushup,incomplete_range,32,35,163.08841880359745,163.65712711129575,155.99554326294353,163.4238601236388,86.69570093433221,85.49555258647926,4.13244130125072,4.622090203735064,0.17656879798166952,-0.45090054042705674,-1.1747943925006155,1.025442216630836,0.5823971814259323,4.218486652268567,8.000197175180844,2.868692873688389,-6.480959365378597,0.28888711814499857
pushup_incomplete_range_1 copy.mp4_000,pushup,incomplete_range,33,35,162.15271820122848,161.103015435834,156.68407515069094,162.65972422940024,93.3810145904306,95.74139860613006,9.046051858426829,4.369549632862581,0.1767619977982042,-0.9357006023689678,-2.5541116754617406,0.6885318877474162,-0.7641358942385637,6.685313656098387,10.245846019650799,4.913610557176108,-0.25254057087248327,-0.48480006194191105
pushup_incomplete_range_1 copy.mp4_000,pushup,incomplete_range,34,35,161.64010576189432,160.79807224897388,157.79072469489967,164.69529334811935,97.41695820023016,103.8161511743327,11.380486631359814,9.703404545201042,0.17826163328764794,-0.5126124393341627,-0.3049431868601289,1.1066495442087216,2.03556911871911,4.03594360979956,8.07475256820264,2.334434772932985,5.333854912338461,0.4230881630348051
pushup_incomplete_range_1 copy.mp4_000,pushup,incomplete_range,35,35,161.21576357567093,160.5833731108537,160.39079402951143,166.25221890510855,103.77955897778567,110.11985479005595,14.720087486539247,13.779698312317928,0.17876462391283024,-0.4243421862233845,-0.2146991381201815,2.60006933461176,1.5569255569891993,6.362600777555514,6.303703615723251,3.339600855179434,4.076293767116885,0.08827025311077819
pushup_incomplete_range_1.mp4_000,pushup,incomplete_range,1,21,92.16497417262539,130.68683115913183,151.27476362250025,141.2939674208632,132.83571624826635,176.77671920663028,63.03750359533869,167.78495424833451,0.13435817853441753,-1.4553366634393115,-6.49030847158582,-9.795055361825717,1.538777742756622,-5.960392550881579,0.7667503354579139,6.202187579313119,3.2352677177010207,-11.194685928425145
pushup_incomplete_range_1.mp4_000,pushup,incomplete_range,2,21,93.53773117215707,128.4121195986913,147.5494035990523,141.92981781251268,127.84100569636078,178.7950570901252,60.73704750682593,168.81465952308997,0.13365465755240644,1.3727569995316742,-2.2747115604405224,-3.7253600234479336,0.635850391649484,-4.99471055190557,2.0183378834949224,-2.3004560885127603,1.0297052747554574,2.8280936629709856
pushup_incomplete_range_1.mp4_000,pushup,incomplete_range,3,21,86.44794553126563,132.22123929205011,147.97840686285926,151.40508034970162,126.97254753213632,159.9550210817004,60.04670972817008,168.12265836509343,0.12405529438316885,-7.089785640891435,3.8091196933588094,0.42900326380694764,9.47526253718894,-0.8684581642244638,-18.84003600842479,-0.6903377786558522,-0.6920011579965433,-8.46254264042311
pushup_incomplete_range_1.mp4_000,pushup,incomplete_range,4,21,103.56575247643165,160.88541368126047,141.94442764008255,131.82254588941137,121.83845517172924,175.21193811747034,60.29648947711025,169.46125609187644,0.12544713238194,17.117806945166024,28.66417438921036,-6.033979222776708,-19.582534460290248,-5.134092360407081,15.25691703576993,0.24977974894017052,1.3385977267830071,24.20759258605746
pushup_incomplete_range_1.mp4_000,pushup,incomplete_range,5,21,97.39239164714282,109.5469990299205,148.70800768947632,160.7347721006837,118.00617994472961,177.45386884355543,53.476515170216956,171.31946378912505,0.12823085955599522,-6.173360829288839,-51.338414651339974,6.763580049393767,28.912226211272326,-3.832275226999627,2.241930726085087,-6.819974306893293,1.8582076972486163,-23.291167774454863
pushup_incomplete_range_1.mp4_000,pushup,incomplete_range,6,21,95.0199555009577,119.16262354575429,148.40721911359336,159.68029208882533,125.7188630365758,177.39949225714756,53.624846950345884,171.43159064964436,0.12914043683806925,-2.372436146185109,9.615624515833787,-0.3007885758829616,-1.0544800118583737,7.712683091846188,-0.054376586407869354,0.14833178012892745,0.11212686051931087,3.80092468310373
pushup_incomplete_range_1.mp4_000,pushup,incomplete_range,7,21,86.36712608705777,122.4813132381814,146.04745478322337,153.77541611397194,117.95303269143024,179.818278938458,50.48233116750853,170.18903843007706,0.12290403266444877,-8.652829413899937,3.318689692427114,-2.359764330369984,-5.904875974853383,-7.7658303451455595,2.4187866813104506,-3.142515782837357,-1.242552219567301,-6.280393267714828
pushup_incomplete_range_1.mp4_000,pushup,incomplete_range,8,21,94.6098282610895,123.44919742192313,144.98700899475116,153.62643762371385,121.71426232905702,178.5330198472077,54.20111094016532,169.94931702813338,0.12260563599991588,8.242702174031734,0.9678841837417309,-1.060445788472208,-0.14897849025808796,3.7612296376267835,-1.2852590912503103,3.718779772656795,-0.23972140194368308,16.89553158793167
pushup_incomplete_range_1.mp4_000,pushup,incomplete_range,9,21,111.78683765729018,144.48083281687903,140.61705960296396,142.52999015209483,120.5934702305214,175.8167593099481,52.31315464360014,168.90642206059218,0.1224349183150999,17.177009396200674,21.0316353949559,-4.369949391787202,-11.09644747161903,-1.1207920985356168,-2.7162605372595863,-1.8879562965651786,-1.0428949675412014,8.93430722216894
pushup_incomplete_range_1.mp4_000,pushup,incomplete_range,10,21,111.2349173048782,156.9666937361505,143.52546162123127,142.09452919501888,119.15094127786905,175.15614676863584,48.8544997378166,168.3070548907512,0.12320262930984113,-0.5519203524119831,12.48586091927146,2.90840201826731,-0.43546095707594645,-1.4425289526523528,-0.6606125413122754,-3.45865490578354,-0.5993671698409742,-17.728929748612657
pushup_incomplete_range_1.mp4_000,pushup,incomplete_range,11,21,121.50734650144973,174.88322161468477,139.43447665148972,124.1088424778086,118.07553866593472,174.2698222779724,48.555913478558864,168.76305715180706,0.12132411739978094,10.272429196571537,17.916527878534282,-4.090984969741555,-17.985686717210285,-1.0754026119343365,-0.8863244906634407,-0.2985862592577391,0.4560022610558576,10.82434954898352
pushup_incomplete_range_1.mp4_000,pushup,incomplete_range,12,21,123.42759680555706,165.45319759180768,141.12611299188603,119.7900320012749,116.87354014174404,174.93827003644373,44.699449129710096,169.88249370541627,0.12200241541987358,1.920250304107327,-9.430024022877092,1.6916363403963146,-4.318810476533699,-1.201998524190671,0.6684477584713306,-3.8564643488487675,1.119436553609205,-8.35217889246421
pushup_incomplete_range_1.mp4_000,pushup,incomplete_range,13,21,123.44444001924131,170.3515169854579,141.75677763936594,118.30426680399195,122.66838069986143,174.48325126688763,43.487095721870034,169.96960023955518,0.1262219357150222,0.01684321368425401,4.898319393650212,0.6306646474799038,-1.4857651972829444,5.794840558117386,-0.4550187695560908,-1.2123534078400624,0.08710653413891123,-1.903407090423073
pushup_incomplete_range_1.mp4_000,pushup,incomplete_range,14,21,131.5260435631976,167.78369423408074,143.43640024677694,125.1377025108954,125.66815542238072,175.86704385275783,39.76068233641034,169.222591550465,0.12874025404236922,8.081603543956277,-2.5678227513771503,1.6796226074110052,6.833435706903444,2.999774722519291,1.3837925858701965,-3.7264133854596935,-0.7470086890901655,8.064760330272023
pushup_incomplete_range_1.mp4_000,pushup,incomplete_range,15,21,147.92609027688385,168.12107695855272,138.75278373045677,124.11416496580952,122.67760668111502,175.32630397414337,35.456134018150784,169.488396569489,0.12966837235016845,16.400046713686265,0.33738272447197915,-4.683616516320171,-1.0235375450858726,-2.990548741265698,-0.5407398786144597,-4.304548318259556,0.26580501902398623,8.318443169729989
pushup_incomplete_range_1.mp4_000,pushup,incomplete_range,16,21,148.62055412211853,149.48068127347736,138.98765062049912,114.4621898131323,119.47149590575269,175.47194921400967,31.167314588355637,168.8220372314033,0.13341443065019187,0.6944638452346794,-18.64039568507536,0.23486689004235473,-9.651975152677224,-3.2061107753623332,0.14564523986629752,-4.288819429795147,-0.666359338085698,-15.705582868451586
pushup_incomplete_range_1.mp4_000,pushup,incomplete_range,17,21,151.0228161728359,151.50204606037477,138.04619879065737,119.34362798406207,127.49193760087152,177.1923244297113,32.05630461307375,170.04942277381102,0.1390925059099531,2.402262050717354,2.021364786897408,-0.9414518298417534,4.881438170929769,8.020441695118834,1.7203752157016368,0.8889900247181117,1.227385542407717,1.7077982054826748
pushup_incomplete_range_1.mp4_000,pushup,incomplete_range,18,21,154.67307957256867,161.88585612926934,138.629120180422,130.19850258311325,131.14273225185127,178.6523975575851,33.24070485024564,169.27944392544157,0.14438343191655478,3.650263399732779,10.383810068894576,0.5829213897646355,10.854874599051186,3.6507946509797478,1.460073127873784,1.184400237171893,-0.7699788483694476,1.248001349015425
pushup_incomplete_range_1.mp4_000,pushup,incomplete_range,19,21,153.50031710713884,167.13627964821185,142.82233205834152,136.2670268158214,132.4319075144564,179.9893948471755,31.138987362075145,170.94313585630587,0.15022833494931098,-1.1727624654298268,5.250423518942512,4.193211877919509,6.068524232708143,1.2891752626051414,1.336997289590414,-2.1017174881704968,1.663691930864303,-4.823025865162606
pushup_incomplete_range_1.mp4_000,pushup,incomplete_range,20,21,151.88653579908694,169.6145507561596,140.01050726726507,135.58334854402204,127.27281969950671,179.43497400062972,30.52663013511459,170.9453768102774,0.14971359936303474,-1.6137813080518981,2.4782711079477338,-2.8118247910764467,-0.6836782717993515,-5.1590878149497,-0.5544208465457814,-0.6123572269605546,0.0022409539715226856,-0.44101884262207136
pushup_incomplete_range_1.mp4_000,pushup,incomplete_range,21,21,142.6740852495436,152.09604032553892,144.4890662326504,132.44947308568226,165.90834070999497,179.32578192350303,45.92950359557831,169.60138813602507,0.15638329331638315,-9.212450549543348,-17.518510430620665,4.478558965385332,-3.133875458339787,38.63552101048826,-0.10919207712669277,15.40287346046372,-1.34398867425233,-7.59866924149145
pushup_incomplete_range_1.mp4_001,pushup,incomplete_range,1,6,161.5077264660972,163.6465241428114,161.11923947338138,170.60599155372904,122.28571975561555,130.42980186005207,27.299558290889706,27.853550814030466,0.17298759100843566,107.54288639078476,102.39702033046512,-14.76755455458229,7.95004667371515,-23.576419398700367,-40.90969011907222,-16.34493830539197,-137.67629227142012,108.95517757142923
pushup_incomplete_range_1.mp4_001,pushup,incomplete_range,2,6,161.83661251564797,163.54160040711758,163.0765086101909,173.45201706654635,127.39459410351462,134.77499045533372,30.38606183273264,29.03920570894413,0.17506377849049273,0.3288860495507606,-0.1049237356938022,1.957269136809515,2.846025512817306,5.108874347899075,4.345188595281655,3.0865035418429336,1.1856548949136645,-107.214000341234
pushup_incomplete_range_1.mp4_001,pushup,incomplete_range,3,6,161.80525629078755,162.80447865018579,166.24368941063162,174.9040020496685,132.54237400495157,139.0236330439976,32.15393022077218,30.748590595175276,0.1769420088632226,-0.031356224860417115,-0.7371217569317992,3.1671808004407183,1.451984983122145,5.147779901436948,4.24864258866387,1.7678683880395418,1.7093848862311454,-0.36024227441117773
pushup_incomplete_range_1.mp4_001,pushup,incomplete_range,4,6,161.15678427737674,163.07929139540622,169.1174247039883,177.34768083966244,137.1555149934669,142.78354784845834,33.51262742918469,32.26800760655734,0.17915736530788126,-0.6484720134108102,0.2748127452204301,2.873735293356674,2.443678789993953,4.61314098851534,3.759914804460749,1.358697208412508,1.519417011382064,-0.6171157885503931
pushup_incomplete_range_1.mp4_001,pushup,incomplete_range,5,6,163.0987927122764,165.0111488434391,171.1085541729254,177.02978407713653,141.23439528523156,145.9646013736712,35.46438644145359,35.363838344860646,0.17668599484096148,1.9420084348996625,1.931857448032872,1.9911294689371175,-0.31789676252591903,4.078880291764648,3.1810535252128602,1.9517590122689015,3.095830738303306,2.5904804483104726
pushup_incomplete_range_1.mp4_001,pushup,incomplete_range,6,6,162.39660681546667,164.25017969950372,170.65313022048187,175.01088581186366,147.09715256194616,149.76975708480936,39.263816439272894,39.22149707716792,0.1734911504868189,-0.7021858968097376,-0.7609691439353696,-0.45542395244353884,-2.018898265272867,5.8627572767146034,3.8051557111381555,3.7994299978193027,3.8576587323072715,-2.6441943317094
pushup_incomplete_range_2 copy.mp4_000,pushup,incomplete_range,1,25,172.1488709103383,171.2394420343177,121.20598576684712,127.21849162070856,91.6545359958853,81.92938756691741,36.0617539890027,22.275751332297354,0.17903859739142672,-0.017797288273698086,0.07399410397030692,-1.6069995712260123,-0.6535699361120351,-4.3319858569501974,-6.879015275426553,-1.6414157654690626,-5.252186320547235,-0.21852830148995395
pushup_incomplete_range_2 copy.mp4_000,pushup,incomplete_range,2,25,171.58808855944037,171.1583723214159,120.3693153627483,125.67247052533597,87.64609147781414,74.94230153261265,33.56329808937984,17.98103488246961,0.18098956221748946,-0.5607823508979379,-0.08106971290180809,-0.8366704040988253,-1.5460210953725948,-4.008444518071158,-6.987086034304767,-2.4984558996228614,-4.294716449827742,-0.5429850626242398
pushup_incomplete_range_2 copy.mp4_000,pushup,incomplete_range,3,25,172.1193435927227,172.03956588862928,120.3047797963146,125.33049786306005,82.32337351601164,69.28515451431896,29.469046830171965,14.068227305579164,0.18285680528514786,0.5312550332823207,0.881193567213387,-0.0645355664336904,-0.3419726622759214,-5.322717961802496,-5.657147018293685,-4.094251259207876,-3.9128075768904473,1.0920373841802586
pushup_incomplete_range_2 copy.mp4_000,pushup,incomplete_range,4,25,172.0850960575283,171.23959265084778,119.53603641404302,124.0377355447231,82.6627677220515,64.35207758011101,32.79123318800161,10.069443098409138,0.1847922592147887,-0.03424753519439605,-0.7999732377815008,-0.7687433822715803,-1.2927623183369406,0.3393942060398558,-4.933076934207946,3.322186357829647,-3.9987842071700257,-0.5655025684767168
pushup_incomplete_range_2 copy.mp4_000,pushup,incomplete_range,5,25,172.37890458740682,171.24136233596406,118.93061757251316,124.27686221513001,79.68760752636618,61.46435650688311,30.324145721929458,6.6595761707021035,0.1866921273965721,0.29380852987853245,0.0017696851162725125,-0.6054188415298682,0.23912667040690394,-2.9751601956853193,-2.887721073227908,-2.4670874660721545,-3.409866927707035,0.3280560650729285
pushup_incomplete_range_2 copy.mp4_000,pushup,incomplete_range,6,25,172.54767651809695,170.48385929518633,118.35904196058458,123.84605016997473,78.84507298849798,59.18943146435888,27.351084205122707,3.145335585336048,0.18844562585267308,0.1687719306901272,-0.7575030407777206,-0.57157561192858,-0.43081204515527816,-0.8425345378682039,-2.274925042524224,-2.9730615168067516,-3.5142405853660557,-0.12503659918840526
pushup_incomplete_range_2 copy.mp4_000,pushup,incomplete_range,7,25,172.55083408648485,170.52362433808182,118.42470573153395,124.62810261992365,77.19179485900435,57.86023985207082,23.946199545541365,0.9319399548769425,0.18833693407296656,0.003157568387905485,0.039765042895481884,0.06566377094937081,0.782052449948921,-1.6532781294936285,-1.3291916122880636,-3.4048846595813416,-2.2133956304591056,-0.1656143623022217
pushup_incomplete_range_2 copy.mp4_000,pushup,incomplete_range,8,25,173.1651289948768,171.2487625427252,119.35123859017015,125.53502886715509,74.62477431442265,54.79523760463546,21.110694535720917,2.1773853990554493,0.18822332784889545,0.6142949083919405,0.7251382046433719,0.9265328586362074,0.9069262472314392,-2.5670205445816947,-3.065002247435359,-2.835505009820448,1.2454454441785068,0.611137340004035
pushup_incomplete_range_2 copy.mp4_000,pushup,incomplete_range,9,25,172.84431345486556,171.48123241119148,119.03969404551876,125.88864423677951,72.39809722398493,52.78996932554137,18.112384033635696,4.3596619520321,0.1888515171908075,-0.3208155400112389,0.23246986846629625,-0.31154454465139736,0.3536153696244213,-2.226677090437718,-2.0052682790940892,-2.9983105020852214,2.182276552976651,-0.9351104484031794
pushup_incomplete_range_2 copy.mp4_000,pushup,incomplete_range,10,25,172.5934356242554,172.0085484822795,119.04878330702309,126.8045768388899,71.16052420856852,51.68312813927488,17.237087068517116,5.852047226588107,0.18833745809808708,-0.25087783061016466,0.5273160710880234,0.00908926150432876,0.915932602110388,-1.237573015416416,-1.106841186266493,-0.8752969651185794,1.492385274556007,0.06993770940107424
pushup_incomplete_range_2 copy.mp4_000,pushup,incomplete_range,11,25,172.5723820460276,171.55309503370253,119.66174685558785,126.2834399222511,70.62871494116976,50.350605693846674,16.68942422191905,6.927563265732857,0.18823408071226966,-0.02105357822779297,-0.455453448576975,0.612963548564764,-0.5211369166387954,-0.5318092673987564,-1.3325224454282036,-0.5476628465980653,1.07551603914475,0.2298242523823717
pushup_incomplete_range_2 copy.mp4_000,pushup,incomplete_range,12,25,172.47362265955192,171.0564380214407,119.39132538752678,125.69868230336641,71.28822698043221,49.06089331484051,18.049947400804907,8.351938329192555,0.18865242914385294,-0.0987593864756775,-0.496657012261835,-0.27042146806107326,-0.5847576188846944,0.6595120392624523,-1.2897123790061613,1.360523178885856,1.4243750634596974,-0.07770580824788453
pushup_incomplete_range_2 copy.mp4_000,pushup,incomplete_range,13,25,172.70936151816807,170.9248010711846,119.62791661421927,125.59856729854046,69.25950971706634,47.639073561762636,15.813197639915694,9.883665642522873,0.1891510506539901,0.23573885861614485,-0.13163695025610878,0.23659122669249655,-0.10011500482595181,-2.028717263365877,-1.4218197530778767,-2.2367497608892126,1.5317273133303182,0.33449824509182235
pushup_incomplete_range_2 copy.mp4_000,pushup,incomplete_range,14,25,172.43074629602,170.48182810218367,119.64720763718027,125.31664027041151,69.12146323828651,47.102205608121395,15.834577952851317,10.548757138451487,0.1892273139700459,-0.278615222148062,-0.44297296900091965,0.01929102296099927,-0.28192702812894765,-0.13804647877982745,-0.5368679536412415,0.021380312935622925,0.665091495928614,-0.5143540807642069
pushup_incomplete_range_2 copy.mp4_000,pushup,incomplete_range,15,25,172.44135406150963,170.19505294765,119.73107287423674,125.07810878785564,68.42739838048274,46.68103010937714,15.701162117359248,10.907389198167213,0.18865958210887443,0.010607765489623944,-0.28677515453367164,0.08386523705647164,-0.23853148255587087,-0.6940648578037667,-0.42117549874425464,-0.1334158354920696,0.35863205971572576,0.28922298763768595
pushup_incomplete_range_2 copy.mp4_000,pushup,incomplete_range,16,25,172.429035147077,170.33625281999298,120.07036310418209,125.56435445156433,61.37311499250784,46.75926816571109,7.675752014992993,11.235452082897188,0.1879584012041021,-0.012318914432626116,0.14119987234298037,0.3392902299453482,0.4862456637086865,-7.054283387974905,0.07823805633395153,-8.025410102366255,0.3280628847299756,-0.02292667992225006
pushup_incomplete_range_2 copy.mp4_000,pushup,incomplete_range,17,25,171.98100402860987,170.26592852238502,119.97879299225329,125.57147300453256,59.30419630914383,47.4964396949506,5.241988709096367,10.862751945972578,0.1877295088170541,-0.44803111846712795,-0.07032429760795367,-0.09157011192880304,0.007118552968236713,-2.0689186833640036,0.7371715292395109,-2.433763305896626,-0.37270013692461035,-0.43571220403450184
pushup_incomplete_range_2 copy.mp4_000,pushup,incomplete_range,18,25,171.8119027277534,170.20034651394704,120.11192509123578,125.63411142090818,58.24887283080159,47.80935123600976,4.4971093430489955,10.729558529465388,0.18748802710789667,-0.16910130085648234,-0.06558200843798545,0.133132098982486,0.06263841637561995,-1.0553234783422454,0.3129115410591581,-0.7448793660473711,-0.13319341650718997,0.2789298176106456
pushup_incomplete_range_2 copy.mp4_000,pushup,incomplete_range,19,25,170.8719000021651,169.6547168670753,120.29918986833741,126.34492936969394,59.740177367762904,51.10246442438165,5.053303237091311,8.782807665842657,0.18521850153685476,-0.9400027255883003,-0.5456296468717312,0.1872647771016318,0.7108179487857598,1.4913045369613158,3.2931131883718905,0.5561938940423152,-1.9467508636227304,-0.770901424731818
pushup_incomplete_range_2 copy.mp4_000,pushup,incomplete_range,20,25,170.19946541167673,169.28317069344945,120.48056846969443,126.93362874692427,63.55276064232882,55.20012811677079,8.06948800851978,5.114985288631062,0.18324234148630075,-0.6724345904883648,-0.37154617362585896,0.1813786013570251,0.5886993772303271,3.8125832745659167,4.0976636923891405,3.0161847714284695,-3.6678223772115954,0.2675681350999355
pushup_incomplete_range_2 copy.mp4_000,pushup,incomplete_range,21,25,169.22457195296784,168.01248927567582,120.89223750148827,126.13425594693545,67.73785220752053,59.99220057521827,10.987875741342927,0.7482145900863395,0.18164888067007706,-0.9748934587088911,-1.2706814177736305,0.41166903179383496,-0.7993727999888165,4.185091565191712,4.792072458447478,2.918387732823147,-4.366770698544722,-0.30245886822052626
pushup_incomplete_range_2 copy.mp4_000,pushup,incomplete_range,22,25,167.71405706195395,167.59119360017039,121.99730985934904,126.53376998192617,77.02387203029096,66.16788152051383,18.25224060262873,5.3897725803840615,0.1799580233192825,-1.5105148910138837,-0.42129567550543356,1.1050723578607773,0.399514034990716,9.286019822770427,6.175680945295561,7.264364861285804,4.641557990297722,-0.5356214323049926
pushup_incomplete_range_2 copy.mp4_000,pushup,incomplete_range,23,25,166.5218211288664,165.1211395530617,123.0596327462105,125.2597758525543,85.05122421301358,77.1148331072989,23.793785228267378,15.27596211243543,0.1787644417439215,-1.1922359330875452,-2.4700540471086754,1.0623228868614518,-1.2739941293718715,8.027352182722623,10.946951586785076,5.541544625638647,9.886189532051368,0.31827895792633853
pushup_incomplete_range_2 copy.mp4_000,pushup,incomplete_range,24,25,165.86361509697062,164.32602887772222,122.88402082895121,124.51117141380323,91.4946038285446,83.8507687952967,29.561844582924575,21.85005571463351,0.1777194407367328,-0.6582060318957872,-0.7951106753394868,-0.17561191725928893,-0.7486044387510731,6.443379615531015,6.735935687997795,5.768059354657197,6.574093602198079,0.534029901191758
pushup_incomplete_range_2 copy.mp4_000,pushup,incomplete_range,25,25,166.36502159231577,165.31099405840808,123.52351943865393,124.70770347381446,98.10282547698293,93.99681547762692,34.521416373490794,30.687504748374565,0.17674978734055952,0.5014064953451509,0.9849651806858617,0.6394986097027271,0.19653206001123635,6.608221648438331,10.146046682330223,4.959571790566219,8.837449033741056,1.159612527240938
pushup_incomplete_range_2.mp4_000,pushup,incomplete_range,1,25,171.83041319673282,171.28432185151811,121.17268294714063,127.19971831382635,91.98128941230932,81.88069921367196,36.29649709097983,22.16163953326802,0.17895530013762606,-0.08069797740324702,0.2008076465928923,-1.647048603908459,-0.9485829933604037,-4.24996328065491,-7.183588847904986,-1.5605698637605556,-5.235457615414759,-0.18247335599409098
pushup_incomplete_range_2.mp4_000,pushup,incomplete_range,2,25,171.34678498804894,171.35598057887077,120.54618770499015,125.71308197286011,88.13996501197262,74.95347158735339,33.83569285246888,17.982109453577454,0.18064251483001825,-0.4836282086838821,0.07165872735265566,-0.626495242150483,-1.4866363409662426,-3.8413244003367026,-6.927227626318569,-2.4608042385109457,-4.179530079690565,-0.4029302312806351
pushup_incomplete_range_2.mp4_000,pushup,incomplete_range,3,25,171.84755737213385,172.21352847444393,120.17448930796097,125.32882240951753,82.22322424040861,69.27412373665472,29.37563163672941,14.037645605056147,0.18291577430552564,0.500772384084911,0.8575478955731626,-0.37169839702917784,-0.3842595633425816,-5.916740771564008,-5.679347850698676,-4.460061215739472,-3.9444638485213073,0.9844005927687931
pushup_incomplete_range_2.mp4_000,pushup,incomplete_range,4,25,171.8250396749912,171.2661650787494,119.41965335543192,123.881739741096,81.75167222618812,64.27429774226015,31.696596456417524,10.00203695697433,0.18494669897560453,-0.02251769714266061,-0.9473633956945378,-0.7548359525290493,-1.4470826684215297,-0.4715520142204923,-4.99982599439457,2.3209648196881147,-4.035608648081817,-0.5232900812275716
pushup_incomplete_range_2.mp4_000,pushup,incomplete_range,5,25,172.34099361713652,171.33362265166946,118.92285995947486,124.30641238543014,78.77307431698055,61.4788288021372,29.26361869842797,6.561417813787872,0.18684395627906464,0.5159539421453303,0.0674575729200626,-0.49679339595705585,0.4246726443341373,-2.978597909207565,-2.7954689401229444,-2.432977757989555,-3.4406191431864572,0.5384716392879909
pushup_incomplete_range_2.mp4_000,pushup,incomplete_range,6,25,172.5331351713634,170.5807642074463,118.45664018066233,124.00423931847061,78.39443679838645,59.282676647847325,27.698765179017087,3.1311715391358863,0.18841669035165692,0.19214155422687895,-0.7528584442231647,-0.46621977881252974,-0.3021730669595257,-0.378637518594104,-2.1961521542898765,-1.5648535194108817,-3.430246274651986,-0.32381238791845135
pushup_incomplete_range_2.mp4_000,pushup,incomplete_range,7,25,172.67415057442412,170.73617330170998,118.65852905952208,124.71727962502223,77.23373955709731,57.505347988653654,24.283667423202772,0.5163681677456443,0.1883900635072717,0.14101540306072025,0.15540909426368898,0.20188887885974793,0.7130403065516191,-1.1606972412891423,-1.777328659193671,-3.4150977558143154,-2.614803371390242,-0.051126151166158706
pushup_incomplete_range_2.mp4_000,pushup,incomplete_range,8,25,173.19130553857306,171.43423539224676,119.4983527253083,125.84029599576077,74.86699832327416,55.12187205467796,21.56020737624994,2.034207252177366,0.18806936556811632,0.5171549641489435,0.69806209053678,0.8398236657862128,1.12301637073854,-2.3667412338231486,-2.3834759339756957,-2.7234600469528303,1.5178390844317216,0.3761395610882232
pushup_incomplete_range_2.mp4_000,pushup,incomplete_range,9,25,172.2239636930336,171.38099516774884,118.52874586973469,125.64413133907878,72.38729729751988,53.071003379672945,18.35655636952304,4.0381637303982325,0.18925369435572342,-0.9673418455394653,-0.05324022449792665,-0.9696068555736019,-0.19616465668198657,-2.479701025754281,-2.050868675005013,-3.2036510067269006,2.0039564782208665,-1.4844968096884088
pushup_incomplete_range_2.mp4_000,pushup,incomplete_range,10,25,172.46070582191405,171.74642412729335,119.05709621431116,126.54552494945557,70.83630556946673,51.74800783417245,16.379775404331202,5.955573415230746,0.18861284525346242,0.23674212888045076,0.3654289595445164,0.5283503445764666,0.9013936103767861,-1.5509917280531482,-1.322995545500497,-1.976780965191839,1.9174096848325135,1.204083974419916
pushup_incomplete_range_2.mp4_000,pushup,incomplete_range,11,25,172.51659226162192,171.11353892917134,119.78027103234564,126.03556912750636,70.37475906182962,50.4835958969283,16.089655387534922,7.192374588020912,0.18846165457832317,0.055886439707876434,-0.6328851981220112,0.7231748180344795,-0.5099558219492053,-0.46154650763710947,-1.264411937244148,-0.29012001679627986,1.236801172790166,-0.18085568917257433
pushup_incomplete_range_2.mp4_000,pushup,incomplete_range,12,25,172.42535452418954,170.73164524630442,119.49622007760428,125.52970008767582,71.42726123423965,49.166817866122976,17.94207975112634,8.419418554254605,0.18870723053851884,-0.09123773743237962,-0.3818936828669166,-0.28405095474136033,-0.505869039830543,1.0525021724100299,-1.3167780308053239,1.8524243635914175,1.2270439662336932,-0.14712417714025605
pushup_incomplete_range_2.mp4_000,pushup,incomplete_range,13,25,172.6730384047032,170.66536814399166,119.68307210670424,125.43768931504094,69.22961241620992,47.74008063029067,15.660652120585414,9.877042089661147,0.18916921522986554,0.2476838805136481,-0.06627710231276751,0.1868520290999669,-0.09201077263487889,-2.1976488180297338,-1.4267372358323058,-2.281427630540925,1.457623535406542,0.3389216179460277
pushup_incomplete_range_2.mp4_000,pushup,incomplete_range,14,25,172.3557915944729,170.31403650790017,119.65606082822171,125.1928677738458,69.06825805222279,47.22187745443685,15.745688922411684,10.495195569135618,0.1892001894079013,-0.31724681023030143,-0.3513316360914871,-0.02701127848253293,-0.24482154119513666,-0.16135436398712955,-0.5182031758538201,0.08503680182626994,0.6181534794744703,-0.5649306907439495
pushup_incomplete_range_2.mp4_000,pushup,incomplete_range,15,25,172.35465653667492,170.0203263730151,119.71629354464521,124.95673603356572,68.25262168219876,46.84761408604211,15.571447947438852,10.797259941038861,0.18867311587934665,-0.0011350577979669652,-0.29371013488506037,0.060232716423499255,-0.23613174028008643,-0.8156363700240234,-0.37426336839474317,-0.17424097497283242,0.30206437190324387,0.31611175243233447
pushup_incomplete_range_2.mp4_000,pushup,incomplete_range,16,25,172.33085399784176,170.22413119486234,120.054411274288,125.48737117679252,61.403082366357566,46.92499450268254,7.739756016519638,11.138662069453357,0.18797261957379283,-0.02380253883316641,0.20380482184722837,0.3381177296427893,0.530635143226803,-6.849539315841199,0.07738041664043038,-7.831691930919214,0.34140212841449546,-0.022667481035199444
pushup_incomplete_range_2.mp4_000,pushup,incomplete_range,17,25,171.95714278629512,170.23461032910058,119.99713308668734,125.53100774617359,59.274826140972706,47.6213641828209,5.21527958112816,10.770386567197274,0.18772391382070516,-0.37371121154663456,0.01047913423823843,-0.057278187600658725,0.043636569381064305,-2.1282562253848596,0.6963696801383605,-2.5244764353914784,-0.36827550225608263,-0.34990867271346815
pushup_incomplete_range_2.mp4_000,pushup,incomplete_range,18,25,171.80413908986074,170.15901291506265,120.13803291755187,125.58037200856597,58.19217012859737,47.9229927370318,4.445945035323199,10.62607980474234,0.18748130086315343,-0.15300369643438216,-0.07559741403792941,0.14089983086452662,0.04936426239238756,-1.0826560123753382,0.3016285542109003,-0.769334545804961,-0.144306762454935,0.2207075151122524
pushup_incomplete_range_2.mp4_000,pushup,incomplete_range,19,25,170.88861815168306,169.62426180966176,120.316981213827,126.33026738510164,59.72507742259814,51.24409310853209,5.06030014070703,8.680853406369973,0.1852260673332331,-0.9155209381776785,-0.5347511054008862,0.17894829627513786,0.7498953765356617,1.532907294000772,3.321100371500293,0.6143551053838312,-1.945226398372366,-0.7625172417432964
pushup_incomplete_range_2.mp4_000,pushup,incomplete_range,20,25,170.26510121830782,169.3172366336537,120.49296139618372,126.92956351170898,63.47558369270333,55.27055732580275,8.043039010457116,5.0682133773684495,0.18325665299877536,-0.6235169333752424,-0.307025176008068,0.1759801823567102,0.5992961266073422,3.750506270105191,4.026464217270657,2.9827388697500865,-3.6126400290015237,0.29200400480243616
pushup_incomplete_range_2.mp4_000,pushup,incomplete_range,21,25,169.277878281278,168.02572813104695,120.85488452573458,126.1328531197818,67.52224711071415,60.017137339895314,10.835158983034473,0.7831368356737741,0.18171530098584346,-0.9872229370298271,-1.2915085026067459,0.3619231295508598,-0.7967103919271779,4.046663418010816,4.746580014092565,2.792119972577357,-4.285076541694675,-0.3637060036545847
pushup_incomplete_range_2.mp4_000,pushup,incomplete_range,22,25,167.77044745534027,167.5974172605884,122.04353054998433,126.49721855271731,77.02511715499827,66.1096606965095,18.21583292091584,5.3086095597716705,0.1799602278707722,-1.5074308259377176,-0.4283108704585459,1.1886460242497492,0.3643654329355144,9.502870044284123,6.09252335661418,7.380673937881367,4.525472724097896,-0.5202078889078905
pushup_incomplete_range_2.mp4_000,pushup,incomplete_range,23,25,166.58507361445987,165.14000127634273,123.08794018396163,125.32691195575535,85.34420231564694,77.29417619226598,24.011573212080055,15.379764393606616,0.1786895231830733,-1.185373840880402,-2.457415984245671,1.0444096339773097,-1.1703065969619644,8.319085160648669,11.184515495756486,5.795740291164215,10.071154833834946,0.3220569850573156
pushup_incomplete_range_2.mp4_000,pushup,incomplete_range,24,25,165.83847112449527,164.35015035848343,122.91691900135933,124.49477561546715,91.71626958052394,83.43865900371671,29.690524480062532,21.81436165606684,0.17766779993150886,-0.7466024899646015,-0.7898509178592974,-0.1710211826023027,-0.8321363402882014,6.372067264877003,6.144482811450729,5.678951267982477,6.434597262460224,0.43877135091580044
pushup_incomplete_range_2.mp4_000,pushup,incomplete_range,25,25,166.37443106905076,165.39844339270638,123.49259104151481,124.7196995916351,98.21707568996858,93.68182004838928,34.619173422878305,30.630627238261326,0.17678657186448388,0.5359599445554863,1.0482930342229508,0.5756720401554816,0.22492397616795756,6.500806109444639,10.243161044672576,4.928648942815773,8.816265582194486,1.282562434520088
pushup_incomplete_range_3 copy.mp4_000,pushup,incomplete_range,1,29,176.9151536801618,179.8052936590645,146.631189785933,152.24602199365165,141.16490122588388,133.54327608655746,69.12269117194667,52.580507173897104,0.26580328199068454,1.2509532750557923,0.5578904091583468,1.0982734353170827,0.803764844642842,-2.9089745404151586,1.3183362683209054,-1.7421143856259107,-0.6761763810555124,1.515186938067103
pushup_incomplete_range_3 copy.mp4_000,pushup,incomplete_range,2,29,177.2844813362127,179.59441598894682,147.37440301023625,153.92838454590182,138.69934780057991,131.32987439150537,67.07053853434331,47.12130408031634,0.2660701719906317,0.3693276560508991,-0.210877670117668,0.743213224303247,1.6823625522501686,-2.465553425303966,-2.2134016950520845,-2.0521526376033563,-5.459203093580761,-0.8816256190048932
pushup_incomplete_range_3 copy.mp4_000,pushup,incomplete_range,3,29,177.4991216220204,179.15540818167295,147.5763753385116,153.97529855533193,137.16909454175791,130.10902347035233,65.88943628180348,46.29209988336298,0.2666026333936205,0.21464028580768968,-0.43900780727386746,0.20197232827536027,0.04691400943011104,-1.5302532588220004,-1.220850921153044,-1.18110225253983,-0.8292041969533628,-0.15468737024320944
pushup_incomplete_range_3 copy.mp4_000,pushup,incomplete_range,4,29,177.80627280100273,179.0167460343246,148.27614039081715,152.16759705272574,136.38501594580364,133.6562527524498,65.36828662873393,46.33762293555001,0.2665501985276247,0.30715117898233757,-0.1386621473483558,0.699765052305537,-1.807701502606193,-0.78407859595427,3.547229282097476,-0.521149653069557,0.04552305218702912,0.09251089317464789
pushup_incomplete_range_3 copy.mp4_000,pushup,incomplete_range,5,29,177.4445577726287,179.31994017115474,147.80308057816666,150.8849004621424,135.48358446882324,126.32552465330755,64.92332961330804,44.395515287730255,0.26812341739978085,-0.3617150283740216,0.3031941368301432,-0.47305981265049013,-1.2826965905833276,-0.9014314769804059,-7.330728099142249,-0.44495701542588506,-1.9421076478197534,-0.6688662073563592
pushup_incomplete_range_3 copy.mp4_000,pushup,incomplete_range,6,29,178.26045283067057,179.9038503583631,147.35721240499993,151.42723147481064,129.76215366994217,123.83027686148836,59.20050601754772,42.221694719732994,0.26893486907310443,0.8158950580418605,0.5839101872083461,-0.4458681731667298,0.5423310126682281,-5.721430798881073,-2.495247791819196,-5.722823595760325,-2.173820567997261,1.177610086415882
pushup_incomplete_range_3 copy.mp4_000,pushup,incomplete_range,7,29,178.4359121489153,179.33380867226012,147.57482591390485,150.79442218177792,130.9349041014654,122.40873836634836,59.88779452176996,41.678049011710264,0.26901830946735,0.1754593182447195,-0.570041686102968,0.21761350890491826,-0.6328092930327216,1.1727504315232409,-1.4215384951399983,0.687288504222245,-0.5436457080227299,-0.640435739797141
pushup_incomplete_range_3 copy.mp4_000,pushup,incomplete_range,8,29,178.6427145299335,179.15179076388858,147.88600387175893,149.97526827155536,131.95653917818106,121.88642491992898,60.56428678793125,41.53653429583061,0.27004128050240755,0.20680238101820692,-0.18201790837153453,0.31117795785408475,-0.8191539102225533,1.0216350767156541,-0.5223134464193748,0.67649226616129,-0.14151471587965148,0.03134306277348742
pushup_incomplete_range_3 copy.mp4_000,pushup,incomplete_range,9,29,179.77591098014696,179.46610745822892,148.40997734730905,150.12582936471028,131.7804862630708,121.4159087611918,60.31801765098131,41.72743764171728,0.2703096619996935,1.133196450213461,0.3143166943403344,0.5239734755501217,0.15056109315491994,-0.17605291511026167,-0.47051615873718333,-0.24626913694994101,0.19090334588666735,0.9263940691952541
pushup_incomplete_range_3 copy.mp4_000,pushup,incomplete_range,10,29,179.40068356125406,179.67858898422978,149.35377127730288,151.0237845446655,129.90838711720252,120.72318617928018,57.71336975380235,40.30469503559382,0.26871022278529233,-0.375227418892905,0.21248152600085746,0.9437939299938307,0.8979551799552041,-1.872099145868276,-0.6927225819116245,-2.604647897178964,-1.4227426061234638,-1.508423869106366
pushup_incomplete_range_3 copy.mp4_000,pushup,incomplete_range,11,29,178.8794636987404,179.51445345353855,148.86839997356256,149.14486291913641,130.0329870809021,117.72459215828327,58.0355978769495,39.769045484508354,0.269250654673864,-0.5212198625136466,-0.164135530691226,-0.48537130374032245,-1.878921625529074,0.12459996369958048,-2.9985940209969044,0.32222812314715554,-0.5356495510854629,-0.1459924436207416
pushup_incomplete_range_3 copy.mp4_000,pushup,incomplete_range,12,29,178.34577478797848,179.38954445075373,148.30892833118574,148.8113909506462,129.08329115499666,116.67333407989263,57.551219099471474,38.90147853729848,0.26973456204173235,-0.5336889107619243,-0.12490900278481831,-0.5594716423768205,-0.33347196849021543,-0.9496959259054449,-1.0512580783906458,-0.48437877747802816,-0.8675669472098733,-0.012469048248277659
pushup_incomplete_range_3 copy.mp4_000,pushup,incomplete_range,13,29,177.72812482443825,179.76182545215696,147.4538553693945,148.49346061004707,129.4370453984355,116.29466459154978,59.00396919472897,39.23616845064339,0.27148212474957767,-0.6176499635402308,0.3722810014032234,-0.8550729617912509,-0.3179303405991334,0.35375424343882855,-0.37866948834285097,1.4527500952574925,0.33468991334490994,-0.08396105277830657
pushup_incomplete_range_3 copy.mp4_000,pushup,incomplete_range,14,29,177.65860557250087,179.46505784711144,147.36727037711273,148.40400025869076,129.2335402122315,115.3572252728351,59.3220201851803,38.432253858947924,0.27222621414411763,-0.06951925193737907,-0.2967676050455168,-0.08658499228175742,-0.08946035135630837,-0.2035051862039836,-0.9374393187146808,0.3180509904513329,-0.8039145916954666,0.5481307116028518
pushup_incomplete_range_3 copy.mp4_000,pushup,incomplete_range,15,29,177.76798480213336,178.85156922554583,147.18072795255222,146.56820819847474,129.7179144807543,113.0559680736749,59.57176762434985,37.924666206069915,0.2754636464346638,0.1093792296324807,-0.6134886215656081,-0.18654242456051406,-1.835792060216022,0.4843742685227994,-2.3012571991601902,0.24974743916955333,-0.5075876528780086,0.17889848156985977
pushup_incomplete_range_3 copy.mp4_000,pushup,incomplete_range,16,29,178.90951927281913,177.97414416535696,145.78410576610682,144.16981926993603,130.25492879615092,107.04465127527237,60.138076499277034,36.011689729486505,0.27776261221778875,1.1415344706857695,-0.8774250601888696,-1.3966221864453985,-2.398388928538708,0.5370143153966183,-6.011316798402532,0.5663088749271807,-1.9129764765834096,1.0321552410532888
pushup_incomplete_range_3 copy.mp4_000,pushup,incomplete_range,17,29,178.78579075198195,177.81457063123113,145.48500313172767,146.3651842180338,128.54953335708208,107.18678063043467,59.093559453069915,36.03177404812173,0.2769356702917321,-0.12372852083717589,-0.1595735341258262,-0.2991026343791532,2.1953649480977617,-1.7053954390688375,0.14212935516229663,-1.044517046207119,0.020084318635227305,-1.2652629915229454
pushup_incomplete_range_3 copy.mp4_000,pushup,incomplete_range,18,29,178.9025327079436,175.50031951482862,146.0943873037202,146.16935618031636,128.06073514361225,112.0599683909491,58.09492263611881,35.12204802769816,0.2768949628180879,0.1167419559616576,-2.3142511164025166,0.6093841719925308,-0.1958280377174333,-0.48879821346983476,4.873187760514426,-0.9986368169511053,-0.9097260204235695,0.2404704767988335
pushup_incomplete_range_3 copy.mp4_000,pushup,incomplete_range,19,29,179.3972164555366,172.65724404778322,147.41574355359006,145.9641500857158,124.2278068827453,109.39219798306868,53.208559374659586,34.766823636801796,0.276490927416321,0.49468374759300104,-2.843075467045395,1.321356249869865,-0.2052060946005554,-3.83292826086695,-2.667770407880411,-4.886363261459223,-0.3552243908963675,0.37794179163134345
pushup_incomplete_range_3 copy.mp4_000,pushup,incomplete_range,20,29,179.03324026692604,171.731191377665,149.46976399965573,147.71029110386687,121.85165578151731,104.79138649417727,49.882315206342334,33.26791637257235,0.2748069763715599,-0.3639761886105646,-0.9260526701182243,2.054020446065664,1.7461410181510644,-2.3761511012279897,-4.600811488891409,-3.3262441683172526,-1.4989072642294445,-0.8586599362035656
pushup_incomplete_range_3 copy.mp4_000,pushup,incomplete_range,21,29,179.9543259819464,171.7416754991484,150.13645037974314,150.62742130681747,122.28641595582826,107.06048950885405,49.09213297860508,29.93104072266151,0.2748319152949225,0.9210857150203537,0.010484121483415265,0.6666863800874125,2.9171302029506023,0.43476017431095215,2.269103014676773,-0.7901822277372545,-3.3368756499108407,1.2850619036309183
pushup_incomplete_range_3 copy.mp4_000,pushup,incomplete_range,22,29,179.20587639096638,172.97399000739253,154.53172146937894,152.07638579276747,120.60728194398628,104.99753240638883,44.512756914188344,28.545245588092133,0.27441528698660606,-0.748449590980016,1.2323145082441158,4.3952710896357985,1.4489644859500004,-1.679134011841981,-2.0629571024652194,-4.579376064416735,-1.3857951345693778,-1.6695353060003697
pushup_incomplete_range_3 copy.mp4_000,pushup,incomplete_range,23,29,179.71312895028433,174.68661817158963,155.15953342703855,152.82638317984512,119.26300574393682,102.91827832000969,42.09584269270058,28.27741039496478,0.27633850252660935,0.5072525593179478,1.712628164197099,0.6278119576596168,0.7499973870776557,-1.344276200049464,-2.0792540863791373,-2.4169142214877652,-0.26783519312735393,1.2557021502979637
pushup_incomplete_range_3 copy.mp4_000,pushup,incomplete_range,24,29,178.37306737668504,175.2749551088729,154.52192959681884,151.7647275191469,113.19891862323514,103.24074281695783,37.068217924094384,27.23918236202166,0.27741019488504476,-1.3400615735992858,0.588336937283259,-0.6376038302197173,-1.0616556606982215,-6.0640871207016716,0.32246449694814316,-5.027624768606195,-1.0382280329431204,-1.8473141329172336
pushup_incomplete_range_3 copy.mp4_000,pushup,incomplete_range,25,29,175.85486618875422,175.56530166004276,154.2197640884582,151.85998697489302,110.17330000357923,97.87584245802772,33.91642785427123,21.893702409974892,0.2755540741816947,-2.5182011879308277,0.2903465511698755,-0.3021655083606447,0.09525945574611683,-3.0256186196559156,-5.3649003589301145,-3.151790069823157,-5.345479952046766,-1.178139614331542
pushup_incomplete_range_3 copy.mp4_000,pushup,incomplete_range,26,29,175.85520268114877,176.15381311872358,156.07843454925836,154.96719294066986,122.64048246968315,99.176245141908,46.476561570474395,21.73972159772408,0.27240707497031486,0.00033649239455257884,0.5885114586808129,1.8586704608001696,3.107205965776842,12.467182466103921,1.3004026838802787,12.560133716203168,-0.15398081225081128,2.5185376803253803
pushup_incomplete_range_3 copy.mp4_000,pushup,incomplete_range,27,29,175.59883716192832,174.88238929675052,155.1878552996268,153.38664678702116,120.42088815028957,98.4526324283361,45.57654823445218,18.493930388630073,0.27184065315316625,-0.25636551922045214,-1.271423821973059,-0.8905792496315712,-1.5805461536486973,-2.219594319393579,-0.7236127135718959,-0.9000133360222122,-3.2457912090940084,-0.2567020116150047
pushup_incomplete_range_3 copy.mp4_000,pushup,incomplete_range,28,29,175.4029058871229,173.93774266028433,154.36342141193262,152.5882602245326,141.4423374122761,101.20265520032395,65.90325209910738,23.089223819078182,0.26965928163998465,-0.1959312748054174,-0.9446466364661887,-0.8244338876941697,-0.7983865624885595,21.02144926198652,2.750022771987844,20.326703864655194,4.595293430448109,0.060434244415034755
pushup_incomplete_range_3 copy.mp4_000,pushup,incomplete_range,29,29,174.80152377365772,171.9385134284393,153.6337078959523,150.82926484984495,153.48590502425685,100.3818606806564,74.55368494771206,29.061077495151522,0.26721122755023535,-0.6013821134651778,-1.999229231845021,-0.7297135159803076,-1.7589953746876574,12.043567611980762,-0.8207945196675439,8.65043284860468,5.971853676073341,-0.4054508386597604
pushup_incomplete_range_3 copy.mp4_001,pushup,incomplete_range,1,6,177.4281708600962,172.75355898272636,145.70425234544965,146.22401099963363,137.00480955486657,108.46946861350798,68.48166089062416,48.04549287189553,0.27654688217684803,-0.4676056236388888,-5.190075182778855,1.1144158665940438,-2.216594961154044,-7.670374368822138,-6.369846270204221,-9.07774750376089,-4.883861116272605,-2.282215567414596
pushup_incomplete_range_3 copy.mp4_001,pushup,incomplete_range,2,6,179.6697894572554,173.6073451362658,148.23032029222335,147.33616337219624,133.3745858239658,104.27390977252657,63.81844223994695,43.96509820187397,0.27591695147403117,2.241618597159203,0.8537861535394313,2.5260679467737077,1.1121523725626048,-3.6302237309007808,-4.19555884098142,-4.663218650677209,-4.080394670021562,2.7092242207980917
pushup_incomplete_range_3 copy.mp4_001,pushup,incomplete_range,3,6,179.68117469017363,172.32389925645967,149.36334929515908,148.12986292738435,131.46653157055036,105.07663002936161,61.94892655603634,37.53133054846333,0.27551529030607164,0.011385232918229349,-1.2834458798061235,1.1330290029357286,0.7936995551881125,-1.908054253415429,0.8027202568350447,-1.8695156839106062,-6.433767653410641,-2.2302333642409735
pushup_incomplete_range_3 copy.mp4_001,pushup,incomplete_range,4,6,179.74360168751306,173.58135771375166,153.02866954750323,151.70132749567645,138.76181171147772,106.69828064611582,65.89886408857807,38.866545029006936,0.27444591262191825,0.062426997339429136,1.257458457291989,3.665320252344145,3.5714645682921002,7.29528014092736,1.6216506167542093,3.9499375325417247,1.3352144805436055,0.05104176442119979
pushup_incomplete_range_3 copy.mp4_001,pushup,incomplete_range,5,6,178.07320707236556,173.545892441771,153.6057161143957,151.2457227955507,147.8792320640757,107.03512908969198,71.88523352534777,36.53809562606133,0.275381340985315,-1.6703946151475009,-0.03546527198065519,0.5770465668924771,-0.45560470012574683,9.117420352597975,0.33684844357615873,5.9863694367697065,-2.3284494029456084,-1.73282161248693
pushup_incomplete_range_3 copy.mp4_001,pushup,incomplete_range,6,6,177.0611859567819,174.5873452383213,152.95236097074266,151.73835844537115,152.2504298683351,98.01039669548585,76.57383211115739,44.67793507307797,0.27846125149513057,-1.01202111558365,1.0414527965502884,-0.6533551436530445,0.4926356498204427,4.3711978042593955,-9.024732394206126,4.688598585809615,8.13983944701664,0.6583734995638508
pushup_incomplete_range_3 copy.mp4_002,pushup,incomplete_range,1,12,173.61135810332513,170.45264326217088,145.93427750433045,150.82810838938858,143.1060094743421,121.65608289739497,70.06722251238943,48.250892993979654,0.2709236610598092,2.6932624497891595,-0.24951832982651467,3.2452400825542327,0.33088483324326035,-4.110427137417844,-5.966204228268808,-4.754154150377687,-2.353413001185764,2.3988173384279605
pushup_incomplete_range_3 copy.mp4_002,pushup,incomplete_range,2,12,174.65992242446902,170.61906706365014,147.42327078860788,151.46545385184845,144.6670023690984,116.31695718175139,69.3190010522181,46.011880385705915,0.27203336658541427,1.0485643211438855,0.1664238014792545,1.4889932842774272,0.6373454624598764,1.5609928947563105,-5.339125715643576,-0.7482214601713366,-2.2390126082737396,-1.644698128645274
pushup_incomplete_range_3 copy.mp4_002,pushup,incomplete_range,3,12,174.67445090522253,170.8013238144296,150.42498414278376,152.6809298548246,143.54007097896704,108.33842290236389,66.79908555641086,43.51960270791614,0.27191741784566026,0.014528480753511985,0.1822567507794588,3.0017133541758767,1.2154760029761462,-1.126931390131375,-7.978534279387503,-2.51991549580724,-2.4922776777897724,-1.0340358403903736
pushup_incomplete_range_3 copy.mp4_002,pushup,incomplete_range,4,12,175.91572539727807,172.46871875291822,153.68686039644408,154.71880900630842,146.03599435866442,105.23333911551974,66.73510589139798,41.42182986969167,0.2723814803122268,1.2412744920555383,1.667394938488627,3.2618762536603185,2.0378791514838213,2.4959233796973876,-3.1050837868441477,-0.0639796650128801,-2.097772838224472,1.2267460113020263
pushup_incomplete_range_3 copy.mp4_002,pushup,incomplete_range,5,12,174.01517336943223,173.6207972093734,155.1275311710053,156.61259816737194,146.3649897820405,99.23239000333557,63.46979182802498,37.54091526739376,0.2721444869231737,-1.9005520278458334,1.1520784564551718,1.4406707745612266,1.8937891610635234,0.3289954233760852,-6.000949112184173,-3.2653140633729976,-3.8809146022979135,-3.1418265199013717
pushup_incomplete_range_3 copy.mp4_002,pushup,incomplete_range,6,12,172.994793098909,172.74075403691756,156.41150099580827,155.4246485804789,137.78891544491904,94.18126870003773,54.48028545272181,31.3546663176771,0.2730864213905016,-1.0203802705232192,-0.880043172455828,1.2839698248029663,-1.1879495868930405,-8.576074337121469,-5.051121303297833,-8.989506375303172,-6.186248949716656,0.8801717573226142
pushup_incomplete_range_3 copy.mp4_002,pushup,incomplete_range,7,12,173.9453083218276,172.89797887088153,157.87041885217718,156.66068563859088,134.73653793604416,91.24718558723144,51.7291605883337,29.071495766582494,0.27427071771035233,0.9505152229185967,0.1572248339639657,1.4589178563689131,1.2360370581119753,-3.0523775088748835,-2.9340831128062916,-2.7511248643881103,-2.2831705510946065,1.970895493441816
pushup_incomplete_range_3 copy.mp4_002,pushup,incomplete_range,8,12,174.59017972653416,171.815633174677,157.50046837426498,156.27417835892007,128.7389603040077,92.65354976427969,48.701064363149925,29.551528005135594,0.2735188021802023,0.6448714047065494,-1.082345696204527,-0.36995047791219804,-0.3865072796708091,-5.997577632036467,1.4063641770482462,-3.0280962251837735,0.4800322385531004,-0.30564381821204734
pushup_incomplete_range_3 copy.mp4_002,pushup,incomplete_range,9,12,175.0405407663771,170.8164635027284,156.95546198846512,154.71971200411517,122.00191101612775,91.18297679792744,44.791953661471865,29.63781389613664,0.2705405899111379,0.45036103984293163,-0.9991696719486072,-0.5450063857998657,-1.5544663548049016,-6.737049287879941,-1.4705729663522504,-3.9091107016780597,0.08628589100104733,-0.19451036486361772
pushup_incomplete_range_3 copy.mp4_002,pushup,incomplete_range,10,12,174.81560480120763,169.84894605997388,156.41846084173775,154.70867477870647,118.54827616137133,93.52674537890283,42.53526545737141,32.98432483159261,0.27085051034003027,-0.22493596516946468,-0.967517442754513,-0.5370011467273628,-0.011037225408699669,-3.453634854756416,2.343768580975393,-2.256688204100456,3.3465109354559672,-0.6752970050123963
pushup_incomplete_range_3 copy.mp4_002,pushup,incomplete_range,11,12,174.9313707943424,170.0239792103917,156.16067457535274,153.09866692390764,140.62403356390405,95.66722939830653,63.59191883319362,40.00219539360194,0.2716216289539234,0.11576599313477232,0.17503315041781775,-0.25778626638501123,-1.6100078547988232,22.075757402532716,2.1404840194037007,21.056653375822208,7.017870562009328,0.340701958304237
pushup_incomplete_range_3 copy.mp4_002,pushup,incomplete_range,12,12,175.3273710288132,170.0818822149706,156.62290729577376,152.95946244754018,147.25715455239623,99.1672281682787,70.87786809853947,41.836491624025186,0.2718427373450587,0.39600023447079025,0.05790300457888975,0.4622327204210137,-0.13920447636746758,6.6331209884921805,3.4999987699721657,7.285949265345849,1.8342962304232486,0.28023424133601793
pushup_incomplete_range_3 copy.mp4_003,pushup,incomplete_range,1,8,174.67649927708882,168.08067499734736,156.08615011844117,152.69029126198552,135.01150064147527,113.75080944814918,75.10460786554171,58.446893885960755,0.27023899378675087,0.08946415010390751,0.40558632233864955,0.16047237065933473,0.19962342569954217,-9.002528515524205,-1.814089542377701,0.5137454391358034,2.4429992446720874,-0.37529108635740727
pushup_incomplete_range_3 copy.mp4_003,pushup,incomplete_range,2,8,173.5126683960031,167.61421128192478,155.41829731781445,152.81182983528763,129.46518004063617,110.82739576906427,74.77727991109158,60.803890876974336,0.2692589677361918,-1.1638308810857154,-0.46646371542257725,-0.6678528006267186,0.12153857330210371,-5.5463206008390955,-2.9234136790849163,-0.3273279544501264,2.356996991013581,-1.253295031189623
pushup_incomplete_range_3 copy.mp4_003,pushup,incomplete_range,3,8,173.26910936373062,167.56233425415562,155.17748915287757,152.98285511701351,129.53249275114786,110.29905139560073,74.29583706612549,58.975837981979204,0.2686587649742538,-0.24355903227248632,-0.05187702776916581,-0.24080816493687962,0.17102528172588904,0.06731271051168619,-0.5283443734635398,-0.4814428449660966,-1.8280528949951318,0.9202718488132291
pushup_incomplete_range_3 copy.mp4_003,pushup,incomplete_range,4,8,172.95904353118172,167.41996172578345,155.99955001717686,153.33001243613208,128.52568578805887,105.1547167592164,74.8583723710648,58.9199761344107,0.2657962095139618,-0.31006583254890074,-0.14237252837216374,0.8220608642992886,0.3471573191185655,-1.0068069630889909,-5.144334636384329,0.5625353049393169,-0.05586184756850088,-0.06650680027641442
pushup_incomplete_range_3 copy.mp4_003,pushup,incomplete_range,5,8,172.50378153376693,167.5551712730443,157.19693181572245,156.36524583728482,134.09661710260363,111.4790378437397,64.37864588939537,51.33703346899279,0.2616845187244929,-0.45526199741479445,0.13520954726084256,1.1973817985455923,3.0352334011527375,5.570931314544765,6.324321084523305,-10.47972648166943,-7.58294266541791,-0.1451961648658937
pushup_incomplete_range_3 copy.mp4_003,pushup,incomplete_range,6,8,170.62282810865847,167.28883988474283,157.37126088945345,156.94135439591426,133.46593947209172,112.78511243744356,57.88514457131912,48.3855752832958,0.2594132142304762,-1.8809534251084585,-0.26633138830146663,0.17432907373100193,0.5761085586294428,-0.6306776305119115,1.3060745937038547,-6.493501318076255,-2.9514581856969926,-1.425691427693664
pushup_incomplete_range_3 copy.mp4_003,pushup,incomplete_range,7,8,170.77954901030796,166.31189766490877,157.0918672812274,157.15407975445285,139.58651620005355,119.01940779122079,61.09451548403872,51.73617008429537,0.26023358647699346,0.15672090164949282,-0.9769422198340578,-0.27939360822605863,0.21272535853859154,6.120576727961833,6.234295353777227,3.2093709127196064,3.3505948009995663,2.0376743267579513
pushup_incomplete_range_3 copy.mp4_003,pushup,incomplete_range,8,8,171.82311331041015,165.27481165506552,157.11355774498108,155.54502641077366,145.1896982537614,120.93624825568483,67.44835511134745,55.96647145992071,0.26094970393562794,1.0435643001021901,-1.0370860098432502,0.021690463753685663,-1.609053343679193,5.6031820537078545,1.9168404644640447,6.35383962730873,4.230301375625345,0.8868433984526973
pushup_incomplete_range_3 copy.mp4_004,pushup,incomplete_range,1,24,176.03824636843996,170.57354394115237,151.17809694000377,157.05793381627217,142.42639913390053,126.61526204552216,71.83163653812814,47.85137956249416,0.268941428326048,2.3444982008469424,2.717085120123784,6.033322197848008,2.6821874551277745,-1.977462479271452,-5.168464323069813,-4.915549228335593,-3.870637447695451,1.251588210365668
pushup_incomplete_range_3 copy.mp4_004,pushup,incomplete_range,2,24,174.23242246468294,172.21304694456356,155.1258292803912,158.86582098105325,140.7436232689414,113.2745461259658,65.57280438731878,42.97115365147185,0.27050735231534967,-1.805823903757016,1.6395030034111926,3.9477323403874323,1.8078871647810786,-1.682775864959126,-13.34071591955636,-6.258832150809354,-4.880225911022308,-4.1503221046039585
pushup_incomplete_range_3 copy.mp4_004,pushup,incomplete_range,3,24,173.1754457601897,170.25510418166755,156.81144394958858,161.121729550708,133.0377948530746,105.69162342066366,55.939652731288625,37.80939472878181,0.27087304029284737,-1.0569767044932519,-1.9579427628960104,1.6856146691973777,2.255908569654764,-7.705828415866819,-7.582922705302138,-9.633151656030158,-5.161758922690041,0.7488471992637642
pushup_incomplete_range_3 copy.mp4_004,pushup,incomplete_range,4,24,173.6753694625847,167.8161774453865,160.40330153129037,161.6655927098556,124.631429908919,98.19646885273995,45.906534457354645,33.772415817744665,0.27058618434638537,0.49992370239502293,-2.438926736281047,3.591857581701788,0.5438631591475769,-8.406364944155584,-7.495154567923706,-10.03311827393398,-4.036978911037146,1.5569004068882748
pushup_incomplete_range_3 copy.mp4_004,pushup,incomplete_range,5,24,170.19117177398275,164.214344375579,158.85802394033658,156.92465197432077,126.93629525936242,98.9105429275575,46.57344576548429,29.74227733963069,0.27030863201182176,-3.4841976886019665,-3.6018330698074976,-1.5452775909537877,-4.740940735534821,2.3048653504434213,0.714074074817546,0.6669113081296416,-4.030138478113976,-3.9841213909969895
pushup_incomplete_range_3 copy.mp4_004,pushup,incomplete_range,6,24,170.74901377005486,164.84713889191744,157.56505873462015,154.3995207591095,128.05082253789953,89.97579933605826,50.248269054958264,36.196484558122535,0.27094691346416394,0.5578419960721135,0.6327945163384356,-1.2929652057164276,-2.5251312152112746,1.1145272785371105,-8.934743591499242,3.674823289473977,6.454207218491845,4.04203968467408
pushup_incomplete_range_3 copy.mp4_004,pushup,incomplete_range,7,24,171.2815313241858,166.12601865840836,156.8101673521954,153.87728234172192,128.78716330746175,86.08490095796375,52.05318904364873,35.35954438644214,0.26939131041449477,0.5325175541309477,1.2788797664909168,-0.754891382424745,-0.5222384173875696,0.7363407695622186,-3.890898378094505,1.8049199886904645,-0.8369401716803964,-0.025324441941165787
pushup_incomplete_range_3 copy.mp4_004,pushup,incomplete_range,8,24,171.59227331968503,166.9448929575206,156.9397217309443,155.7301404942086,128.04299347704296,83.72776896153597,52.73731581552553,34.94063336359063,0.2687318216789516,0.3107419954992281,0.8188742991122524,0.12955437874890663,1.8528581524866752,-0.744169830418798,-2.357131996427782,0.684126771876798,-0.4189110228515105,-0.2217755586317196
pushup_incomplete_range_3 copy.mp4_004,pushup,incomplete_range,9,24,170.1557814418991,165.66457168247226,157.22031371557188,156.3412055623974,131.90053339402604,81.18335167634282,58.041430210605434,34.32681073815144,0.2674453870318848,-1.436491877785926,-1.280321275048351,0.28059198462756285,0.6110650681887932,3.857539916983086,-2.5444172851931484,5.304114395079907,-0.613822625439191,-1.747233873285154
pushup_incomplete_range_3 copy.mp4_004,pushup,incomplete_range,10,24,171.3361752954965,165.20864476769705,158.06541849126265,156.3544616656882,136.17286973812963,78.72760494377073,65.60802989962326,40.216479340972036,0.2667679150482484,1.1803938535973941,-0.45592691477520475,0.8451047756907712,0.01325610329081428,4.272336344103593,-2.455746732572095,7.566599689017828,5.889668602820599,2.61688573138332
pushup_incomplete_range_3 copy.mp4_004,pushup,incomplete_range,11,24,171.37939371868046,164.07229092865344,159.02855179219128,155.79174833680182,136.68679047239235,90.2138498266281,64.49120477445766,35.871203735211836,0.26523683660000674,0.04321842318395852,-1.1363538390436076,0.9631333009286323,-0.5627133288863888,0.5139207342627117,11.486244882857378,-1.1168251251656045,-4.3452756057602,-1.1371754304134356
pushup_incomplete_range_3 copy.mp4_004,pushup,incomplete_range,12,24,171.3537885207343,165.39354598003092,159.28602159828006,156.3495481476404,138.46364465387333,94.69272767562776,63.461763089701854,32.70250101390014,0.2654499706581438,-0.025605197946163116,1.3212550513774772,0.25746980608877834,0.5577998108385884,1.776854181480985,4.478877848999659,-1.0294416847558026,-3.1687027213116963,-0.06882362113012164
pushup_incomplete_range_3 copy.mp4_004,pushup,incomplete_range,13,24,171.67870972920264,166.54913109152423,159.69980825748678,158.60831007447072,140.74492812716744,110.49029732811334,66.98279942043148,48.11597594282713,0.26541017153235175,0.3249212084683393,1.1555851114933091,0.4137866592067212,2.258761926830317,2.28128347329411,15.797569652485578,3.521036330729622,15.413474928926988,0.3505264064145024
pushup_incomplete_range_3 copy.mp4_004,pushup,incomplete_range,14,24,171.81233805998454,166.35821198838468,159.27842619483243,159.21501358730652,140.55059335267424,101.2713445441677,69.51070446821036,51.67170247685642,0.2652363181979671,0.13362833078190306,-0.1909191031395494,-0.4213820626543452,0.6067035128357929,-0.1943347744931998,-9.218952783945639,2.527905047778887,3.55572653402929,-0.1912928776864362
pushup_incomplete_range_3 copy.mp4_004,pushup,incomplete_range,15,24,172.79446640227877,167.4336793848773,160.52310508934062,160.22009902276307,140.19121092700766,114.68068992373259,68.02672359423347,51.24903029570399,0.26481483136862516,0.9821283422942315,1.075467396492627,1.2446788945081835,1.0050854354565502,-0.3593824256665812,13.409345379564883,-1.4839808739768898,-0.42267218115242855,0.8485000115123285
pushup_incomplete_range_3 copy.mp4_004,pushup,incomplete_range,16,24,172.22836888188522,166.87846876693536,159.57980945611166,159.55208217531273,140.34268312925528,112.45175164068647,71.54824808500813,53.4783178579269,0.26448693037860893,-0.566097520393555,-0.5552106179419525,-0.9432956332289564,-0.6680168474503319,0.15147220224761782,-2.2289382830461193,3.5215244907746523,2.2292875622229147,-1.5482258626877865
pushup_incomplete_range_3 copy.mp4_004,pushup,incomplete_range,17,24,172.20390189560723,166.7322853879461,159.22931327864603,159.0417481108272,138.41915034762465,111.0835645115647,72.86696983750238,55.36233692762964,0.2642471031142365,-0.024466986277985825,-0.1461833789892637,-0.35049617746562944,-0.5103340644855336,-1.9235327816306267,-1.3681871291217647,1.3187217524942554,1.8840190697027381,0.5416305341155692
pushup_incomplete_range_3 copy.mp4_004,pushup,incomplete_range,18,24,171.9666376699464,166.5599353089299,158.73122095025158,157.81169208287344,133.16560309860242,107.60534840496967,73.67677069234848,56.349256067947145,0.26631049680168095,-0.23726422566082306,-0.1723500790161836,-0.49809232839444917,-1.230056027953765,-5.253547249022233,-3.4782161065950277,0.8098008548461024,0.9869191403175037,-0.21279723938283723
pushup_incomplete_range_3 copy.mp4_004,pushup,incomplete_range,19,24,172.0861428818107,166.77781103764318,158.9592111421681,157.91620868661815,132.31224133080985,104.7700502220328,72.3879578686909,52.90514633646788,0.2656014895999532,0.11950521186429341,0.21787572871326688,0.22799019191651837,0.10451660374471317,-0.8533617677925633,-2.8352981829368815,-1.2888128236575795,-3.4441097314792657,0.3567694375251165
pushup_incomplete_range_3 copy.mp4_004,pushup,incomplete_range,20,24,170.65847618990816,166.01343197444578,157.5449134478716,158.72877196737144,134.113058378451,100.1863457669265,73.1934432849638,51.766542718133046,0.26081678491033766,-1.4276666919025445,-0.7643790631973957,-1.4142976942964935,0.8125632807532952,1.8008170476411465,-4.5837044551063,0.8054854162729015,-1.1386036183348338,-1.5471719037668379
pushup_incomplete_range_3 copy.mp4_004,pushup,incomplete_range,21,24,169.66540057341564,166.27431320949933,157.76384483269663,159.28350474185004,136.88363587085857,102.97425697562171,69.43574231345153,51.40973452177523,0.25863282095081375,-0.9930756164925185,0.2608812350535459,0.2189313848250265,0.5547327744785946,2.7705774924075683,2.7879112086952205,-3.7577009715122784,-0.356808196357818,0.43459107541002595
pushup_incomplete_range_3 copy.mp4_004,pushup,incomplete_range,22,24,168.01341848397556,166.5087607353161,157.4779620796257,159.7241159695484,139.4759628424553,104.73876370079414,65.26787235503758,51.47905281050804,0.25676738960818124,-1.6519820894400823,0.23444752581676198,-0.28588275307092204,0.4406112276983549,2.5923269715967194,1.7645067251724242,-4.167869958413945,0.06931828873280921,-0.6589064729475638
pushup_incomplete_range_3 copy.mp4_004,pushup,incomplete_range,23,24,168.66233219268628,165.2194794135045,157.91673229449933,161.3421391532071,140.67514918416566,112.76411122901432,66.79832100862828,54.75675770450269,0.25773263364658594,0.6489137087107224,-1.2892813218115862,0.4387702148736139,1.618023183658721,1.199186341710373,8.02534752822018,1.530448653590696,3.2777048939946525,2.3008957981508047
pushup_incomplete_range_3 copy.mp4_004,pushup,incomplete_range,24,24,170.87032347574842,164.31853512744897,158.36979669780862,160.54549295044245,144.88924575266674,119.73752106747183,68.89973846698456,55.568774425175334,0.26072444368915293,2.2079912830621424,-0.9009442860555339,0.4530644033092983,-0.7966462027646628,4.214096568501077,6.973409838457513,2.1014174583562806,0.812016720672645,1.55907757435142
pushup_incomplete_range_3.mp4_000,pushup,incomplete_range,1,29,176.9151536801618,179.8052936590645,146.631189785933,152.24602199365165,141.16490122588388,133.54327608655746,69.12269117194667,52.580507173897104,0.26580328199068454,1.2509532750557923,0.5578904091583468,1.0982734353170827,0.803764844642842,-2.9089745404151586,1.3183362683209054,-1.7421143856259107,-0.6761763810555124,1.515186938067103
pushup_incomplete_range_3.mp4_000,pushup,incomplete_range,2,29,177.2844813362127,179.59441598894682,147.37440301023625,153.92838454590182,138.69934780057991,131.32987439150537,67.07053853434331,47.12130408031634,0.2660701719906317,0.3693276560508991,-0.210877670117668,0.743213224303247,1.6823625522501686,-2.465553425303966,-2.2134016950520845,-2.0521526376033563,-5.459203093580761,-0.8816256190048932
pushup_incomplete_range_3.mp4_000,pushup,incomplete_range,3,29,177.4991216220204,179.15540818167295,147.5763753385116,153.97529855533193,137.16909454175791,130.10902347035233,65.88943628180348,46.29209988336298,0.2666026333936205,0.21464028580768968,-0.43900780727386746,0.20197232827536027,0.04691400943011104,-1.5302532588220004,-1.220850921153044,-1.18110225253983,-0.8292041969533628,-0.15468737024320944
pushup_incomplete_range_3.mp4_000,pushup,incomplete_range,4,29,177.80627280100273,179.0167460343246,148.27614039081715,152.16759705272574,136.38501594580364,133.6562527524498,65.36828662873393,46.33762293555001,0.2665501985276247,0.30715117898233757,-0.1386621473483558,0.699765052305537,-1.807701502606193,-0.78407859595427,3.547229282097476,-0.521149653069557,0.04552305218702912,0.09251089317464789
pushup_incomplete_range_3.mp4_000,pushup,incomplete_range,5,29,177.4445577726287,179.31994017115474,147.80308057816666,150.8849004621424,135.48358446882324,126.32552465330755,64.92332961330804,44.395515287730255,0.26812341739978085,-0.3617150283740216,0.3031941368301432,-0.47305981265049013,-1.2826965905833276,-0.9014314769804059,-7.330728099142249,-0.44495701542588506,-1.9421076478197534,-0.6688662073563592
pushup_incomplete_range_3.mp4_000,pushup,incomplete_range,6,29,178.26045283067057,179.9038503583631,147.35721240499993,151.42723147481064,129.76215366994217,123.83027686148836,59.20050601754772,42.221694719732994,0.26893486907310443,0.8158950580418605,0.5839101872083461,-0.4458681731667298,0.5423310126682281,-5.721430798881073,-2.495247791819196,-5.722823595760325,-2.173820567997261,1.177610086415882
pushup_incomplete_range_3.mp4_000,pushup,incomplete_range,7,29,178.4359121489153,179.33380867226012,147.57482591390485,150.79442218177792,130.9349041014654,122.40873836634836,59.88779452176996,41.678049011710264,0.26901830946735,0.1754593182447195,-0.570041686102968,0.21761350890491826,-0.6328092930327216,1.1727504315232409,-1.4215384951399983,0.687288504222245,-0.5436457080227299,-0.640435739797141
pushup_incomplete_range_3.mp4_000,pushup,incomplete_range,8,29,178.6427145299335,179.15179076388858,147.88600387175893,149.97526827155536,131.95653917818106,121.88642491992898,60.56428678793125,41.53653429583061,0.27004128050240755,0.20680238101820692,-0.18201790837153453,0.31117795785408475,-0.8191539102225533,1.0216350767156541,-0.5223134464193748,0.67649226616129,-0.14151471587965148,0.03134306277348742
pushup_incomplete_range_3.mp4_000,pushup,incomplete_range,9,29,179.77591098014696,179.46610745822892,148.40997734730905,150.12582936471028,131.7804862630708,121.4159087611918,60.31801765098131,41.72743764171728,0.2703096619996935,1.133196450213461,0.3143166943403344,0.5239734755501217,0.15056109315491994,-0.17605291511026167,-0.47051615873718333,-0.24626913694994101,0.19090334588666735,0.9263940691952541
pushup_incomplete_range_3.mp4_000,pushup,incomplete_range,10,29,179.40068356125406,179.67858898422978,149.35377127730288,151.0237845446655,129.90838711720252,120.72318617928018,57.71336975380235,40.30469503559382,0.26871022278529233,-0.375227418892905,0.21248152600085746,0.9437939299938307,0.8979551799552041,-1.872099145868276,-0.6927225819116245,-2.604647897178964,-1.4227426061234638,-1.508423869106366
pushup_incomplete_range_3.mp4_000,pushup,incomplete_range,11,29,178.8794636987404,179.51445345353855,148.86839997356256,149.14486291913641,130.0329870809021,117.72459215828327,58.0355978769495,39.769045484508354,0.269250654673864,-0.5212198625136466,-0.164135530691226,-0.48537130374032245,-1.878921625529074,0.12459996369958048,-2.9985940209969044,0.32222812314715554,-0.5356495510854629,-0.1459924436207416
pushup_incomplete_range_3.mp4_000,pushup,incomplete_range,12,29,178.34577478797848,179.38954445075373,148.30892833118574,148.8113909506462,129.08329115499666,116.67333407989263,57.551219099471474,38.90147853729848,0.26973456204173235,-0.5336889107619243,-0.12490900278481831,-0.5594716423768205,-0.33347196849021543,-0.9496959259054449,-1.0512580783906458,-0.48437877747802816,-0.8675669472098733,-0.012469048248277659
pushup_incomplete_range_3.mp4_000,pushup,incomplete_range,13,29,177.72812482443825,179.76182545215696,147.4538553693945,148.49346061004707,129.4370453984355,116.29466459154978,59.00396919472897,39.23616845064339,0.27148212474957767,-0.6176499635402308,0.3722810014032234,-0.8550729617912509,-0.3179303405991334,0.35375424343882855,-0.37866948834285097,1.4527500952574925,0.33468991334490994,-0.08396105277830657
pushup_incomplete_range_3.mp4_000,pushup,incomplete_range,14,29,177.65860557250087,179.46505784711144,147.36727037711273,148.40400025869076,129.2335402122315,115.3572252728351,59.3220201851803,38.432253858947924,0.27222621414411763,-0.06951925193737907,-0.2967676050455168,-0.08658499228175742,-0.08946035135630837,-0.2035051862039836,-0.9374393187146808,0.3180509904513329,-0.8039145916954666,0.5481307116028518
pushup_incomplete_range_3.mp4_000,pushup,incomplete_range,15,29,177.76798480213336,178.85156922554583,147.18072795255222,146.56820819847474,129.7179144807543,113.0559680736749,59.57176762434985,37.924666206069915,0.2754636464346638,0.1093792296324807,-0.6134886215656081,-0.18654242456051406,-1.835792060216022,0.4843742685227994,-2.3012571991601902,0.24974743916955333,-0.5075876528780086,0.17889848156985977
pushup_incomplete_range_3.mp4_000,pushup,incomplete_range,16,29,178.90951927281913,177.97414416535696,145.78410576610682,144.16981926993603,130.25492879615092,107.04465127527237,60.138076499277034,36.011689729486505,0.27776261221778875,1.1415344706857695,-0.8774250601888696,-1.3966221864453985,-2.398388928538708,0.5370143153966183,-6.011316798402532,0.5663088749271807,-1.9129764765834096,1.0321552410532888
pushup_incomplete_range_3.mp4_000,pushup,incomplete_range,17,29,178.78579075198195,177.81457063123113,145.48500313172767,146.3651842180338,128.54953335708208,107.18678063043467,59.093559453069915,36.03177404812173,0.2769356702917321,-0.12372852083717589,-0.1595735341258262,-0.2991026343791532,2.1953649480977617,-1.7053954390688375,0.14212935516229663,-1.044517046207119,0.020084318635227305,-1.2652629915229454
pushup_incomplete_range_3.mp4_000,pushup,incomplete_range,18,29,178.9025327079436,175.50031951482862,146.0943873037202,146.16935618031636,128.06073514361225,112.0599683909491,58.09492263611881,35.12204802769816,0.2768949628180879,0.1167419559616576,-2.3142511164025166,0.6093841719925308,-0.1958280377174333,-0.48879821346983476,4.873187760514426,-0.9986368169511053,-0.9097260204235695,0.2404704767988335
pushup_incomplete_range_3.mp4_000,pushup,incomplete_range,19,29,179.3972164555366,172.65724404778322,147.41574355359006,145.9641500857158,124.2278068827453,109.39219798306868,53.208559374659586,34.766823636801796,0.276490927416321,0.49468374759300104,-2.843075467045395,1.321356249869865,-0.2052060946005554,-3.83292826086695,-2.667770407880411,-4.886363261459223,-0.3552243908963675,0.37794179163134345
pushup_incomplete_range_3.mp4_000,pushup,incomplete_range,20,29,179.03324026692604,171.731191377665,149.46976399965573,147.71029110386687,121.85165578151731,104.79138649417727,49.882315206342334,33.26791637257235,0.2748069763715599,-0.3639761886105646,-0.9260526701182243,2.054020446065664,1.7461410181510644,-2.3761511012279897,-4.600811488891409,-3.3262441683172526,-1.4989072642294445,-0.8586599362035656
pushup_incomplete_range_3.mp4_000,pushup,incomplete_range,21,29,179.9543259819464,171.7416754991484,150.13645037974314,150.62742130681747,122.28641595582826,107.06048950885405,49.09213297860508,29.93104072266151,0.2748319152949225,0.9210857150203537,0.010484121483415265,0.6666863800874125,2.9171302029506023,0.43476017431095215,2.269103014676773,-0.7901822277372545,-3.3368756499108407,1.2850619036309183
pushup_incomplete_range_3.mp4_000,pushup,incomplete_range,22,29,179.20587639096638,172.97399000739253,154.53172146937894,152.07638579276747,120.60728194398628,104.99753240638883,44.512756914188344,28.545245588092133,0.27441528698660606,-0.748449590980016,1.2323145082441158,4.3952710896357985,1.4489644859500004,-1.679134011841981,-2.0629571024652194,-4.579376064416735,-1.3857951345693778,-1.6695353060003697
pushup_incomplete_range_3.mp4_000,pushup,incomplete_range,23,29,179.71312895028433,174.68661817158963,155.15953342703855,152.82638317984512,119.26300574393682,102.91827832000969,42.09584269270058,28.27741039496478,0.27633850252660935,0.5072525593179478,1.712628164197099,0.6278119576596168,0.7499973870776557,-1.344276200049464,-2.0792540863791373,-2.4169142214877652,-0.26783519312735393,1.2557021502979637
pushup_incomplete_range_3.mp4_000,pushup,incomplete_range,24,29,178.37306737668504,175.2749551088729,154.52192959681884,151.7647275191469,113.19891862323514,103.24074281695783,37.068217924094384,27.23918236202166,0.27741019488504476,-1.3400615735992858,0.588336937283259,-0.6376038302197173,-1.0616556606982215,-6.0640871207016716,0.32246449694814316,-5.027624768606195,-1.0382280329431204,-1.8473141329172336
pushup_incomplete_range_3.mp4_000,pushup,incomplete_range,25,29,175.85486618875422,175.56530166004276,154.2197640884582,151.85998697489302,110.17330000357923,97.87584245802772,33.91642785427123,21.893702409974892,0.2755540741816947,-2.5182011879308277,0.2903465511698755,-0.3021655083606447,0.09525945574611683,-3.0256186196559156,-5.3649003589301145,-3.151790069823157,-5.345479952046766,-1.178139614331542
pushup_incomplete_range_3.mp4_000,pushup,incomplete_range,26,29,175.85520268114877,176.15381311872358,156.07843454925836,154.96719294066986,122.64048246968315,99.176245141908,46.476561570474395,21.73972159772408,0.27240707497031486,0.00033649239455257884,0.5885114586808129,1.8586704608001696,3.107205965776842,12.467182466103921,1.3004026838802787,12.560133716203168,-0.15398081225081128,2.5185376803253803
pushup_incomplete_range_3.mp4_000,pushup,incomplete_range,27,29,175.59883716192832,174.88238929675052,155.1878552996268,153.38664678702116,120.42088815028957,98.4526324283361,45.57654823445218,18.493930388630073,0.27184065315316625,-0.25636551922045214,-1.271423821973059,-0.8905792496315712,-1.5805461536486973,-2.219594319393579,-0.7236127135718959,-0.9000133360222122,-3.2457912090940084,-0.2567020116150047
pushup_incomplete_range_3.mp4_000,pushup,incomplete_range,28,29,175.4029058871229,173.93774266028433,154.36342141193262,152.5882602245326,141.4423374122761,101.20265520032395,65.90325209910738,23.089223819078182,0.26965928163998465,-0.1959312748054174,-0.9446466364661887,-0.8244338876941697,-0.7983865624885595,21.02144926198652,2.750022771987844,20.326703864655194,4.595293430448109,0.060434244415034755
pushup_incomplete_range_3.mp4_000,pushup,incomplete_range,29,29,174.80152377365772,171.9385134284393,153.6337078959523,150.82926484984495,153.48590502425685,100.3818606806564,74.55368494771206,29.061077495151522,0.26721122755023535,-0.6013821134651778,-1.999229231845021,-0.7297135159803076,-1.7589953746876574,12.043567611980762,-0.8207945196675439,8.65043284860468,5.971853676073341,-0.4054508386597604
pushup_incomplete_range_3.mp4_001,pushup,incomplete_range,1,6,177.4281708600962,172.75355898272636,145.70425234544965,146.22401099963363,137.00480955486657,108.46946861350798,68.48166089062416,48.04549287189553,0.27654688217684803,-0.4676056236388888,-5.190075182778855,1.1144158665940438,-2.216594961154044,-7.670374368822138,-6.369846270204221,-9.07774750376089,-4.883861116272605,-2.282215567414596
pushup_incomplete_range_3.mp4_001,pushup,incomplete_range,2,6,179.6697894572554,173.6073451362658,148.23032029222335,147.33616337219624,133.3745858239658,104.27390977252657,63.81844223994695,43.96509820187397,0.27591695147403117,2.241618597159203,0.8537861535394313,2.5260679467737077,1.1121523725626048,-3.6302237309007808,-4.19555884098142,-4.663218650677209,-4.080394670021562,2.7092242207980917
pushup_incomplete_range_3.mp4_001,pushup,incomplete_range,3,6,179.68117469017363,172.32389925645967,149.36334929515908,148.12986292738435,131.46653157055036,105.07663002936161,61.94892655603634,37.53133054846333,0.27551529030607164,0.011385232918229349,-1.2834458798061235,1.1330290029357286,0.7936995551881125,-1.908054253415429,0.8027202568350447,-1.8695156839106062,-6.433767653410641,-2.2302333642409735
pushup_incomplete_range_3.mp4_001,pushup,incomplete_range,4,6,179.74360168751306,173.58135771375166,153.02866954750323,151.70132749567645,138.76181171147772,106.69828064611582,65.89886408857807,38.866545029006936,0.27444591262191825,0.062426997339429136,1.257458457291989,3.665320252344145,3.5714645682921002,7.29528014092736,1.6216506167542093,3.9499375325417247,1.3352144805436055,0.05104176442119979
pushup_incomplete_range_3.mp4_001,pushup,incomplete_range,5,6,178.07320707236556,173.545892441771,153.6057161143957,151.2457227955507,147.8792320640757,107.03512908969198,71.88523352534777,36.53809562606133,0.275381340985315,-1.6703946151475009,-0.03546527198065519,0.5770465668924771,-0.45560470012574683,9.117420352597975,0.33684844357615873,5.9863694367697065,-2.3284494029456084,-1.73282161248693
pushup_incomplete_range_3.mp4_001,pushup,incomplete_range,6,6,177.0611859567819,174.5873452383213,152.95236097074266,151.73835844537115,152.2504298683351,98.01039669548585,76.57383211115739,44.67793507307797,0.27846125149513057,-1.01202111558365,1.0414527965502884,-0.6533551436530445,0.4926356498204427,4.3711978042593955,-9.024732394206126,4.688598585809615,8.13983944701664,0.6583734995638508
pushup_incomplete_range_3.mp4_002,pushup,incomplete_range,1,12,173.61135810332513,170.45264326217088,145.93427750433045,150.82810838938858,143.1060094743421,121.65608289739497,70.06722251238943,48.250892993979654,0.2709236610598092,2.6932624497891595,-0.24951832982651467,3.2452400825542327,0.33088483324326035,-4.110427137417844,-5.966204228268808,-4.754154150377687,-2.353413001185764,2.3988173384279605
pushup_incomplete_range_3.mp4_002,pushup,incomplete_range,2,12,174.65992242446902,170.61906706365014,147.42327078860788,151.46545385184845,144.6670023690984,116.31695718175139,69.3190010522181,46.011880385705915,0.27203336658541427,1.0485643211438855,0.1664238014792545,1.4889932842774272,0.6373454624598764,1.5609928947563105,-5.339125715643576,-0.7482214601713366,-2.2390126082737396,-1.644698128645274
pushup_incomplete_range_3.mp4_002,pushup,incomplete_range,3,12,174.67445090522253,170.8013238144296,150.42498414278376,152.6809298548246,143.54007097896704,108.33842290236389,66.79908555641086,43.51960270791614,0.27191741784566026,0.014528480753511985,0.1822567507794588,3.0017133541758767,1.2154760029761462,-1.126931390131375,-7.978534279387503,-2.51991549580724,-2.4922776777897724,-1.0340358403903736
pushup_incomplete_range_3.mp4_002,pushup,incomplete_range,4,12,175.91572539727807,172.46871875291822,153.68686039644408,154.71880900630842,146.03599435866442,105.23333911551974,66.73510589139798,41.42182986969167,0.2723814803122268,1.2412744920555383,1.667394938488627,3.2618762536603185,2.0378791514838213,2.4959233796973876,-3.1050837868441477,-0.0639796650128801,-2.097772838224472,1.2267460113020263
pushup_incomplete_range_3.mp4_002,pushup,incomplete_range,5,12,174.01517336943223,173.6207972093734,155.1275311710053,156.61259816737194,146.3649897820405,99.23239000333557,63.46979182802498,37.54091526739376,0.2721444869231737,-1.9005520278458334,1.1520784564551718,1.4406707745612266,1.8937891610635234,0.3289954233760852,-6.000949112184173,-3.2653140633729976,-3.8809146022979135,-3.1418265199013717
pushup_incomplete_range_3.mp4_002,pushup,incomplete_range,6,12,172.994793098909,172.74075403691756,156.41150099580827,155.4246485804789,137.78891544491904,94.18126870003773,54.48028545272181,31.3546663176771,0.2730864213905016,-1.0203802705232192,-0.880043172455828,1.2839698248029663,-1.1879495868930405,-8.576074337121469,-5.051121303297833,-8.989506375303172,-6.186248949716656,0.8801717573226142
pushup_incomplete_range_3.mp4_002,pushup,incomplete_range,7,12,173.9453083218276,172.89797887088153,157.87041885217718,156.66068563859088,134.73653793604416,91.24718558723144,51.7291605883337,29.071495766582494,0.27427071771035233,0.9505152229185967,0.1572248339639657,1.4589178563689131,1.2360370581119753,-3.0523775088748835,-2.9340831128062916,-2.7511248643881103,-2.2831705510946065,1.970895493441816
pushup_incomplete_range_3.mp4_002,pushup,incomplete_range,8,12,174.59017972653416,171.815633174677,157.50046837426498,156.27417835892007,128.7389603040077,92.65354976427969,48.701064363149925,29.551528005135594,0.2735188021802023,0.6448714047065494,-1.082345696204527,-0.36995047791219804,-0.3865072796708091,-5.997577632036467,1.4063641770482462,-3.0280962251837735,0.4800322385531004,-0.30564381821204734
pushup_incomplete_range_3.mp4_002,pushup,incomplete_range,9,12,175.0405407663771,170.8164635027284,156.95546198846512,154.71971200411517,122.00191101612775,91.18297679792744,44.791953661471865,29.63781389613664,0.2705405899111379,0.45036103984293163,-0.9991696719486072,-0.5450063857998657,-1.5544663548049016,-6.737049287879941,-1.4705729663522504,-3.9091107016780597,0.08628589100104733,-0.19451036486361772
pushup_incomplete_range_3.mp4_002,pushup,incomplete_range,10,12,174.81560480120763,169.84894605997388,156.41846084173775,154.70867477870647,118.54827616137133,93.52674537890283,42.53526545737141,32.98432483159261,0.27085051034003027,-0.22493596516946468,-0.967517442754513,-0.5370011467273628,-0.011037225408699669,-3.453634854756416,2.343768580975393,-2.256688204100456,3.3465109354559672,-0.6752970050123963
pushup_incomplete_range_3.mp4_002,pushup,incomplete_range,11,12,174.9313707943424,170.0239792103917,156.16067457535274,153.09866692390764,140.62403356390405,95.66722939830653,63.59191883319362,40.00219539360194,0.2716216289539234,0.11576599313477232,0.17503315041781775,-0.25778626638501123,-1.6100078547988232,22.075757402532716,2.1404840194037007,21.056653375822208,7.017870562009328,0.340701958304237
pushup_incomplete_range_3.mp4_002,pushup,incomplete_range,12,12,175.3273710288132,170.0818822149706,156.62290729577376,152.95946244754018,147.25715455239623,99.1672281682787,70.87786809853947,41.836491624025186,0.2718427373450587,0.39600023447079025,0.05790300457888975,0.4622327204210137,-0.13920447636746758,6.6331209884921805,3.4999987699721657,7.285949265345849,1.8342962304232486,0.28023424133601793
pushup_incomplete_range_3.mp4_003,pushup,incomplete_range,1,8,174.67649927708882,168.08067499734736,156.08615011844117,152.69029126198552,135.01150064147527,113.75080944814918,75.10460786554171,58.446893885960755,0.27023899378675087,0.08946415010390751,0.40558632233864955,0.16047237065933473,0.19962342569954217,-9.002528515524205,-1.814089542377701,0.5137454391358034,2.4429992446720874,-0.37529108635740727
pushup_incomplete_range_3.mp4_003,pushup,incomplete_range,2,8,173.5126683960031,167.61421128192478,155.41829731781445,152.81182983528763,129.46518004063617,110.82739576906427,74.77727991109158,60.803890876974336,0.2692589677361918,-1.1638308810857154,-0.46646371542257725,-0.6678528006267186,0.12153857330210371,-5.5463206008390955,-2.9234136790849163,-0.3273279544501264,2.356996991013581,-1.253295031189623
pushup_incomplete_range_3.mp4_003,pushup,incomplete_range,3,8,173.26910936373062,167.56233425415562,155.17748915287757,152.98285511701351,129.53249275114786,110.29905139560073,74.29583706612549,58.975837981979204,0.2686587649742538,-0.24355903227248632,-0.05187702776916581,-0.24080816493687962,0.17102528172588904,0.06731271051168619,-0.5283443734635398,-0.4814428449660966,-1.8280528949951318,0.9202718488132291
pushup_incomplete_range_3.mp4_003,pushup,incomplete_range,4,8,172.95904353118172,167.41996172578345,155.99955001717686,153.33001243613208,128.52568578805887,105.1547167592164,74.8583723710648,58.9199761344107,0.2657962095139618,-0.31006583254890074,-0.14237252837216374,0.8220608642992886,0.3471573191185655,-1.0068069630889909,-5.144334636384329,0.5625353049393169,-0.05586184756850088,-0.06650680027641442
pushup_incomplete_range_3.mp4_003,pushup,incomplete_range,5,8,172.50378153376693,167.5551712730443,157.19693181572245,156.36524583728482,134.09661710260363,111.4790378437397,64.37864588939537,51.33703346899279,0.2616845187244929,-0.45526199741479445,0.13520954726084256,1.1973817985455923,3.0352334011527375,5.570931314544765,6.324321084523305,-10.47972648166943,-7.58294266541791,-0.1451961648658937
pushup_incomplete_range_3.mp4_003,pushup,incomplete_range,6,8,170.62282810865847,167.28883988474283,157.37126088945345,156.94135439591426,133.46593947209172,112.78511243744356,57.88514457131912,48.3855752832958,0.2594132142304762,-1.8809534251084585,-0.26633138830146663,0.17432907373100193,0.5761085586294428,-0.6306776305119115,1.3060745937038547,-6.493501318076255,-2.9514581856969926,-1.425691427693664
pushup_incomplete_range_3.mp4_003,pushup,incomplete_range,7,8,170.77954901030796,166.31189766490877,157.0918672812274,157.15407975445285,139.58651620005355,119.01940779122079,61.09451548403872,51.73617008429537,0.26023358647699346,0.15672090164949282,-0.9769422198340578,-0.27939360822605863,0.21272535853859154,6.120576727961833,6.234295353777227,3.2093709127196064,3.3505948009995663,2.0376743267579513
pushup_incomplete_range_3.mp4_003,pushup,incomplete_range,8,8,171.82311331041015,165.27481165506552,157.11355774498108,155.54502641077366,145.1896982537614,120.93624825568483,67.44835511134745,55.96647145992071,0.26094970393562794,1.0435643001021901,-1.0370860098432502,0.021690463753685663,-1.609053343679193,5.6031820537078545,1.9168404644640447,6.35383962730873,4.230301375625345,0.8868433984526973
pushup_incomplete_range_3.mp4_004,pushup,incomplete_range,1,24,176.03824636843996,170.57354394115237,151.17809694000377,157.05793381627217,142.42639913390053,126.61526204552216,71.83163653812814,47.85137956249416,0.268941428326048,2.3444982008469424,2.717085120123784,6.033322197848008,2.6821874551277745,-1.977462479271452,-5.168464323069813,-4.915549228335593,-3.870637447695451,1.251588210365668
pushup_incomplete_range_3.mp4_004,pushup,incomplete_range,2,24,174.23242246468294,172.21304694456356,155.1258292803912,158.86582098105325,140.7436232689414,113.2745461259658,65.57280438731878,42.97115365147185,0.27050735231534967,-1.805823903757016,1.6395030034111926,3.9477323403874323,1.8078871647810786,-1.682775864959126,-13.34071591955636,-6.258832150809354,-4.880225911022308,-4.1503221046039585
pushup_incomplete_range_3.mp4_004,pushup,incomplete_range,3,24,173.1754457601897,170.25510418166755,156.81144394958858,161.121729550708,133.0377948530746,105.69162342066366,55.939652731288625,37.80939472878181,0.27087304029284737,-1.0569767044932519,-1.9579427628960104,1.6856146691973777,2.255908569654764,-7.705828415866819,-7.582922705302138,-9.633151656030158,-5.161758922690041,0.7488471992637642
pushup_incomplete_range_3.mp4_004,pushup,incomplete_range,4,24,173.6753694625847,167.8161774453865,160.40330153129037,161.6655927098556,124.631429908919,98.19646885273995,45.906534457354645,33.772415817744665,0.27058618434638537,0.49992370239502293,-2.438926736281047,3.591857581701788,0.5438631591475769,-8.406364944155584,-7.495154567923706,-10.03311827393398,-4.036978911037146,1.5569004068882748
pushup_incomplete_range_3.mp4_004,pushup,incomplete_range,5,24,170.19117177398275,164.214344375579,158.85802394033658,156.92465197432077,126.93629525936242,98.9105429275575,46.57344576548429,29.74227733963069,0.27030863201182176,-3.4841976886019665,-3.6018330698074976,-1.5452775909537877,-4.740940735534821,2.3048653504434213,0.714074074817546,0.6669113081296416,-4.030138478113976,-3.9841213909969895
pushup_incomplete_range_3.mp4_004,pushup,incomplete_range,6,24,170.74901377005486,164.84713889191744,157.56505873462015,154.3995207591095,128.05082253789953,89.97579933605826,50.248269054958264,36.196484558122535,0.27094691346416394,0.5578419960721135,0.6327945163384356,-1.2929652057164276,-2.5251312152112746,1.1145272785371105,-8.934743591499242,3.674823289473977,6.454207218491845,4.04203968467408
pushup_incomplete_range_3.mp4_004,pushup,incomplete_range,7,24,171.2815313241858,166.12601865840836,156.8101673521954,153.87728234172192,128.78716330746175,86.08490095796375,52.05318904364873,35.35954438644214,0.26939131041449477,0.5325175541309477,1.2788797664909168,-0.754891382424745,-0.5222384173875696,0.7363407695622186,-3.890898378094505,1.8049199886904645,-0.8369401716803964,-0.025324441941165787
pushup_incomplete_range_3.mp4_004,pushup,incomplete_range,8,24,171.59227331968503,166.9448929575206,156.9397217309443,155.7301404942086,128.04299347704296,83.72776896153597,52.73731581552553,34.94063336359063,0.2687318216789516,0.3107419954992281,0.8188742991122524,0.12955437874890663,1.8528581524866752,-0.744169830418798,-2.357131996427782,0.684126771876798,-0.4189110228515105,-0.2217755586317196
pushup_incomplete_range_3.mp4_004,pushup,incomplete_range,9,24,170.1557814418991,165.66457168247226,157.22031371557188,156.3412055623974,131.90053339402604,81.18335167634282,58.041430210605434,34.32681073815144,0.2674453870318848,-1.436491877785926,-1.280321275048351,0.28059198462756285,0.6110650681887932,3.857539916983086,-2.5444172851931484,5.304114395079907,-0.613822625439191,-1.747233873285154
pushup_incomplete_range_3.mp4_004,pushup,incomplete_range,10,24,171.3361752954965,165.20864476769705,158.06541849126265,156.3544616656882,136.17286973812963,78.72760494377073,65.60802989962326,40.216479340972036,0.2667679150482484,1.1803938535973941,-0.45592691477520475,0.8451047756907712,0.01325610329081428,4.272336344103593,-2.455746732572095,7.566599689017828,5.889668602820599,2.61688573138332
pushup_incomplete_range_3.mp4_004,pushup,incomplete_range,11,24,171.37939371868046,164.07229092865344,159.02855179219128,155.79174833680182,136.68679047239235,90.2138498266281,64.49120477445766,35.871203735211836,0.26523683660000674,0.04321842318395852,-1.1363538390436076,0.9631333009286323,-0.5627133288863888,0.5139207342627117,11.486244882857378,-1.1168251251656045,-4.3452756057602,-1.1371754304134356
pushup_incomplete_range_3.mp4_004,pushup,incomplete_range,12,24,171.3537885207343,165.39354598003092,159.28602159828006,156.3495481476404,138.46364465387333,94.69272767562776,63.461763089701854,32.70250101390014,0.2654499706581438,-0.025605197946163116,1.3212550513774772,0.25746980608877834,0.5577998108385884,1.776854181480985,4.478877848999659,-1.0294416847558026,-3.1687027213116963,-0.06882362113012164
pushup_incomplete_range_3.mp4_004,pushup,incomplete_range,13,24,171.67870972920264,166.54913109152423,159.69980825748678,158.60831007447072,140.74492812716744,110.49029732811334,66.98279942043148,48.11597594282713,0.26541017153235175,0.3249212084683393,1.1555851114933091,0.4137866592067212,2.258761926830317,2.28128347329411,15.797569652485578,3.521036330729622,15.413474928926988,0.3505264064145024
pushup_incomplete_range_3.mp4_004,pushup,incomplete_range,14,24,171.81233805998454,166.35821198838468,159.27842619483243,159.21501358730652,140.55059335267424,101.2713445441677,69.51070446821036,51.67170247685642,0.2652363181979671,0.13362833078190306,-0.1909191031395494,-0.4213820626543452,0.6067035128357929,-0.1943347744931998,-9.218952783945639,2.527905047778887,3.55572653402929,-0.1912928776864362
pushup_incomplete_range_3.mp4_004,pushup,incomplete_range,15,24,172.79446640227877,167.4336793848773,160.52310508934062,160.22009902276307,140.19121092700766,114.68068992373259,68.02672359423347,51.24903029570399,0.26481483136862516,0.9821283422942315,1.075467396492627,1.2446788945081835,1.0050854354565502,-0.3593824256665812,13.409345379564883,-1.4839808739768898,-0.42267218115242855,0.8485000115123285
pushup_incomplete_range_3.mp4_004,pushup,incomplete_range,16,24,172.22836888188522,166.87846876693536,159.57980945611166,159.55208217531273,140.34268312925528,112.45175164068647,71.54824808500813,53.4783178579269,0.26448693037860893,-0.566097520393555,-0.5552106179419525,-0.9432956332289564,-0.6680168474503319,0.15147220224761782,-2.2289382830461193,3.5215244907746523,2.2292875622229147,-1.5482258626877865
pushup_incomplete_range_3.mp4_004,pushup,incomplete_range,17,24,172.20390189560723,166.7322853879461,159.22931327864603,159.0417481108272,138.41915034762465,111.0835645115647,72.86696983750238,55.36233692762964,0.2642471031142365,-0.024466986277985825,-0.1461833789892637,-0.35049617746562944,-0.5103340644855336,-1.9235327816306267,-1.3681871291217647,1.3187217524942554,1.8840190697027381,0.5416305341155692
pushup_incomplete_range_3.mp4_004,pushup,incomplete_range,18,24,171.9666376699464,166.5599353089299,158.73122095025158,157.81169208287344,133.16560309860242,107.60534840496967,73.67677069234848,56.349256067947145,0.26631049680168095,-0.23726422566082306,-0.1723500790161836,-0.49809232839444917,-1.230056027953765,-5.253547249022233,-3.4782161065950277,0.8098008548461024,0.9869191403175037,-0.21279723938283723
pushup_incomplete_range_3.mp4_004,pushup,incomplete_range,19,24,172.0861428818107,166.77781103764318,158.9592111421681,157.91620868661815,132.31224133080985,104.7700502220328,72.3879578686909,52.90514633646788,0.2656014895999532,0.11950521186429341,0.21787572871326688,0.22799019191651837,0.10451660374471317,-0.8533617677925633,-2.8352981829368815,-1.2888128236575795,-3.4441097314792657,0.3567694375251165
pushup_incomplete_range_3.mp4_004,pushup,incomplete_range,20,24,170.65847618990816,166.01343197444578,157.5449134478716,158.72877196737144,134.113058378451,100.1863457669265,73.1934432849638,51.766542718133046,0.26081678491033766,-1.4276666919025445,-0.7643790631973957,-1.4142976942964935,0.8125632807532952,1.8008170476411465,-4.5837044551063,0.8054854162729015,-1.1386036183348338,-1.5471719037668379
pushup_incomplete_range_3.mp4_004,pushup,incomplete_range,21,24,169.66540057341564,166.27431320949933,157.76384483269663,159.28350474185004,136.88363587085857,102.97425697562171,69.43574231345153,51.40973452177523,0.25863282095081375,-0.9930756164925185,0.2608812350535459,0.2189313848250265,0.5547327744785946,2.7705774924075683,2.7879112086952205,-3.7577009715122784,-0.356808196357818,0.43459107541002595
pushup_incomplete_range_3.mp4_004,pushup,incomplete_range,22,24,168.01341848397556,166.5087607353161,157.4779620796257,159.7241159695484,139.4759628424553,104.73876370079414,65.26787235503758,51.47905281050804,0.25676738960818124,-1.6519820894400823,0.23444752581676198,-0.28588275307092204,0.4406112276983549,2.5923269715967194,1.7645067251724242,-4.167869958413945,0.06931828873280921,-0.6589064729475638
pushup_incomplete_range_3.mp4_004,pushup,incomplete_range,23,24,168.66233219268628,165.2194794135045,157.91673229449933,161.3421391532071,140.67514918416566,112.76411122901432,66.79832100862828,54.75675770450269,0.25773263364658594,0.6489137087107224,-1.2892813218115862,0.4387702148736139,1.618023183658721,1.199186341710373,8.02534752822018,1.530448653590696,3.2777048939946525,2.3008957981508047
pushup_incomplete_range_3.mp4_004,pushup,incomplete_range,24,24,170.87032347574842,164.31853512744897,158.36979669780862,160.54549295044245,144.88924575266674,119.73752106747183,68.89973846698456,55.568774425175334,0.26072444368915293,2.2079912830621424,-0.9009442860555339,0.4530644033092983,-0.7966462027646628,4.214096568501077,6.973409838457513,2.1014174583562806,0.812016720672645,1.55907757435142
pushup_incomplete_range_4 copy.mp4_000,pushup,incomplete_range,1,23,157.48761529389566,156.431846442448,153.31164451529654,155.36561485600296,138.24623417442226,128.82698936797897,55.67095375042381,38.50942028004318,0.2602729499966168,-0.16264753520007957,-1.157829372871845,-1.447348598883167,-0.5059577559725312,-1.9081029745268268,-3.2638546739025855,-0.4417738811566849,-1.0348315613704457,0.3929477190142734
pushup_incomplete_range_4 copy.mp4_000,pushup,incomplete_range,2,23,157.6842391286122,156.87913956644934,153.42179591883962,155.15250645012858,136.5884306390185,126.0155829752485,53.76130370937754,36.891905213407426,0.2602439811647116,0.1966238347165472,0.4472931240013338,0.11015140354308528,-0.21310840587437951,-1.6578035354037581,-2.8114063927304613,-1.9096500410462696,-1.6175150666357538,0.3592713699166268
pushup_incomplete_range_4 copy.mp4_000,pushup,incomplete_range,3,23,157.1425833320901,156.73239195540265,153.04985733791852,153.94532465425166,133.0904836174204,119.94106674491418,50.35656507086718,33.706411796614034,0.2615810547378145,-0.5416557965220932,-0.14674761104669187,-0.3719385809210962,-1.2071817958769202,-3.497947021598094,-6.074516230334325,-3.4047386385103664,-3.185493416793392,-0.7382796312386404
pushup_incomplete_range_4 copy.mp4_000,pushup,incomplete_range,4,23,156.79382545522486,157.3822342936244,151.93424625862158,153.24623119553783,131.0817189098797,115.59559394665656,49.49421189046511,31.089979495438616,0.26331752942199577,-0.3487578768652497,0.6498423382217595,-1.11561107929694,-0.6990934587138327,-2.0087647075407062,-4.345472798257617,-0.8623531804020672,-2.6164323011754185,0.19289791965684344
pushup_incomplete_range_4 copy.mp4_000,pushup,incomplete_range,5,23,157.60863350445828,158.40941674323955,152.61640000140213,152.98532126160248,125.9498479330589,111.24593815324293,44.91484500801188,28.61362958444549,0.26353581640349927,0.8148080492334202,1.0271824496151396,0.6821537427805424,-0.260909933935352,-5.131870976820792,-4.349655793413632,-4.579366882453229,-2.4763499109931253,1.16356592609867
pushup_incomplete_range_4 copy.mp4_000,pushup,incomplete_range,6,23,157.99422246009246,158.33077630313713,152.43165625946992,153.38137184618242,124.25352789148788,113.85466186935403,43.346089066261115,25.717213530066076,0.2625182223287672,0.3855889556341765,-0.07864044010241855,-0.1847437419322091,0.3960505845799389,-1.6963200415710276,2.6087237161111005,-1.5687559417507657,-2.896416054379415,-0.4292190935992437
pushup_incomplete_range_4 copy.mp4_000,pushup,incomplete_range,7,23,159.00613453640793,158.01176124349027,153.42614804429138,153.38456749537602,121.08256408571458,112.98789961717219,41.158810918086566,25.07877425006444,0.2626391562627458,1.0119120763154683,-0.3190150596468584,0.9944917848214629,0.0031956491936000475,-3.1709638057732974,-0.866762252181843,-2.187278148174549,-0.6384392800016343,0.6263231206812918
pushup_incomplete_range_4 copy.mp4_000,pushup,incomplete_range,8,23,159.29596520012976,158.94144547729218,153.00143926666175,154.41038885340214,124.04751841266786,111.78609824383138,45.2802411257136,27.297685934560672,0.2641462155458794,0.28983066372182975,0.9296842338019076,-0.42470877762963255,1.0258213580261213,2.9649543269532757,-1.201801373340814,4.121430207627036,2.2189116844962307,-0.7220814125936386
pushup_incomplete_range_4 copy.mp4_000,pushup,incomplete_range,9,23,158.8759904456835,158.8419895849795,152.98092482247128,155.43978258090937,121.85099174094658,111.63705263955966,43.042851860356485,23.574294375320108,0.26294694735671115,-0.4199747544462582,-0.09945589231267604,-0.020514444190467884,1.0293937275072267,-2.196526671721273,-0.14904560427171987,-2.237389265357116,-3.7233915592405644,-0.709805418168088
pushup_incomplete_range_4 copy.mp4_000,pushup,incomplete_range,10,23,159.91570659520548,160.49100212549698,155.05531750080118,156.98813669379103,122.34737823529511,109.87919194519728,42.251856352832704,20.935756914646905,0.2624428177085854,1.039716149521979,1.6490125405174751,2.0743926783299003,1.5483541128816682,0.49638649434852766,-1.7578606943623782,-0.7909955075237818,-2.638537460673202,1.4596909039682373
pushup_incomplete_range_4 copy.mp4_000,pushup,incomplete_range,11,23,159.31164997824007,158.4357236004089,154.4483780138241,154.45256748564987,120.16211910017995,105.63749957612762,40.146067945150854,18.449035114685604,0.26240013513460725,-0.6040566169654085,-2.0552785250880845,-0.606939486977069,-2.535569208141169,-2.1852591351151602,-4.2416923690696535,-2.1057884076818496,-2.486721799961302,-1.6437727664873876
pushup_incomplete_range_4 copy.mp4_000,pushup,incomplete_range,12,23,159.11131062755237,158.23556161291242,154.68427768291417,155.19469577550714,119.43333628479994,105.38742626569974,39.72891245394148,20.566482370531254,0.2628305723387181,-0.20033935068769892,-0.20016198749647174,0.23589966909005966,0.742128289857277,-0.7287828153800149,-0.2500733104278794,-0.4171554912093711,2.1174472558456507,0.40371726627770954
pushup_incomplete_range_4 copy.mp4_000,pushup,incomplete_range,13,23,159.15486333337677,158.31559191652715,154.7653912498528,153.81320251648165,126.57609094350504,117.09445166588259,46.03627823690394,34.06670716123226,0.26389217020386924,0.0435527058243963,0.08003030361473407,0.08111356693862604,-1.3814932590254898,7.142754658705101,11.707025400182843,6.3073657829624565,13.500224790701004,0.24389205651209522
pushup_incomplete_range_4 copy.mp4_000,pushup,incomplete_range,14,23,159.18864369561817,157.754456584691,154.53515957155054,154.8516043255328,120.97593293830057,116.18491851711667,39.12508459592798,33.41585417775988,0.264513481577007,0.03378036224140146,-0.561135331836141,-0.23023167830226043,1.0384018090511518,-5.600158005204463,-0.9095331487659166,-6.911193640975959,-0.650852983472376,-0.009772343582994836
pushup_incomplete_range_4 copy.mp4_000,pushup,incomplete_range,15,23,158.98460938742406,157.24662875127584,153.99711997276657,154.72699062155385,118.82848962119418,115.79334207209946,37.18486382291775,33.792886518708656,0.26393030848866816,-0.20403430819411028,-0.5078278334151776,-0.5380395987839677,-0.12461370397895166,-2.1474433171063936,-0.3915764450172077,-1.9402207730102319,0.377032340948773,-0.23781467043551174
pushup_incomplete_range_4 copy.mp4_000,pushup,incomplete_range,16,23,158.6373206251386,157.12813210086563,153.80275216567696,155.1228850243058,119.43048334748075,113.77113780010579,37.63897155616998,31.636034399821483,0.26402360043694695,-0.34728876228544436,-0.11849665041020785,-0.19436780708960555,0.3958944027519351,0.6019937262865653,-2.0222042719936724,0.4541077332522292,-2.1568521188871728,-0.14325445409133408
pushup_incomplete_range_4 copy.mp4_000,pushup,incomplete_range,17,23,158.46789580360726,157.14527368492884,153.90111789604896,155.24109007394986,134.45063230316273,115.60636154651249,50.05368262147994,34.39939390633105,0.2637301963429026,-0.16942482153135074,0.017141584063210757,0.09836573037199514,0.11820504964407519,15.02014895568199,1.8352237464066974,12.414711065309966,2.763359506509566,0.17786394075409362
pushup_incomplete_range_4 copy.mp4_000,pushup,incomplete_range,18,23,158.3116717340799,158.91703905525023,154.5094174986384,156.95205312137745,129.1903039662942,111.94101295048013,47.875679891518274,33.73807203180673,0.26248914452357947,-0.15622406952735446,1.7717653703213898,0.6082996025894545,1.7109630474275832,-5.260328336868525,-3.6653485960323593,-2.178002729961669,-0.6613218745243188,0.013200752003996286
pushup_incomplete_range_4 copy.mp4_000,pushup,incomplete_range,19,23,158.17660272372453,159.42091427520592,155.7079870059616,157.78123339228932,127.1439931603832,110.97487038473338,44.73959646109554,33.37120300238558,0.2615994334476924,-0.13506901035538021,0.5038752199556882,1.1985695073231852,0.829180270911877,-2.0463108059110056,-0.9661425657467504,-3.1360834304227367,-0.36686902942115296,0.021155059171974244
pushup_incomplete_range_4 copy.mp4_000,pushup,incomplete_range,20,23,158.4177062922856,160.00313149718485,157.92302477540682,159.95682623394822,130.33654546056403,116.30000931275896,45.20075366277517,35.853764817720865,0.26116793057054016,0.24110356856107273,0.5822172219789365,2.2150377694452175,2.175592841658897,3.1925523001808216,5.325138928025581,0.46115720167963303,2.4825618153352877,0.37617257891645295
pushup_incomplete_range_4 copy.mp4_000,pushup,incomplete_range,21,23,159.20639987951336,159.379207137115,159.16516421702815,159.368335357356,133.20803564843982,116.92627623771857,46.97139476813398,36.52525300467176,0.2602454363851193,0.7886935872277547,-0.6239243600698501,1.2421394416213332,-0.5884908765922319,2.871490187875793,0.6262669249596087,1.7706411053588127,0.6714881869508957,0.547590018666682
pushup_incomplete_range_4 copy.mp4_000,pushup,incomplete_range,22,23,160.91463363332767,159.44397849699948,159.88896905079025,160.075664326531,137.20287697240494,119.56052373029968,50.081423887394735,37.73958988807173,0.25960112843687255,1.7082337538143122,0.06477135988447458,0.7238048337621024,0.7073289691750233,3.994841323965119,2.6342474925811104,3.1100291192607514,1.214336883399966,0.9195401665865575
pushup_incomplete_range_4 copy.mp4_000,pushup,incomplete_range,23,23,162.29640877040154,160.26149390069696,160.89529650367015,160.60924259493717,139.74655082412528,116.50103549515633,51.795667851386504,38.52809448277347,0.2599055273318816,1.3817751370738733,0.8175154036974845,1.0063274528799013,0.5335782684061599,2.5436738517203423,-3.0594882351433483,1.7142439639917697,0.7885045947017417,-0.32645861674043886
pushup_incomplete_range_4 copy.mp4_001,pushup,incomplete_range,1,11,160.1309837771186,159.83987863170938,155.95435470094588,154.82165873433104,134.24518788121804,124.47612985223302,54.97292129748941,41.400846026451774,0.26720947473128687,-0.05604609018990914,0.9191496744635685,0.25281802492321503,0.9324106816187339,-8.613402573004123,-0.7932407240810164,-9.161483151563758,-0.17970250011423872,1.077010800207745
pushup_incomplete_range_4 copy.mp4_001,pushup,incomplete_range,2,11,160.65730295460477,160.23532089620116,157.0150874341886,156.71081322579383,129.6755342251542,122.35192720796871,49.88500828941141,39.29299262987662,0.26673875681223896,0.5263191774861866,0.395442264491777,1.060732733242702,1.88915449146279,-4.569653656063849,-2.124202644264301,-5.087913008077997,-2.107853396575152,0.5823652676760958
pushup_incomplete_range_4 copy.mp4_001,pushup,incomplete_range,3,11,160.8755452581079,159.73430907784004,157.29612391075946,157.80047524081962,127.50997589233519,117.67545604663009,47.312157164269294,37.49939731848002,0.26604211057388016,0.218242303503132,-0.5010118183611212,0.2810364765708755,1.0896620150257945,-2.1655583328190033,-4.676471161338625,-2.5728511251421153,-1.7935953113966008,-0.3080768739830546
pushup_incomplete_range_4 copy.mp4_001,pushup,incomplete_range,4,11,160.91322187155046,159.8065700238545,157.97497654082784,157.67203180410078,127.35908195226003,115.80594898561182,46.98116387923681,36.02509638695743,0.2650653371140877,0.03767661344255657,0.07226094601446675,0.678852630068377,-0.12844343671883962,-0.15089394007516432,-1.8695070610182682,-0.33099328503248415,-1.474300931522592,-0.18056569006057543
pushup_incomplete_range_4 copy.mp4_001,pushup,incomplete_range,5,11,161.1388346597649,161.5449263659171,158.19523955141588,159.2157777464516,126.68368586672135,111.79090534601,46.362911316644684,36.03264372473512,0.26420208742399753,0.2256127882144483,1.7383563420625876,0.22026301058804165,1.5437459423508244,-0.6753960855386794,-4.015043639601814,-0.6182525625921258,0.007547337777687346,0.18793617477189173
pushup_incomplete_range_4 copy.mp4_001,pushup,incomplete_range,6,11,162.91026159680024,162.65765489551723,159.12749010955557,158.66857219024897,127.14528824533211,112.33746018124965,46.69393256302767,36.993231638413036,0.2627931232256805,1.7714269370353293,1.1127285296001332,0.9322505581396854,-0.5472055562026412,0.46160237861076325,0.5465548352396468,0.33102124638298847,0.9605879136779194,1.545814148820881
pushup_incomplete_range_4 copy.mp4_001,pushup,incomplete_range,7,11,162.73342745018812,163.35507437830975,159.08612528648206,159.80323767937065,137.7020478972978,115.54630588859953,56.100061509129745,43.82134531637973,0.260981641453524,-0.17683414661212282,0.697419482792526,-0.04136482307350775,1.1346654891216872,10.556759651965692,3.20884570734988,9.406128946102072,6.828113677966691,-1.948261083647452
pushup_incomplete_range_4 copy.mp4_001,pushup,incomplete_range,8,11,161.8771634779907,162.28321165498267,158.84648495762258,159.2699987410861,136.40727613805748,116.7397880072928,54.82717446031923,43.91533332026575,0.2607870086496221,-0.8562639721974108,-1.0718627233270865,-0.23964032885947972,-0.5332389382845406,-1.2947717592403194,1.193482118693268,-1.2728870488105173,0.09398800388602524,-0.679429825585288
pushup_incomplete_range_4 copy.mp4_001,pushup,incomplete_range,9,11,161.75898234081455,163.17236544278896,159.6381066865939,160.0884324865952,126.23034754278413,113.42002539491298,43.25442152117083,42.07061162858362,0.25879047503002783,-0.1181811371761512,0.8891537878062934,0.7916217289713074,0.8184337455090827,-10.176928595273353,-3.3197626123798187,-11.572752939148394,-1.8447216916821318,0.7380828350212596
pushup_incomplete_range_4 copy.mp4_001,pushup,incomplete_range,10,11,161.03763411195476,162.1265773529046,159.78207288120865,161.20474140251827,138.29587394510722,114.93773714505308,52.79622201004503,42.847467057560884,0.257110161951162,-0.7213482288597959,-1.0457880898843541,0.14396619461476234,1.1163089159230708,12.065526402323087,1.5177117501400943,9.541800488874195,0.7768554289772638,-0.6031670916836447
pushup_incomplete_range_4 copy.mp4_001,pushup,incomplete_range,11,11,160.52652147835775,162.4932054970996,159.37849116730135,162.17811225806696,143.4496374348306,117.41128204273322,56.4793897040253,45.469389555890025,0.25568493094284833,-0.5111126335970084,0.3666281441950048,-0.40358171390730035,0.9733708555486942,5.153763489723389,2.473544897680142,3.6831676939802733,2.621922498329141,0.21023559526278746
pushup_incomplete_range_4 copy.mp4_002,pushup,incomplete_range,1,6,155.64255742713283,162.02900708171754,159.0342992957534,160.3544925470007,136.5579384620872,119.99968177298591,49.08869286167649,53.6915103542957,0.25051544669337844,0.171749402798838,0.1840610662241886,0.7621426771974313,0.1189646652858869,-20.31878572921542,-0.803317938264783,-17.00074439799478,-0.3735797537840284,1.1546759908916613
pushup_incomplete_range_4 copy.mp4_002,pushup,incomplete_range,2,6,155.61678075257728,162.19731099909635,159.19953356973198,163.99383430801342,128.41390282664145,121.22601102082481,42.03288998353173,46.76540563553931,0.25137811477414057,-0.025776674555544332,0.16830391737880745,0.1652342739785695,3.63934176101273,-8.14403563544576,1.2263292478389047,-7.05580287814476,-6.926104718756392,-0.19752607735438232
pushup_incomplete_range_4 copy.mp4_002,pushup,incomplete_range,3,6,155.5173344826566,163.51559895698918,159.75232273922356,164.89060776096466,131.8527688754136,118.67976385229069,45.13744371215269,37.82751015912314,0.25176570486357086,-0.09944626992069061,1.318287957892835,0.5527891694915752,0.896773452951237,3.438866048772155,-2.546247168534123,3.1045537286209566,-8.937895476416166,-0.07366959536514628
pushup_incomplete_range_4 copy.mp4_002,pushup,incomplete_range,4,6,155.30693507660467,163.13209061641953,160.47084228730662,163.04868231210546,137.44280892857282,119.3708173665434,49.744207458607306,40.37744827037125,0.25369269284011614,-0.21039940605191987,-0.383508340569648,0.7185195480830657,-1.8419254488592003,5.590040053159214,0.6910535142527152,4.606763746454618,2.549938111248103,-0.11095313613122926
pushup_incomplete_range_4 copy.mp4_002,pushup,incomplete_range,5,6,155.7491760008369,162.82138450642,160.36238103245384,163.0618756071414,145.52659991771213,120.65735828692199,58.89549742762594,41.103171334465834,0.25466727513039134,0.4422409242322374,-0.3107061099995292,-0.10846125485278435,0.013193295035932806,8.083790989139317,1.2865409203785845,9.151289969018634,0.7257230640945878,0.6526403302841572
pushup_incomplete_range_4 copy.mp4_002,pushup,incomplete_range,6,6,157.84119411153648,162.67420818318575,161.6381859991288,161.5889416669289,149.13386012995034,135.48188608031347,62.50587941466734,50.69509608479637,0.25735375603728755,2.09201811069957,-0.14717632323424823,1.2758049666749685,-1.4729339402124992,3.6072602122382023,14.824527793391482,3.6103819870414,9.591924750330534,1.6497771864673325
pushup_incomplete_range_4 copy.mp4_003,pushup,incomplete_range,1,9,163.18720516158223,164.7420252288588,155.7822909323076,159.07056635966168,135.4007076295202,124.08331669311184,57.67320597146061,45.84236465133922,0.2619277349348112,-1.1600118266839274,0.06174730774125692,-0.4971459410836587,0.3781241143832972,-5.008074363745408,-3.522654527242082,-4.696084280216255,-1.2572705207435462,-0.5114580033511231
pushup_incomplete_range_4 copy.mp4_003,pushup,incomplete_range,2,9,164.95967591950813,165.96073827032447,157.6215640785785,160.4520229883279,131.3801442520807,123.66854313316558,53.4920315589421,44.46972452753367,0.26071932093625305,1.7724707579259018,1.2187130414656622,1.839273146270898,1.3814566286662284,-4.020563377439515,-0.414773559946255,-4.181174412518509,-1.372640123805546,2.9324825846098292
pushup_incomplete_range_4 copy.mp4_003,pushup,incomplete_range,3,9,165.95777131877077,167.39637021247833,159.56092520989174,162.3868595418984,124.82944890619054,113.8862661605146,45.76702946638076,37.78464488257949,0.25826392435810713,0.9980953992626382,1.4356319421538615,1.939361131313234,1.9348365535704772,-6.550695345890162,-9.78227697265099,-7.72500209256134,-6.685079644954179,-0.7743753586632636
pushup_incomplete_range_4 copy.mp4_003,pushup,incomplete_range,4,9,165.6949254992092,168.07193168256353,159.7501053785498,162.61832791346015,119.19571425606452,108.01112836107814,40.082961033558675,35.77078513821711,0.2580519822600337,-0.26284581956156217,0.6755614700851993,0.18918016865805498,0.23146837156176048,-5.633734650126016,-5.875137799436459,-5.684068432822087,-2.013859744362385,-1.2609412188242004
pushup_incomplete_range_4 copy.mp4_003,pushup,incomplete_range,5,9,164.01829091367298,166.77121513970914,158.5833319916476,161.94714229125273,120.1699931323467,110.55644082678883,41.87123116309435,42.63257476033195,0.2566337866482973,-1.6766345855362204,-1.3007165428543885,-1.1667733869021788,-0.6711856222074175,0.9742788762821846,2.545312465710694,1.7882701295356753,6.861789622114841,-1.4137887659746582
pushup_incomplete_range_4 copy.mp4_003,pushup,incomplete_range,6,9,163.24091029955204,165.27097677704623,158.0050217684996,161.4724166466771,120.92460192814968,113.54535883842185,42.86334702564913,43.842353994707246,0.2568237123918298,-0.7773806141209434,-1.5002383626629126,-0.5783102231480086,-0.47472564457564204,0.7546087958029801,2.988918011633018,0.9921158625547761,1.209779234375297,0.899253971415277
pushup_incomplete_range_4 copy.mp4_003,pushup,incomplete_range,7,9,162.647577544305,164.86453348427108,157.9385767569928,160.8614086213256,125.47184653798253,115.72073015238428,48.05500631416419,48.46684343586985,0.2567968006561476,-0.5933327552470473,-0.4064432927751511,-0.06644501150680071,-0.6110080253514809,4.547244609832845,2.1753713139624296,5.191659288515062,4.624489441162602,0.18404785887389608
pushup_incomplete_range_4 copy.mp4_003,pushup,incomplete_range,8,9,161.77390229897156,164.28010523427767,157.31182333448848,161.099874002712,125.76583414885187,115.11780985974406,48.98615322105251,45.945509950997476,0.25686550643082884,-0.8736752453334304,-0.5844282499934081,-0.6267534225043221,0.23846538138639062,0.2939876108693369,-0.6029202926402206,0.9311469068883227,-2.521333484872372,-0.2803424900863831
pushup_incomplete_range_4 copy.mp4_003,pushup,incomplete_range,9,9,161.03356951834078,162.82152916635826,157.8647596910308,161.06246741962934,146.16004945175314,116.71603003512047,64.45824773787523,46.57506623074558,0.25658637556808395,-0.74033278063078,-1.4585760679194095,0.5529363565423182,-0.03740658308265665,20.394215302901273,1.5982201753764116,15.472094516822715,0.6295562797481011,0.13334246470265043
pushup_incomplete_range_4 copy.mp4_004,pushup,incomplete_range,1,7,166.38540464936185,168.03401044368076,161.57647963521583,165.06337533500744,132.0840241504113,123.44390809101482,47.117188563267,45.461946334599375,0.25651551931649225,-0.4210799398219933,0.7457335419712763,0.47978381585997454,-0.16546799671499457,-10.320555860524706,-7.0078795933776945,-9.850995488050167,-2.545344493092408,-0.9930971505964123
pushup_incomplete_range_4 copy.mp4_004,pushup,incomplete_range,2,7,166.55265855843686,168.4317427767621,161.74676510140114,165.01390059146948,127.43005526083762,119.5098151173398,44.17423998445762,44.2762098867812,0.2515663509411015,0.16725390907501492,0.39773233308133626,0.17028546618530527,-0.049474743537956556,-4.653968889573676,-3.934092973675021,-2.9429485788093785,-1.1857364478181722,0.5883338488970082
pushup_incomplete_range_4 copy.mp4_004,pushup,incomplete_range,3,7,166.81124862640488,170.35525950895712,162.67279624547461,167.66495048941752,124.62983632640112,115.76764042823363,41.94397292231818,41.59517915234454,0.2456745787882671,0.2585900679680151,1.9235167321950257,0.9260311440734768,2.6510498979480417,-2.8002189344365007,-3.7421746891061645,-2.23026706213944,-2.6810307344366606,0.09133615889300017
pushup_incomplete_range_4 copy.mp4_004,pushup,incomplete_range,4,7,163.99837370573138,167.23593866143955,161.31002871949138,164.80108072988807,127.74292985465782,115.86184124015023,45.26554694381258,45.32767220786658,0.24684414180868755,-2.8128749206734938,-3.119320847517571,-1.3627675259832301,-2.86386975952945,3.113093528256698,0.09420081191659335,3.321574021494399,3.732493055522035,-3.071464988641509
pushup_incomplete_range_4 copy.mp4_004,pushup,incomplete_range,5,7,162.2715226826644,165.87757822474512,160.1617999458711,164.8296435333867,137.7914536120136,116.21851410778088,56.74184534831884,49.551137715383256,0.24703203562731377,-1.7268510230669847,-1.3583604366944257,-1.148228773620275,0.028562803498630274,10.048523757355795,0.35667286763064965,11.47629840450626,4.2234655075166785,1.086023897606509
pushup_incomplete_range_4 copy.mp4_004,pushup,incomplete_range,6,7,161.29992183227134,164.4062719389152,159.8591587077112,166.2097207284107,135.43464004985768,119.23301762249181,55.28275751685761,49.05163748217382,0.2465140491389991,-0.9716008503930595,-1.471306285829911,-0.3026412381599073,1.3800771950240005,-2.356813562155935,3.0145035147109382,-1.4590878314612326,-0.4995002332094387,0.7552501726739251
pushup_incomplete_range_4 copy.mp4_004,pushup,incomplete_range,7,7,158.48516869102977,162.6059743507778,158.4906211088936,162.42216167028394,143.78014695515742,116.27976484839817,63.36960568081128,50.43292984319555,0.24716676851952316,-2.8147531412415674,-1.800297588137397,-1.3685375988175963,-3.78755905812676,8.345506905299743,-2.9532527740936416,8.086848163953675,1.3812923610217354,-1.8431522908485078
pushup_incomplete_range_4 copy.mp4_005,pushup,incomplete_range,1,12,158.75229156225015,161.55941432008106,164.33468457730478,165.12759820510755,136.5879794330088,125.71162367231383,48.55598365365262,36.49457344811815,0.2624577528084221,-1.9233090406045505,1.085024056158403,-2.342159560018274,-1.4786876789726477,-3.1658182531431294,-6.559856702608812,-1.8473177847931836,-2.3501905820026323,-2.554527246081193
pushup_incomplete_range_4 copy.mp4_005,pushup,incomplete_range,2,12,159.10175973680336,163.21741581205276,163.40270401261486,164.77404731245187,128.91095115323944,120.12744072239387,41.60498579020824,33.4049798939647,0.2624438584816947,0.3494681745532091,1.658001491971703,-0.9319805646899226,-0.35355089265567585,-7.67702827976936,-5.584182949919963,-6.950997863444378,-3.0895935541534527,2.2727772151577597
pushup_incomplete_range_4 copy.mp4_005,pushup,incomplete_range,3,12,160.9910445852969,164.9322883997957,164.5359764525124,164.6612804222052,119.3983201547845,112.63720413965821,32.40754386008805,28.039327862655,0.2630559594557043,1.8892848484935314,1.7148725877429456,1.1332724398975245,-0.11276689024666098,-9.512630998454938,-7.490236582735662,-9.197441930120192,-5.3656520313097005,1.5398166739403223
pushup_incomplete_range_4 copy.mp4_005,pushup,incomplete_range,4,12,161.26173451569528,166.09292952814954,163.06974840207286,165.60304931743187,114.09636740151629,112.64363660510745,29.5110494488117,30.058480587702395,0.26231851463659894,0.2706899303983903,1.1606411283538307,-1.4662280504395255,0.9417688952266587,-5.3019527532682105,0.006432465449236702,-2.896494411276347,2.0191527250473946,-1.618594918095141
pushup_incomplete_range_4 copy.mp4_005,pushup,incomplete_range,5,12,162.22585508944113,168.5232484322741,164.10188059490824,169.11628379066553,111.25096590991546,109.15687729819417,27.714556987956918,26.27198822476121,0.2616552184996227,0.9641205737458449,2.4303189041245616,1.0321321928353768,3.513234473233666,-2.845401491600825,-3.486759306913271,-1.7964924608547825,-3.7864923629411855,0.6934306433474546
pushup_incomplete_range_4 copy.mp4_005,pushup,incomplete_range,6,12,163.24808948947955,169.04442472435147,164.94221000147132,170.20502929528814,114.92172616637531,104.40188077930169,33.66198625246802,29.491281405804482,0.26064467201603314,1.0222344000384282,0.5211762920773708,0.840329406563086,1.088745504622608,3.670760256459843,-4.754996518892483,5.947429264511101,3.219293181043273,0.058113826292583326
pushup_incomplete_range_4 copy.mp4_005,pushup,incomplete_range,7,12,163.41970690431765,168.36739035206082,164.32728542776704,169.70756139159252,112.72148746694769,103.69874160267062,32.62635796416158,30.976232554754823,0.2592581727304882,0.17161741483809578,-0.6770343722906489,-0.6149245737042861,-0.49746790369562177,-2.200238699427615,-0.7031391766310691,-1.035628288306441,1.4849511489503406,-0.8506169852003325
pushup_incomplete_range_4 copy.mp4_005,pushup,incomplete_range,8,12,164.5030556933109,168.27047082758398,165.33646940655262,171.17944948101925,113.3925804618038,106.52718078161382,34.03390230050286,31.361761336714924,0.25773138891512104,1.0833487889932485,-0.09691952447684571,1.009183978785586,1.4718880894267272,0.6710929948561102,2.8284391789431993,1.4075443363412816,0.385528781960101,0.9117313741551527
pushup_incomplete_range_4 copy.mp4_005,pushup,incomplete_range,9,12,163.8474140940149,165.71025144216952,164.34094109688505,169.05204777344932,114.8310738321369,107.00968308019142,35.56144339019283,32.361351046951924,0.25766216392212316,-0.6556415992959899,-2.560219385414456,-0.9955283096675771,-2.1274017075699305,1.4384933703330915,0.4825022985776002,1.5275410896899686,0.9995897102370002,-1.7389903882892384
pushup_incomplete_range_4 copy.mp4_005,pushup,incomplete_range,10,12,163.72084817371314,164.64652092225674,164.53965452521055,167.92254620769913,115.56676943439976,110.0832815762342,35.82945595051495,34.82671156618721,0.25904630363073244,-0.12656592030177194,-1.063730519912781,0.19871342832550454,-1.1295015657501892,0.7356956022628651,3.073598496042777,0.26801256032211995,2.4653605192352828,0.5290756789942179
pushup_incomplete_range_4 copy.mp4_005,pushup,incomplete_range,11,12,164.1586892696576,165.3130442398971,164.7508506019801,166.96486521309504,117.86499231676922,109.0544030485489,37.8794195926949,35.40193739963271,0.2592215345090692,0.43784109594446363,0.6665233176403547,0.21119607676953933,-0.9576809946040896,2.2982228823694584,-1.0288785276852934,2.0499636421799536,0.5752258334455007,0.5644070162462356
pushup_incomplete_range_4 copy.mp4_005,pushup,incomplete_range,12,12,164.6763376362554,165.34766561230336,165.43650706379867,166.9763005892032,145.09817852081997,112.13823657942203,58.91518724990762,36.56603905621804,0.2587447087779524,0.5176483665977969,0.03462137240626362,0.6856564618185814,0.01143537610815315,27.233186204050753,3.0838335308731217,21.035767657212716,1.1641016565853306,0.07980727065333326
pushup_incomplete_range_4 copy.mp4_006,pushup,incomplete_range,1,6,159.3517014322813,163.3488312899525,164.47487142784286,165.96616749808234,124.8210983939737,113.68139413213842,36.13028233068558,36.418551121548106,0.25349330893261485,-1.0698886965696204,1.2470289735570077,0.773698626206965,1.0391756074714635,-25.053030537838623,-7.41024540701541,-25.21267967740019,-6.130550144571153,-0.5022299239283257
pushup_incomplete_range_4 copy.mp4_006,pushup,incomplete_range,2,6,158.15526460603402,164.52071911709777,164.74746464093857,166.64080795035852,121.02236556418154,107.48107986866769,31.797630910721217,34.69018073618171,0.25560206802336943,-1.1964368262472647,1.1718878271452695,0.2725932130957176,0.6746404522761793,-3.798732829792158,-6.20031426347073,-4.332651419964364,-1.7283703853663965,-0.12654812967764428
pushup_incomplete_range_4 copy.mp4_006,pushup,incomplete_range,3,6,158.8780121935237,166.7886027475949,164.72521543252452,168.0036786832405,130.12130116152568,108.72872430665397,40.893035438049154,36.51964279314794,0.25513904425763356,0.7227475874896641,2.267883630497124,-0.022249208414052646,1.3628707328819871,9.098935597344138,1.2476444379862812,9.095404527327936,1.8294620569662285,1.9191844137369287
pushup_incomplete_range_4 copy.mp4_006,pushup,incomplete_range,4,6,160.50987839257124,168.14996317916967,164.601169110479,168.93416696482154,132.674621901357,111.43443469665537,43.898947658269286,36.54191520123402,0.2547815745789723,1.6318661990475505,1.3613604315747807,-0.12404632204552968,0.9304882815810345,2.553320739831321,2.7057103900014,3.0059122202201323,0.02227240808608144,0.9091186115578864
pushup_incomplete_range_4 copy.mp4_006,pushup,incomplete_range,5,6,162.66177218963315,171.52697950462715,165.4608528810652,168.75331133579527,139.2079200304439,115.94296982276332,49.53274118258431,41.47999127461283,0.2549515245179948,2.1518937970619163,3.3770163254574754,0.8596837705862015,-0.18085562902626862,6.533298129086887,4.508535126107944,5.633793524315024,4.938076073378809,0.5200275980143658
pushup_incomplete_range_4 copy.mp4_006,pushup,incomplete_range,6,6,163.5716580022929,172.3443655742284,164.4972128370537,169.05884638088992,141.78166802601604,120.2695441745761,52.65098335662057,45.034619174791686,0.25336580103528505,0.909885812659752,0.8173860696012412,-0.9636400440114983,0.30553504509464346,2.5737479955721483,4.326574351812781,3.1182421740362614,3.5546279001788577,-1.2420079844021643
pushup_incomplete_range_4.mp4_000,pushup,incomplete_range,1,16,157.96502600934144,157.21464510500508,154.30380769693875,155.6202824640025,137.50792225696324,124.94061847459633,53.56685322377196,36.59533678614335,0.25971971189443677,-0.1668909789263182,0.36666085207556876,-0.3321678368905623,-0.27017212357688436,-1.1071587983381335,-2.7086375491644503,-0.8629676421490373,-1.0483742485284182,0.056421328359505196
pushup_incomplete_range_4.mp4_000,pushup,incomplete_range,2,16,157.73897478735952,157.05025410025993,153.55779083253114,154.32408746473226,136.05429886882956,121.97379718863546,52.86584456307822,35.25896113770872,0.2605002677234457,-0.22605122198191907,-0.16439100474514134,-0.7460168644076077,-1.2961949992702557,-1.4536233881336784,-2.966821285960876,-0.7010086606937378,-1.3363756484346325,-0.05916024305560086
pushup_incomplete_range_4.mp4_000,pushup,incomplete_range,3,16,157.28010979479734,156.57779494496432,152.1578208193264,153.7125115356921,133.6012735196936,117.84361766601003,51.7537373895212,32.33871824052755,0.2618386128928876,-0.4588649925621837,-0.4724591552956099,-1.3999700132047508,-0.611575929040157,-2.45302534913597,-4.130179522625426,-1.1121071735570212,-2.9202428971811685,-0.23281377058026465
pushup_incomplete_range_4.mp4_000,pushup,incomplete_range,4,16,157.46036427897025,156.8550682936199,152.42324796405654,153.6146406434262,129.42039327904533,115.75105508160156,49.0910019998225,31.007096149681775,0.2624601704479956,0.1802544841729059,0.2772733486555694,0.26542714473015394,-0.09787089226588819,-4.180880240648264,-2.092562584408469,-2.662735389698696,-1.331622090845773,0.6391194767350896
pushup_incomplete_range_4.mp4_000,pushup,incomplete_range,5,16,157.33131187102617,156.45814301480883,153.1135955616798,153.73306946308395,121.76387640206264,112.42488423033566,40.49235627312244,22.794219143524682,0.2621112940771374,-0.1290524079440729,-0.396925278811068,0.6903475976232585,0.118428819657737,-7.656516876982693,-3.3261708512659,-8.598645726700063,-8.212877006157093,-0.3093068921169788
pushup_incomplete_range_4.mp4_000,pushup,incomplete_range,6,16,158.1553599454013,157.3993486203026,153.78017814590126,154.55610393134904,119.3352844691827,110.85647290848509,39.27795175656491,23.312483174536816,0.26165085008324257,0.8240480743751277,0.9412056054937636,0.6665825842214588,0.8230344682650923,-2.4285919328799395,-1.5684113218505757,-1.2144045165575292,0.5182640310121336,0.9531004823192006
pushup_incomplete_range_4.mp4_000,pushup,incomplete_range,7,16,158.64732362155198,159.5424876629547,153.65532330664473,156.15574606857075,118.62089326592286,109.38212182561679,39.082982218696614,20.04875352980773,0.26238382191427645,0.49196367615067516,2.143139042652109,-0.1248548392565283,1.5996421372217071,-0.7143912032598365,-1.4743510828682957,-0.19496953786829607,-3.2637296447290858,-0.33208439822445257
pushup_incomplete_range_4.mp4_000,pushup,incomplete_range,8,16,159.49247699499054,160.52874648526583,154.20041126227005,157.79635547221835,115.85063571544146,108.43804180988494,36.37722733430403,16.58881099525022,0.26169520251751993,0.8451533734385634,0.9862588223111288,0.5450879556253199,1.640609403647602,-2.7702575504814035,-0.9440800157318563,-2.705754884392583,-3.459942534557509,0.3531896972878883
pushup_incomplete_range_4.mp4_000,pushup,incomplete_range,9,16,159.7291629983913,160.45617588186872,154.06926011476298,155.64312639298205,116.25465050095501,110.01191653056938,36.815294126981144,21.436690366798864,0.262280112650888,0.23668600340076296,-0.07257060339711074,-0.1311511475070688,-2.153229079236297,0.40401478551355297,1.5738747206844437,0.43806679267711246,4.847879371548643,-0.6084673700378005
pushup_incomplete_range_4.mp4_000,pushup,incomplete_range,10,16,160.00929961281494,160.12246495918149,154.6090094756636,155.64485038891482,116.13467916150985,109.31731538600432,36.43633711913593,20.050559227043003,0.26204059474927466,0.2801366144236397,-0.33371092268723146,0.539749360900629,0.0017239959327639554,-0.11997133944515781,-0.6946011445650555,-0.3789570078452158,-1.3861311397558609,0.04345061102287673
pushup_incomplete_range_4.mp4_000,pushup,incomplete_range,11,16,159.88357402191363,160.6244016213782,154.4429164370833,155.18865941999707,116.6588807181603,112.75268856638988,37.06618296406867,25.071607137060596,0.2621031094534104,-0.12572559090131108,0.5019366621967265,-0.1660930385802999,-0.45619096891775257,0.5242015566504534,3.435373180385554,0.6298458449327455,5.021047910017593,-0.40586220532495076
pushup_incomplete_range_4.mp4_000,pushup,incomplete_range,12,16,159.68720721691275,159.7011369201804,154.37506900252856,155.40375581790525,124.74876383341443,115.33979531270809,43.370984511244586,29.10263614251351,0.2623076206443081,-0.19636680500087778,-0.9232647011978088,-0.06784743455474995,0.2150963979081837,8.089883115254125,2.587106746318213,6.304801547175913,4.031029005452915,-0.0706412140995667
pushup_incomplete_range_4.mp4_000,pushup,incomplete_range,13,16,159.89791407485262,159.65360471844807,154.3360590791383,155.52768853117445,123.67856720324014,114.18627686747175,41.52017864467625,29.365723004476315,0.26159250374256077,0.21070685793986854,-0.04753220173233785,-0.03900992339026743,0.1239327132691983,-1.0701966301742942,-1.1535184452363438,-1.8508058665683365,0.2630868619628046,0.4070736629407463
pushup_incomplete_range_4.mp4_000,pushup,incomplete_range,14,16,159.70642267928199,159.49014158987072,154.03807090292747,155.50910117835966,117.93962728403594,108.17113164148263,35.9838892518516,27.409431043427023,0.26196848457088423,-0.19149139557063677,-0.16346312857734802,-0.2979881762108221,-0.018587352814790847,-5.738939919204199,-6.015145225989116,-5.536289392824649,-1.956291961049292,-0.4021982535105053
pushup_incomplete_range_4.mp4_000,pushup,incomplete_range,15,16,159.5649891613927,159.42961725607165,153.87368033799484,155.84594478776194,117.36666451171605,110.47689516879852,35.696971576698445,29.705342543932606,0.26222104794492257,-0.1414335178892827,-0.060524333799065744,-0.16439056493263138,0.33684360940227975,-0.5729627723198831,2.3057635273158894,-0.28691767515315547,2.295911500505582,0.05005787768135406
pushup_incomplete_range_4.mp4_000,pushup,incomplete_range,16,16,159.4812066464203,159.21701696305777,153.87172395396053,155.7224479641636,139.4178771634661,114.29733376996607,54.06811966481144,34.25993469148837,0.26229698805141166,-0.0837825149723983,-0.21260029301387817,-0.001956384034315306,-0.12349682359834446,22.05121265175005,3.8204386011675524,18.371148088112996,4.554592147555763,0.05765100291688441
pushup_incomplete_range_4.mp4_001,pushup,incomplete_range,1,8,160.90449095436958,162.62409833302215,157.41040955254255,159.06175293945563,135.7552971585535,117.56347918209855,57.4089888004162,39.858661983830224,0.2637282703975668,0.7776573237274249,2.310496525832633,0.6310575144690063,2.3320803257104217,-3.4905291634542266,-5.442906373923691,-4.485347610015509,-1.4790703316596847,1.2082906006433518
pushup_incomplete_range_4.mp4_001,pushup,incomplete_range,2,8,161.98413946795156,165.45064178342014,157.20299882340646,158.3202967331211,134.45192377910854,118.02377564504557,56.44599649810743,44.022607922814636,0.2639193699987424,1.0796485135819864,2.826543450397992,-0.20741072913608605,-0.7414562063345329,-1.3033733794449631,0.46029646294702786,-0.962992302308777,4.163945938984412,0.3019911898545615
pushup_incomplete_range_4.mp4_001,pushup,incomplete_range,3,8,162.92495611778455,166.2197099250095,158.33918988028375,159.64879860568203,129.73843731401192,115.80629061470245,50.096806998872765,42.58543542827358,0.26051956525980857,0.940816649832982,0.7690681415893721,1.1361910568772942,1.3285018725609348,-4.713486465096622,-2.217485030343127,-6.349189499234662,-1.437172494541059,-0.13883186374900447
pushup_incomplete_range_4.mp4_001,pushup,incomplete_range,4,8,163.93348213824748,166.31174175445634,158.21838156906756,159.6955963321942,129.08076222121468,114.56668608971408,49.63027916409863,43.025922097778555,0.2597449332769474,1.0085260204629378,0.09203182944682453,-0.1208083112161944,0.046797726512181725,-0.6576750927972341,-1.2396045249883656,-0.4665278347741335,0.4404866695049776,0.06770937062995586
pushup_incomplete_range_4.mp4_001,pushup,incomplete_range,5,8,164.41420880427572,165.87352487164537,158.20172988007775,158.82886679331344,128.02974260386262,115.23285416138765,48.99327241487704,43.8219937091364,0.2577410680231633,0.48072666602823233,-0.4382168828109627,-0.01665168898981051,-0.8667295388807759,-1.0510196173520683,0.6661680716735674,-0.637006749221591,0.7960716113578457,-0.5277993544347055
pushup_incomplete_range_4.mp4_001,pushup,incomplete_range,6,8,164.664996364205,165.0990627028535,158.57563302700393,157.82143001596347,119.96108375229477,114.726142306638,40.40900302395361,42.94589880103355,0.258515543335078,0.2507875599292788,-0.7744621687918709,0.37390314692618176,-1.007436777349966,-8.068658851567847,-0.5067118547496534,-8.584269390923431,-0.87609490810285,-0.22993910609895352
pushup_incomplete_range_4.mp4_001,pushup,incomplete_range,7,8,163.54114118864564,165.00635261691784,158.50154182843943,156.95517672514737,116.46260856636187,111.06084079324307,35.54196990584154,41.70156057603199,0.2578722185847811,-1.1238551755593562,-0.09271008593566421,-0.07409119856450275,-0.866253290816104,-3.4984751859329037,-3.6653015133949225,-4.867033118112069,-1.244338225001563,-1.374642735488635
pushup_incomplete_range_4.mp4_001,pushup,incomplete_range,8,8,162.14771568221303,165.0306149065281,157.9479322938711,155.86166929525592,140.65929400534773,113.4417650216028,55.276249301010594,49.39211590922421,0.2583149693804588,-1.3934255064326067,0.0242622896102489,-0.5536095345683236,-1.0935074298914458,24.196685438985867,2.3809242283597314,19.734279395169054,7.690555333192222,-0.26957033087325044
pushup_incomplete_range_4.mp4_002,pushup,incomplete_range,1,6,165.07569631669028,166.1110074917312,158.5887436770491,161.61732227014346,133.3607212198528,117.32820582039241,55.89633981373452,42.99816593955507,0.2609450242328677,1.757612194567912,0.9278821084852211,1.7627787179942231,0.505271598717485,-5.7729632076974156,-4.631119308506001,-6.561539446113301,-4.0054945596529095,3.271270584921581
pushup_incomplete_range_4.mp4_002,pushup,incomplete_range,2,6,165.08626318351514,166.4717972299213,159.19949229429724,162.62195421105838,122.17405041711643,112.53734009419932,43.27443730053862,39.22647976156666,0.2596495428363648,0.010566866824859744,0.36078973819010685,0.6107486172481345,1.0046319409149191,-11.186670802736359,-4.79086572619309,-12.621902513195899,-3.771686177988414,-1.7470453277430522
pushup_incomplete_range_4.mp4_002,pushup,incomplete_range,3,6,163.87654432491823,164.84937507307504,157.57842236044897,161.10534852631662,118.91631039369562,110.247772267487,41.6651661480519,38.662849841891095,0.2581730003760907,-1.209718858596915,-1.6224221568462553,-1.6210699338482755,-1.5166056847417622,-3.2577400234208085,-2.2895678267123287,-1.6092711524867198,-0.563629919675563,-1.2202857254217747
pushup_incomplete_range_4.mp4_002,pushup,incomplete_range,4,6,163.82624074627597,165.96625930945575,158.02454477117516,161.89701945967738,119.82650356463976,112.81217544630712,42.56938276805531,42.061237576000366,0.2560427893878072,-0.05030357864225721,1.116884236380713,0.44612241072618986,0.7916709333607628,0.9101931709441402,2.564403178820129,0.9042166200034103,3.3983877341092708,1.1594152799546578
pushup_incomplete_range_4.mp4_002,pushup,incomplete_range,5,6,163.3923849637178,165.6329000378519,158.15810605523714,162.15698682543368,120.46182289196419,114.15014515330792,43.29354983994419,43.24918563746782,0.25566368953288693,-0.4338557825581688,-0.3333592716038538,0.1335612840619831,0.259967365756296,0.6353193273244244,1.337969707000795,0.7241670718888784,1.187948061467452,-0.3835522039159116
pushup_incomplete_range_4.mp4_002,pushup,incomplete_range,6,6,162.20983553932004,165.05005712997422,157.49623949626678,162.11488535285787,146.70199375310418,122.1128981415214,67.56993909748682,50.08550373275406,0.2554206488187139,-1.182549424397763,-0.5828429078776765,-0.6618665589703596,-0.04210147257580843,26.240170861139987,7.962752988213481,24.276389257542633,6.836318095286245,-0.7486936418395942
pushup_incomplete_range_4.mp4_003,pushup,incomplete_range,1,7,166.31543095575734,167.97636085704778,161.75768877356546,165.84319753595327,136.20512672693044,124.09887068162622,55.63039456341925,48.52148790850124,0.2548048500771953,1.664613321873162,1.4572001924246933,2.6180861345372364,2.031996837920758,-2.992238500072233,-3.9698985271694625,-3.118405989944513,-2.000949935806325,1.3923310972697607
pushup_incomplete_range_4.mp4_003,pushup,incomplete_range,2,7,165.57329070553166,168.8976698826674,160.68734478152436,166.7345622861448,134.06929541832142,123.33451713031924,55.461078388482925,48.02864757221677,0.251287851290255,-0.742140250225674,0.921309025619621,-1.0703439920411029,0.891364750191542,-2.1358313086090277,-0.7643535513069821,-0.169316174936327,-0.4928403362844733,-2.406753572098836
pushup_incomplete_range_4.mp4_003,pushup,incomplete_range,3,7,167.01473381115233,170.43811976087562,163.5914722042063,170.07301053266517,128.75484390478402,121.49101393201734,48.0969860900646,44.027338711147436,0.24629253617281477,1.4414431056206638,1.5404498782082214,2.9041274226819382,3.3384482465203575,-5.314451513537392,-1.843503198301903,-7.364092298418328,-4.001308861069333,2.183583355846338
pushup_incomplete_range_4.mp4_003,pushup,incomplete_range,4,7,163.89847408813978,168.1075056526126,159.65271041136808,166.8396271186438,126.91978941333768,118.82222026939803,50.04891497562823,44.93541866181183,0.24869131540213896,-3.116259723012547,-2.3306141082630347,-3.9387617928382213,-3.2333834140213753,-1.8350544914463427,-2.668793662619308,1.9519288855636319,0.9080799506643942,-4.557702828633211
pushup_incomplete_range_4.mp4_003,pushup,incomplete_range,5,7,162.67058941652402,165.83358391156668,159.58438418447346,167.12351245489467,128.24184577187347,121.63659777827651,49.30961697693207,41.56176837955349,0.2515500114707539,-1.2278846716157545,-2.2739217410459105,-0.06832622689461232,0.28388533625087575,1.3220563585357894,2.8143775088784793,-0.7392979986961592,-3.373650282258339,1.8883750513967925
pushup_incomplete_range_4.mp4_003,pushup,incomplete_range,6,7,162.46120561528062,166.4471431622783,160.05270850840432,167.26760185847712,130.62861556515497,124.14715132194569,49.922275103816276,43.71999592224021,0.2518700935425571,-0.20938380124340483,0.6135592507116314,0.4683243239308581,0.1440894035824556,2.386769793281502,2.5105535436691753,0.612658126884206,2.158227542686717,1.0185008703723497
pushup_incomplete_range_4.mp4_003,pushup,incomplete_range,7,7,162.2087335686937,166.51284493111177,159.72933244630875,166.1946048769465,144.89967430133495,124.86385046829393,62.045145567902324,47.13620071896305,0.2517068802422648,-0.2524720465869166,0.06570176883346335,-0.32337606209557634,-1.072996981530622,14.271058736179981,0.7166991463482475,12.122870464086049,3.4162047967228446,-0.043088245343511744
pushup_incomplete_range_4.mp4_004,pushup,incomplete_range,1,13,158.98716599572236,162.12698383151744,165.68876762661594,165.95468841956955,134.51689633628598,119.47363139193497,45.97967855622446,34.826119694278034,0.2584746560447551,-0.06954357925823729,1.949411617088316,0.3904718754592693,0.04766865220196337,-3.8397687822491378,-9.613773590563866,-2.892558275997672,-3.095920665367828,-1.0808544928479762
pushup_incomplete_range_4.mp4_004,pushup,incomplete_range,2,13,161.13826765486536,164.28850525460973,164.4475891449624,166.20156967870736,127.94670010623285,114.76552927976596,40.518792886197474,32.81308371953232,0.2574833090927493,2.151101659142995,2.161521423092296,-1.2411784816535487,0.24688125913780823,-6.570196230053128,-4.708102112169016,-5.4608856700269826,-2.013035974745712,2.2206452384012323
pushup_incomplete_range_4.mp4_004,pushup,incomplete_range,3,13,161.19408485058358,164.6466187309093,163.3867880148484,165.3202576883907,121.6708548203889,111.61364136590694,35.087029381405955,30.74671214025526,0.2574411450899254,0.05581719571821964,0.3581134762995646,-1.0608011301139868,-0.8813119903166466,-6.275845285843957,-3.1518879138590137,-5.431763504791519,-2.066371579277064,-2.0952844634247754
pushup_incomplete_range_4.mp4_004,pushup,incomplete_range,4,13,161.6360662731028,164.65194248430205,162.95603018872637,164.06786084334004,118.40823903707522,110.02266561854132,33.107767359384255,30.31536236222421,0.2572616559537802,0.441981422519234,0.00532375339275859,-0.43075782612203284,-1.2523968450506686,-3.2626157833136773,-1.5909757473656185,-1.9792620220217003,-0.43134977803104846,0.38616422680101437
pushup_incomplete_range_4.mp4_004,pushup,incomplete_range,5,13,163.77189652450286,167.21982997586406,164.41533561665523,167.55005733475267,114.15767615220395,107.91138612866538,29.17229115925328,25.533046225197303,0.25721670449644785,2.1358302514000513,2.5678874915620042,1.4593054279288538,3.4821964914126227,-4.250562884871272,-2.1112794898759404,-3.9354762001309744,-4.782316137026907,1.6938488288808173
pushup_incomplete_range_4.mp4_004,pushup,incomplete_range,6,13,163.99360219454917,169.25292774374603,164.6435106993848,169.80690873037832,110.90780175507244,105.9633462361284,27.06158209017042,29.581175631214066,0.2577322283941102,0.2217056700463047,2.0330977678819693,0.22817508272956388,2.2568513956256595,-3.2498743971315065,-1.9480398925369826,-2.110709069082862,4.048129406016763,-1.9141245813537466
pushup_incomplete_range_4.mp4_004,pushup,incomplete_range,7,13,165.50637726381464,169.6914652341934,166.12755922604697,172.01779943110049,107.91113207385702,104.13633045741948,24.805975814240387,28.951539342496567,0.25767797243776963,1.512775069265473,0.43853749044737356,1.4840485266621783,2.2108907007221603,-2.9966696812154225,-1.827015778708926,-2.255606275930031,-0.6296362887174993,1.2910693992191682
pushup_incomplete_range_4.mp4_004,pushup,incomplete_range,8,13,165.26879217750547,168.12972770269988,165.546310054197,170.04225969705308,111.24290896197887,102.96375237035376,29.51414342472965,27.564485725218802,0.2572275887635543,-0.23758508630916708,-1.5617375314935202,-0.5812491718499757,-1.975539734047402,3.3317768881218512,-1.172578087065716,4.708167610489262,-1.3870536172777648,-1.75036015557464
pushup_incomplete_range_4.mp4_004,pushup,incomplete_range,9,13,165.56678390666985,166.90352411507465,165.10703504935157,168.58982050696983,112.91840223949566,103.31560425987004,32.36376739088519,28.266639336074505,0.25697616456282435,0.2979917291643801,-1.2262035876252355,-0.4392750048454275,-1.452439190083254,1.675493277516793,0.35185188951628277,2.849623966155537,0.7021536108557029,0.5355768154735472
pushup_incomplete_range_4.mp4_004,pushup,incomplete_range,10,13,164.994499874693,166.3601215376637,165.15996366853634,167.85387106662475,116.50126765492026,109.60823773189502,36.33141533057693,33.487191671396694,0.25700981795616884,-0.5722840319768636,-0.5434025774109443,0.05292861918476888,-0.735949440345081,3.5828654154245925,6.292633472024974,3.9676479396917443,5.220552335322189,-0.8702757611412437
pushup_incomplete_range_4.mp4_004,pushup,incomplete_range,11,13,164.97569156428105,165.94346285583498,166.61461143889323,167.03033857849346,116.91320316530968,107.72053140973857,36.01076934176326,33.93751595836493,0.25704966668018353,-0.01880831041194142,-0.41665868182872146,1.4546477703568996,-0.823532488131292,0.41193551038942644,-1.887706322156447,-0.32064598881367345,0.45032428696823956,0.5534757215649222
pushup_incomplete_range_4.mp4_004,pushup,incomplete_range,12,13,164.32169694028474,166.17298587961386,166.4346892243413,167.2027626794564,121.5808229793128,108.79745995592427,39.94573187391353,35.316216937631026,0.2572840370284102,-0.6539946239963115,0.22952302377888145,-0.17992221455193658,0.17242410096295657,4.6676198140031175,1.076928546185698,3.934962532150273,1.3787009792660925,-0.63518631358437
pushup_incomplete_range_4.mp4_004,pushup,incomplete_range,13,13,163.75642475223566,165.79106909103348,165.65366675710345,166.72779699074763,139.51063750972838,106.1412356203482,53.22345219969856,35.0405465432585,0.2577398525989989,-0.5652721880490787,-0.3819167885803836,-0.7810224672378467,-0.4749656887087781,17.929814530415584,-2.65622433557607,13.277720325785033,-0.2756703943725256,0.08872243594723273
pushup_incomplete_range_4.mp4_005,pushup,incomplete_range,1,6,159.87822098150065,163.54130835233462,163.7032822150239,164.36136361912006,130.84001791540356,112.3378312227061,41.861944199311566,41.28358498996051,0.25252437511617404,-0.4415737658558214,1.4066129462307515,0.7004549761865917,1.8347616477125541,-22.98710651040642,-7.843001298008446,-24.022367923737974,-7.840464546446256,-0.47908529573686565
pushup_incomplete_range_4.mp4_005,pushup,incomplete_range,2,6,158.3338533274764,164.21700780993262,162.27690187647116,164.40022916259488,121.48765202124667,111.47451359658113,33.337834459648555,36.63025682339718,0.25401438268411114,-1.5443676540242564,0.6756994575980002,-1.4263803385527467,0.03886554347482729,-9.35236589415689,-0.8633176261249673,-8.524109739663011,-4.653328166563327,-1.102793888168435
pushup_incomplete_range_4.mp4_005,pushup,incomplete_range,3,6,158.89436779414257,165.31218818300246,162.35138244884058,165.19677439298624,130.45510843862166,106.96779081648866,41.98097737048858,34.170378602727524,0.2533580805878945,0.5605144666661772,1.0951803730698373,0.07448057236942418,0.7965452303913594,8.96745641737499,-4.506722780092474,8.643142910840027,-2.4598782206696583,2.1048821206904336
pushup_incomplete_range_4.mp4_005,pushup,incomplete_range,4,6,159.75799296590228,169.68656501023327,160.89026714267345,165.16420584698588,134.9384796929157,107.98758559947083,47.16471384209978,37.82800253989543,0.25300114478238606,0.8636251717597077,4.374376827230805,-1.4611153061671303,-0.03256854600036263,4.483371254294042,1.0197947829821743,5.183736471611198,3.657623937167905,0.30311070509353044
pushup_incomplete_range_4.mp4_005,pushup,incomplete_range,5,6,160.65305461876522,169.24495266202314,161.28725972830262,164.78607208989789,138.76714095011025,112.51582154252307,50.69878340225397,41.81550712005748,0.2534210766957464,0.8950616528629496,-0.4416123482101284,0.39699258562916384,-0.3781337570879941,3.8286612571945398,4.528235943052238,3.534069560154194,3.987504580162053,0.03143648110324193
pushup_incomplete_range_4.mp4_005,pushup,incomplete_range,6,6,161.05256268171112,168.88183785586796,161.3660311730304,164.24806957104602,142.38814946566322,116.50573067447338,53.96759814558171,46.10421065867287,0.2531125220623225,0.39950806294589825,-0.3631148061551812,0.07877144472777786,-0.5380025188518687,3.6210085155529725,3.989909131950313,3.268814743327738,4.288703538615387,-0.49555358991705134
pushup_incomplete_range_5.mp4_000,pushup,incomplete_range,1,13,163.65433974492512,173.84988138055064,160.01137604671536,156.52899846474398,113.92305486425238,79.347352124199,29.080862995986063,10.310310594616979,0.24898712696812006,-0.6873806198700265,-0.035608660095931555,0.046758357289235164,0.514393159813153,-6.820208491724173,-1.083908555033787,-9.107849570801559,-3.38334514410956,-0.45199208351684206
pushup_incomplete_range_5.mp4_000,pushup,incomplete_range,2,13,163.33254993124729,174.5386164635317,159.7717511403094,157.49887057930928,114.53793286605877,82.57418159075623,29.638475390036906,10.097823731751925,0.24859674596626785,-0.32178981367783877,0.6887350829810543,-0.23962490640596457,0.9698721145653053,0.6148780018063889,3.22682946655722,0.5576123940508424,-0.21248686286505425,0.36559080619218776
pushup_incomplete_range_5.mp4_000,pushup,incomplete_range,3,13,162.77091889249246,174.96447356826442,159.42137476487844,158.6679374978428,115.92143894389255,85.7334775864532,31.740181909207024,11.84122111918699,0.24826938523120054,-0.5616310387548253,0.425857104732728,-0.35037637543095457,1.1690669185335025,1.3835060778337862,3.1592959956969793,2.1017065191701185,1.7433973874350652,-0.23984122507698658
pushup_incomplete_range_5.mp4_000,pushup,incomplete_range,4,13,162.09103683551166,175.03571723617853,159.18005279825766,158.99091238229468,115.43422517030123,85.69654929589643,31.2972005722335,12.073746568708808,0.24845889908861626,-0.6798820569808015,0.07124366791410353,-0.24132196662077376,0.32297488445189515,-0.48721377359132134,-0.036928290556772936,-0.44298133697352426,0.23252544952181786,-0.11825101822597617
pushup_incomplete_range_5.mp4_000,pushup,incomplete_range,5,13,161.4977067323709,174.8990649211338,158.78571477289228,159.1035327198883,122.986796438305,87.54022315525964,40.015633293900144,13.625698772344643,0.24828547268295967,-0.5933301031407723,-0.13665231504472786,-0.39433802536538565,0.11262033759362566,7.552571268003774,1.8436738593632072,8.718432721666645,1.5519522036358353,0.08655195384002923
pushup_incomplete_range_5.mp4_000,pushup,incomplete_range,6,13,161.74714918831768,174.97706293600132,158.2427122895525,159.1348886069249,114.17425011143102,86.97263106773818,30.626474081130535,13.210606320616137,0.24956076907168198,0.2494424559467916,0.0779980148675179,-0.5430024833397908,0.03135588703659664,-8.812546326873985,-0.5675920875214615,-9.38915921276961,-0.4150924517285066,0.8427725590875639
pushup_incomplete_range_5.mp4_000,pushup,incomplete_range,7,13,161.31774127026196,175.05500391304616,158.00456314463815,159.21581806281094,105.45370434311673,82.05862123895864,21.572891740917015,7.678965482479664,0.2489926156518029,-0.4294079180557162,0.0779409770448467,-0.23814914491433115,0.08092945588603584,-8.720545768314295,-4.914009828779541,-9.05358234021352,-5.531640838136473,-0.6788503740025078
pushup_incomplete_range_5.mp4_000,pushup,incomplete_range,8,13,162.31473406289138,174.8850064996254,157.40342983936765,158.5211252448515,102.81290478347695,81.69623516189661,18.12331053115293,4.492761927445656,0.2484722831340141,0.9969927926294133,-0.16999741342075936,-0.6011333052705083,-0.6946928179594352,-2.640799559639774,-0.36238607706202686,-3.4495812097640837,-3.186203555034008,1.4264007106851295
pushup_incomplete_range_5.mp4_000,pushup,incomplete_range,9,13,162.95157217299197,176.32954435093654,158.24225635887328,157.9430678376113,105.13913751839316,81.85321907363705,19.55512286005361,4.874747728801776,0.248276734638739,0.636838110100598,1.4445378513111393,0.8388265195056306,-0.5780574072402089,2.3262327349162035,0.1569839117404399,1.4318123289006799,0.38198580135612037,-0.36015468252881533
pushup_incomplete_range_5.mp4_000,pushup,incomplete_range,10,13,163.35658119373343,178.34337771860336,158.2143107053525,158.72257949021446,103.55523655754456,78.12825320734176,16.704683353905647,0.68152297805702,0.24820440672920324,0.40500902074145984,2.0138333676668196,-0.027945653520788483,0.779511652603162,-1.5839009608485952,-3.7249658662952925,-2.850439506147964,-4.193224750744756,-0.23182908935913815
pushup_incomplete_range_5.mp4_000,pushup,incomplete_range,11,13,163.73263637100928,179.73070944760238,159.32269225171734,160.04282675728686,107.88696871161096,74.16916577177861,19.90364806478693,1.5836730790415954,0.2483878221334733,0.3760551772758447,1.3873317289990155,1.1083815463648534,1.3202472670724035,4.331732154066401,-3.9590874355631485,3.198964710881281,0.9021501009845754,-0.028953843465615137
pushup_incomplete_range_5.mp4_000,pushup,incomplete_range,12,13,164.16600021205585,177.44152532527187,157.0914685625941,159.63399173494153,112.67408775931463,78.41205760048621,25.599609132960996,11.718180513141812,0.25054728972909135,0.433363841046571,-2.2891841223305107,-2.2312236891232544,-0.408835022345329,4.787119047703669,4.242891828707599,5.695961068174068,10.134507434100216,0.0573086637707263
pushup_incomplete_range_5.mp4_000,pushup,incomplete_range,13,13,163.96729504887685,178.74147182178402,156.78995622429036,159.67519957686702,117.73869034564015,89.95653509349683,31.92346975061572,23.25104907229674,0.2494375261456749,-0.19870516317899956,1.299946496512149,-0.3015123383037235,0.04120784192548399,5.06460258632552,11.544477493010618,6.323860617654724,11.53286855915493,-0.6320690042255706
pushup_incomplete_range_5.mp4_001,pushup,incomplete_range,1,27,152.72390909293745,168.39680908601142,179.14056693465164,169.2963866664488,114.34965665734562,112.59368919977739,15.389404800417752,6.353445372573997,0.2658397407303412,-0.8088086846893532,-1.145165790107427,-0.34249528494825654,2.0641206906998946,-3.0342306417613827,2.6664708367651144,-2.5208892303449506,5.898701345696095,-0.5378797075434534
pushup_incomplete_range_5.mp4_001,pushup,incomplete_range,2,27,154.59024105569048,170.57301937531042,178.7704062516525,167.89600125819732,111.30258177315345,108.64763736826605,11.817939454663534,5.077230359501893,0.2669323157069281,1.866331962753037,2.176210289299007,-0.37016068299914195,-1.4003854082514806,-3.0470748841921704,-3.9460518315113404,-3.571465345754218,-1.276215013072104,2.67514064744239
pushup_incomplete_range_5.mp4_001,pushup,incomplete_range,3,27,156.15186217703652,172.51213475559265,177.42627383783415,166.00121872395925,108.32520436260675,98.22808096743445,8.902836349972834,6.980839931237606,0.26625451830671687,1.561621121346036,1.9391153802822316,-1.3441324138183575,-1.894782534238061,-2.977377410546694,-10.419556400831596,-2.9151031046907008,1.9036095717357124,-0.304710841407001
pushup_incomplete_range_5.mp4_001,pushup,incomplete_range,4,27,156.2718902252708,172.34990456758746,176.99021444770995,167.37834997108263,106.23377191905539,88.1485457864072,6.989930608939154,13.981483457469325,0.265783992562975,0.12002804823427482,-0.1622301880051964,-0.4360593901241998,1.3771312471233728,-2.091432443551369,-10.079535181027254,-1.9129057410336792,7.00064352623172,-1.4415930731117612
pushup_incomplete_range_5.mp4_001,pushup,incomplete_range,5,27,156.00972990943745,172.9110627929875,178.01466409567513,168.77711003973155,104.43450008299854,84.72665505336198,6.195216462378051,15.259669399114296,0.26372516218480613,-0.26216031583334143,0.5611582254000496,1.0244496479651843,1.3987600686489259,-1.799271836056846,-3.421890733045217,-0.7947141465611036,1.2781859416449706,-0.38218836406761625
pushup_incomplete_range_5.mp4_001,pushup,incomplete_range,6,27,156.00614208332232,173.82607699590636,178.7762781663706,171.53004980877182,104.54680489275992,88.14735530941311,7.308858531765443,8.975993230709259,0.2608262390681819,-0.0035878261151367496,0.9150142029188544,0.7616140706954582,2.7529397690402675,0.11230480976138324,3.420700256051134,1.1136420693873923,-6.283676168405037,0.2585724897182047
pushup_incomplete_range_5.mp4_001,pushup,incomplete_range,7,27,155.4205359187984,173.77639449661152,179.9669911562099,172.3443570132594,101.56270430176154,83.80151444171098,5.1286247147180015,13.198802854870678,0.2591103521189628,-0.5856061645239095,-0.04968249929484614,1.1907129898393123,0.8143072044875908,-2.9841005909983807,-4.345840867702137,-2.1802338170474416,4.222809624161419,-0.5820183384087727
pushup_incomplete_range_5.mp4_001,pushup,incomplete_range,8,27,156.23473862802294,173.7250368181122,179.20809267854753,173.40166519752242,97.40689838908084,80.74734654293373,2.1036233587420003,15.460026321134798,0.2576684222108375,0.8142027092245314,-0.05135767849932904,-0.7588984776623704,1.0573081842630074,-4.155805912680705,-3.0541678987772514,-3.025001355976001,2.26122346626412,1.3998088737484409
pushup_incomplete_range_5.mp4_001,pushup,incomplete_range,9,27,157.07298606260366,173.91794683413013,179.9102473065535,173.81126790855615,97.53986103470244,79.82837194902132,1.8354606367792685,15.409454010816894,0.2577207716308788,0.8382474345807225,0.19291001601794733,0.7021546280059567,0.4096027110337275,0.13296264562160331,-0.9189745939124094,-0.26816272196273183,-0.05057231031790366,0.024044725356191066
pushup_incomplete_range_5.mp4_001,pushup,incomplete_range,10,27,157.9950893994015,174.15080391642456,179.39724121134904,174.94056328429303,97.07906861626748,81.91372756838632,1.6835994124503135,11.23594701792148,0.25701157296970906,0.9221033367978464,0.23285708229443003,-0.513006095204446,1.1292953757368878,-0.46079241843496277,2.0853556193650036,-0.151861224328955,-4.173506992895414,0.08385590221712391
pushup_incomplete_range_5.mp4_001,pushup,incomplete_range,11,27,158.46632093431458,173.76960315179488,177.71113394880038,175.1407498090195,97.3081674523363,83.24604261711907,1.0867066706944972,10.749228527326874,0.25885747142480264,0.47123153491307335,-0.381200764629682,-1.68610726254866,0.2001865247264618,0.22909883606882886,1.3323150487327524,-0.5968927417558163,-0.4867184905946065,-0.45087180188477305
pushup_incomplete_range_5.mp4_001,pushup,incomplete_range,12,27,158.3972787338248,173.8679318458249,177.54034965047862,175.17463920588276,96.91241365945106,86.32542397276274,0.8696056535541721,6.7419610253244,0.2586731539489963,-0.0690422004897755,0.0983286940300161,-0.17078429832176312,0.03388939686325898,-0.3957537928852446,3.0793813556436618,-0.21710101714032515,-4.007267502002474,-0.5402737354028488
pushup_incomplete_range_5.mp4_001,pushup,incomplete_range,13,27,158.63273770197694,174.6909554299045,176.27483307624996,173.4449342913033,97.21615612129222,97.42057736990253,0.3994535402727072,9.702267320468636,0.2592987092312952,0.2354589681521304,0.823023584079607,-1.2655165742286556,-1.7297049145794574,0.3037424618411535,11.095153397139796,-0.4701521132814649,2.9603062951442354,0.3045011686419059
pushup_incomplete_range_5.mp4_001,pushup,incomplete_range,14,27,158.41952046748418,174.80359268631722,176.78833405989144,173.52442894721443,96.593809496227,92.65625783559739,0.061179148720520785,2.7812738084320414,0.25882793592458075,-0.21321723449275964,0.11263725641271094,0.5135009836414781,0.0794946559111338,-0.6223466250652194,-4.7643195343051445,-0.3382743915521864,-6.920993512036594,-0.44867620264489005
pushup_incomplete_range_5.mp4_001,pushup,incomplete_range,15,27,158.23473966447943,174.22713825127317,176.72853898455617,173.7967664410306,96.32078061055199,92.85505650530006,0.467738461396622,0.5120894834682566,0.2585074113152284,-0.18478080300474176,-0.5764544350440417,-0.059795075335273395,0.2723374938161669,-0.2730288856750036,0.19879866970266846,0.40655931267610124,-2.269184324963785,0.028436431488017888
pushup_incomplete_range_5.mp4_001,pushup,incomplete_range,16,27,158.17084447514407,174.96410424816938,176.23683573835297,172.24053813095603,96.82814396616118,92.62054921788388,0.33646036950261393,0.9128672955749115,0.25900971016564645,-0.0638951893353692,0.7369659968962026,-0.49170324620320116,-1.556228310074573,0.5073633556091863,-0.23450728741617866,-0.13127809189400808,0.400777812106655,0.12088561366937256
pushup_incomplete_range_5.mp4_001,pushup,incomplete_range,17,27,157.7150171015191,174.94157683332438,176.14795610702745,171.88846009443623,97.42307248205807,92.26485968081981,0.08647689991902803,1.3830430087207854,0.2589025833449315,-0.4558273736249703,-0.022527414845001204,-0.08887963132551135,-0.3520780365197993,0.5949285158968962,-0.35568953706406603,-0.24998346958358592,0.4701757131458739,-0.3919321842896011
pushup_incomplete_range_5.mp4_001,pushup,incomplete_range,18,27,157.71834417098174,174.3223967042404,175.67329721880313,171.37900102818867,97.73255340764962,92.99541620033901,0.16625805968531504,2.1761543854598404,0.25925779637566726,0.0033270694626423847,-0.6191801290839862,-0.4746588882243259,-0.5094590662475582,0.3094809255915436,0.7305565195191974,0.07978115976628701,0.793111376739055,0.45915444308761266
pushup_incomplete_range_5.mp4_001,pushup,incomplete_range,19,27,157.50936536765158,173.5164163689785,175.76407368052452,172.01329292401013,97.87024260398297,97.25924679553852,0.06483589448300599,7.453684962962663,0.25929332915869474,-0.2089788033301545,-0.8059803352618928,0.09077646172138998,0.6342918958214625,0.13768919633335486,4.263830595199508,-0.10142216520230905,5.277530577502823,-0.2123058727927969
pushup_incomplete_range_5.mp4_001,pushup,incomplete_range,20,27,157.6200541587943,173.68381578625304,175.83576428463007,172.19583235630958,97.60675582317774,95.01438176245895,0.030017280950962295,9.795716644013307,0.25881717164281276,0.11068879114270658,0.1673994172745381,0.07169060410555517,0.1825394322994498,-0.2634867808052377,-2.244865033079563,-0.03481861353204369,2.342031681050644,0.3196675944728611
pushup_incomplete_range_5.mp4_001,pushup,incomplete_range,21,27,158.05591038228926,173.5179185744492,175.72300200089379,172.92875818243547,96.59074396324044,94.64500702106925,0.19276551284044244,12.540163547840116,0.2572816059692543,0.4358562234949659,-0.16589721180383776,-0.11276228373628783,0.7329258261258929,-1.0160118599372936,-0.3693747413897057,0.16274823188948015,2.744446903826809,0.3251674323522593
pushup_incomplete_range_5.mp4_001,pushup,incomplete_range,22,27,158.34969319635735,173.6286868292273,175.3660196849628,173.1595752624797,99.23316643219592,99.65052025462879,2.33103187851199,11.328824474487575,0.25619956979528613,0.2937828140680949,0.11076825477809393,-0.35698231593099194,0.23081708004423263,2.6424224689554734,5.00551323355954,2.1382663656715475,-1.2113390733525407,-0.14207340942687097
pushup_incomplete_range_5.mp4_001,pushup,incomplete_range,23,27,157.64427478293553,173.16301583424143,175.9444193118533,173.85994283140104,104.35686386502279,103.01201416507456,7.454944558663528,11.514927339978398,0.2563744480270506,-0.7054184134218247,-0.4656709949858566,0.5783996268905014,0.7003675689213367,5.123697432826873,3.3614939104457733,5.123912680151538,0.1861028654908221,-0.9992012274899196
pushup_incomplete_range_5.mp4_001,pushup,incomplete_range,24,27,156.95677860704797,172.69574148630386,176.65020393148762,174.109635448923,107.16637105442415,108.00163150765478,9.82570056996656,17.8873206260318,0.2557954793026374,-0.68749617588756,-0.4672743479375754,0.7057846196343291,0.24969261752195848,2.8095071894013586,4.9896173425802175,2.3707560113030324,6.372393286053404,0.017922237534264696
pushup_incomplete_range_5.mp4_001,pushup,incomplete_range,25,27,156.3350158008897,172.3291289545889,176.42806876463354,173.76109720575954,110.50521192189069,111.54044942797358,12.397133289267021,21.414133240615726,0.25662059552625516,-0.621762806158273,-0.36661253171496355,-0.22213516685408763,-0.3485382431634605,3.338840867466544,3.538817920318806,2.5714327193004607,3.5268126145839247,0.065733369729287
pushup_incomplete_range_5.mp4_001,pushup,incomplete_range,26,27,155.6952403819095,171.7017215102815,176.4451094365959,173.23280157607215,113.81516565932212,116.40219530291083,14.800024900151927,24.090203724300014,0.25821711540390335,-0.6397754189801788,-0.6274074443074085,0.01704067196237702,-0.528295629687392,3.309953737431428,4.861745874937242,2.4028916108849057,2.6760704836842883,-0.018012612821905805
pushup_incomplete_range_5.mp4_001,pushup,incomplete_range,27,27,155.09724156264406,171.05722943785074,175.76610452603265,171.5278308361719,118.06264227775135,117.05796532490591,17.928541147719745,19.196044651328513,0.2614298997372916,-0.597998819265456,-0.6444920724307508,-0.6790049105632647,-1.7049707399002614,4.247476618429232,0.6557700219950817,3.128516247567818,-4.894159072971501,0.041776599714722806
pushup_incomplete_range_5.mp4_002,pushup,incomplete_range,1,23,154.59655590008683,166.96155874134436,176.5852162564722,167.55671355152296,114.35942628825467,109.49641485991096,15.574108221601126,7.796260083349418,0.27557771304067497,-2.173546172594456,-0.9244307019304188,0.635349941477898,0.8899987353198924,-3.7960020726166306,-7.147124027109982,-3.135428815171771,-2.1663257084487153,-2.395614062321499
pushup_incomplete_range_5.mp4_002,pushup,incomplete_range,2,23,155.60780005923348,167.01979957781097,176.91412285181187,168.59037866628094,111.82728006844434,111.29070224069417,13.066708434787524,15.538222289381384,0.2727394370500069,1.0112441591466563,0.05824083646660938,0.32890659533967437,1.03366511475798,-2.532146219810329,1.7942873807832171,-2.507399786813602,7.741962206031966,3.1847903317411124
pushup_incomplete_range_5.mp4_002,pushup,incomplete_range,3,23,155.85211175849506,167.6234005419638,176.19749668211966,170.29645983009308,107.05968000671935,108.40939249670166,9.31515932136758,16.175606067586905,0.2676525627997864,0.2443116992615728,0.6036009641528324,-0.7166261696922049,1.7060811638121436,-4.767600061724991,-2.8813097439925173,-3.7515491134199443,0.6373837782055212,-0.7669324598850835
pushup_incomplete_range_5.mp4_002,pushup,incomplete_range,4,23,156.79894318236427,169.2457495893262,177.12938351180156,171.87000396086148,102.78882116569554,106.33478487341124,6.654457862853548,11.463272834480128,0.2635626522345487,0.946831423869213,1.6223490473624054,0.9318868296819005,1.573544130768397,-4.270858841023809,-2.0746076232904187,-2.6607014585140316,-4.7123332331067775,0.7025197246076402
pushup_incomplete_range_5.mp4_002,pushup,incomplete_range,5,23,158.1985928533729,170.88083114335942,176.15885802210164,170.79305188141976,99.39228353451776,99.88484638920569,3.3720137440340423,4.544645306589202,0.2635800477083428,1.399649671008632,1.6350815540332064,-0.9705254896999236,-1.0769520794417247,-3.396537631177779,-6.449938484205546,-3.2824441188195053,-6.9186275278909255,0.4528182471394189
pushup_incomplete_range_5.mp4_002,pushup,incomplete_range,6,23,157.90054451379052,171.7129628915156,177.24452815895125,173.0662679350041,97.09690945547217,95.31898190382935,1.8695227048119143,0.6269616531950435,0.2585705801686982,-0.29804833958237964,0.8321317481561721,1.0856701368496147,2.273216053584349,-2.2953740790455868,-4.565864485376338,-1.502491039222128,-3.9176836533941586,-1.6976980105910116
pushup_incomplete_range_5.mp4_002,pushup,incomplete_range,7,23,159.04031710228165,172.90414787209895,176.7534054730907,171.4496048651835,92.2350597752886,90.54781061085194,2.1200423632305134,4.240186471930609,0.2575231511331377,1.1397725884911267,1.1911849805833583,-0.49112268586054597,-1.6166630698206177,-4.861849680183568,-4.771171292977414,0.25051965841859913,3.6132248187355653,1.4378209280735064
pushup_incomplete_range_5.mp4_002,pushup,incomplete_range,8,23,160.1575899164014,173.86911836293987,174.64883868409268,171.21687808520022,91.11026919366088,87.54396531030324,4.36274759055151,7.644289727074777,0.25686460264087896,1.117272814119758,0.9649704908409262,-2.104566788998028,-0.23272677998326685,-1.124790581627721,-3.0038453005487042,2.242705227320996,3.404103255144168,-0.02249977437136863
pushup_incomplete_range_5.mp4_002,pushup,incomplete_range,9,23,159.9818466788177,173.0641140943112,175.7922473012103,172.05279392373063,88.71463999477896,81.83649570030313,5.970839036975942,11.929197371109295,0.25655697280120554,-0.1757432375837027,-0.8050042686286645,1.1434086171176148,0.8359158385304113,-2.3956291988819203,-5.707469610000103,1.6080914464244325,4.284907644034518,-1.2930160517034608
pushup_incomplete_range_5.mp4_002,pushup,incomplete_range,10,23,160.6392779399665,173.26903233628232,176.75154028016513,171.1156270269998,84.51875124352507,80.33175409376818,8.721120363823793,13.723414165883904,0.25644498221302997,0.6574312611487869,0.2049182419711144,0.959292978954835,-0.9371668967308437,-4.195888751253889,-1.5047416065349495,2.750281326847851,1.7942167947746093,0.8331744987324896
pushup_incomplete_range_5.mp4_002,pushup,incomplete_range,11,23,160.98669660313507,172.8285352431513,176.85259067677043,172.10992635180597,85.34344517290825,79.2422038242774,7.600737751145769,14.556301707198358,0.2565072750559877,0.3474186631685825,-0.4404970931310288,0.10105039660530224,0.9942993248061782,0.824693929383173,-1.0895502694907861,-1.120382612678024,0.8328875413144541,-0.3100125979802044
pushup_incomplete_range_5.mp4_002,pushup,incomplete_range,12,23,160.95452149113967,172.88240935207102,177.52458617951348,173.64982764733878,86.16957939007729,77.94329476931911,6.5421179013475825,14.62781057372408,0.2558136008042231,-0.03217511199540013,0.05387410891972877,0.6719955027430444,1.5399012955328146,0.8261342171690416,-1.298909054958287,-1.0586198497981867,0.07150886652572197,-0.3795937751639826
pushup_incomplete_range_5.mp4_002,pushup,incomplete_range,13,23,161.22847436950994,173.3227863173935,178.30211549395082,174.65751081298478,86.86607016048085,75.66955528508475,5.004829667409143,16.054788276687265,0.25467192276367157,0.2739528783702667,0.4403769653224856,0.777529314437345,1.0076831656460001,0.6964907704035568,-2.273739484234355,-1.5372882339384395,1.4269777029631854,0.30612799036566685
pushup_incomplete_range_5.mp4_002,pushup,incomplete_range,14,23,161.07968632656008,173.04373296499654,178.47154969485794,176.21537565608668,88.03932072127581,74.40555033307614,3.5453379334822497,16.092373063709484,0.2542973668585458,-0.14878804294986026,-0.2790533523969714,0.16943420090711925,1.5578648431018962,1.173250560794969,-1.2640049520086194,-1.4594917339268934,0.03758478702221879,-0.42274092132012697
pushup_incomplete_range_5.mp4_002,pushup,incomplete_range,15,23,161.25739669351452,172.83200682826612,178.11512687574046,176.43825201288558,88.33546837561374,76.79612290833799,3.353268504072866,13.573987055924706,0.25486807930488237,0.1777103669544431,-0.2117261367304195,-0.3564228191174834,0.22287635679890627,0.2961476543379291,2.3905725752618565,-0.19206942940938365,-2.5183860077847786,0.32649840990430334
pushup_incomplete_range_5.mp4_002,pushup,incomplete_range,16,23,161.22877123043196,172.69664066073258,177.7293269671435,176.64041876879767,89.38283807884248,78.92485749601211,2.7654945420322257,10.988762832466403,0.25443010992188253,-0.02862546308256242,-0.13536616753353314,-0.3857999085969652,0.20216675591208855,1.047369703228739,2.128734587674117,-0.5877739620406404,-2.5852242234583027,-0.2063358300370055
pushup_incomplete_range_5.mp4_002,pushup,incomplete_range,17,23,160.13363789760245,172.28691962720188,177.56827433073818,175.97780350184175,91.78878824974392,80.32511849526132,0.46441686655640896,10.298874495125292,0.25423884010451936,-1.095133332829505,-0.4097210335307011,-0.16105263640531575,-0.6626152669559247,2.405950170901434,1.4002609992492125,-2.301077675475817,-0.6898883373411113,-1.0665078697469426
pushup_incomplete_range_5.mp4_002,pushup,incomplete_range,18,23,158.48858670474928,171.7381022222181,179.9204711734973,176.54589675055914,93.1752337843437,85.88840139383214,1.6839131212551612,5.8380919271158085,0.25387425650068707,-1.645051192853174,-0.5488174049837937,2.3521968427591275,0.5680932487173891,1.3864455345997868,5.563282898570819,1.2194962546987522,-4.460782568009483,-0.5499178600236689
pushup_incomplete_range_5.mp4_002,pushup,incomplete_range,19,23,157.3689033629069,169.9686035713383,179.0094268313628,179.77179761700125,97.10597723535805,92.07006887144533,5.571933122653695,1.0776704913642996,0.25275989413526495,-1.119683341842375,-1.7694986508797967,-0.9110443421345167,3.2259008664421174,3.930743451014351,6.181667477613189,3.8880200013985338,-4.760421435751509,0.5253678510107989
pushup_incomplete_range_5.mp4_002,pushup,incomplete_range,20,23,156.84855987998023,168.0706562756848,178.88220633178685,179.4772462632217,103.79925730925575,103.19914267804423,12.104258252215054,9.650820693503777,0.25468321306198,-0.5203434829266769,-1.8979472956534948,-0.12722049957594095,-0.29455135377955344,6.6932800738976965,11.129073806598896,6.532325129561359,8.573150202139477,0.5993398589156982
pushup_incomplete_range_5.mp4_002,pushup,incomplete_range,21,23,157.70591382757956,167.4323078830769,179.86930590113508,179.63459869964788,109.03892806502915,109.02852922351126,16.197113239185445,13.02244400753187,0.25723221770930116,0.8573539475993357,-0.6383483926078952,0.9870995693482314,0.15735243642618002,5.239670755773403,5.829386545467031,4.092854986970391,3.371623314028094,1.3776974305260126
pushup_incomplete_range_5.mp4_002,pushup,incomplete_range,22,23,158.04956794446488,166.41955126735593,178.56312308103418,179.77376827844805,114.9167710333651,119.88056488685153,21.92705419548625,26.2044556028774,0.25945254825929975,0.3436541168853182,-1.0127566157209742,-1.3061828201009007,0.13916957880016412,5.8778429683359406,10.852035663340274,5.729940956300805,13.182011595345529,-0.5136998307140175
pushup_incomplete_range_5.mp4_002,pushup,incomplete_range,23,23,157.75947017287186,165.65400081920555,178.32481858287585,179.04144042932055,119.53481188718541,122.51113129157379,25.733421437149335,28.493972213893766,0.2611557455851493,-0.2900977715930253,-0.7655504481503783,-0.23830449815832822,-0.7323278491275005,4.618040853820318,2.630566404722259,3.806367241663086,2.289516611016367,-0.6337518884783435
pushup_incomplete_range_5.mp4_003,pushup,incomplete_range,1,35,173.25121410734135,167.47038772380398,163.21050308831948,159.44093953442058,104.72109645105681,87.91247089672605,26.937547014787818,24.54389553316941,0.26189382748230167,-0.3568221215189453,0.4036194987519366,-1.0736469419692014,-1.0421798244304625,-13.2129048876795,-10.086672037896491,-13.011272754450864,-4.267385552591836,1.0067899180922666
pushup_incomplete_range_5.mp4_003,pushup,incomplete_range,2,35,174.50735808961267,169.59653036588244,163.59261432225864,161.39461546400713,98.50471753990578,88.65418111212932,21.430964204750403,24.47354400647731,0.26081871075279695,1.2561439822713112,2.126142642078463,0.38211123393915614,1.9536759295865522,-6.2163789111510255,0.7417102154032733,-5.506582810037415,-0.07035152669210021,1.6129661037902565
pushup_incomplete_range_5.mp4_003,pushup,incomplete_range,3,35,171.75146104260236,166.96839476628006,162.23222475161262,159.3353111456927,92.02027701929583,86.9923893048254,15.822068955691902,23.666628533877947,0.26121853459914224,-2.7558970470103077,-2.6281355996023876,-1.3603895706460207,-2.0593043183144175,-6.484440520609951,-1.6617918073039277,-5.6088952490585005,-0.8069154725993641,-4.012041029281619
pushup_incomplete_range_5.mp4_003,pushup,incomplete_range,4,35,172.3200320445645,168.60515793922204,164.4981423869232,162.4132396959235,87.97110606909243,85.4610496480112,11.075302102630724,21.3946996283274,0.2579511062979017,0.568571001962141,1.6367631729419827,2.2659176353105863,3.07792855023078,-4.049170950203404,-1.5313396568141968,-4.746766853061178,-2.271928905550549,3.3244680489724487
pushup_incomplete_range_5.mp4_003,pushup,incomplete_range,5,35,173.36921907048176,172.1959115315597,166.44484324144122,166.45149328676024,99.06834416786393,99.28089900489093,22.634832811371993,23.788187571664032,0.25744731767415985,1.0491870259172629,3.5907535923376486,1.9467008545180136,4.038253590836746,11.097238098771498,13.819849356879729,11.559530708741269,2.393487943336634,0.4806160239551218
pushup_incomplete_range_5.mp4_003,pushup,incomplete_range,6,35,173.98866490802587,173.8329055510933,168.48261879083918,167.18583518440016,93.28467444306634,93.88255808054686,15.59470570404199,21.9979866777555,0.2579861619048682,0.6194458375441059,1.6369940195336028,2.0377755493979635,0.7343418976399221,-5.783669724797591,-5.398340924344069,-7.040127107330003,-1.7902008939085334,-0.429741188373157
pushup_incomplete_range_5.mp4_003,pushup,incomplete_range,7,35,173.66749164685282,173.54628387515402,168.80230106004768,168.61849385765177,90.49465712819621,91.6667341728642,12.590666284436736,21.38807185751277,0.25806812103624777,-0.321173261173044,-0.2866216759392728,0.3196822692084993,1.4326586732516091,-2.790017314870127,-2.215823907682662,-3.0040394196052542,-0.6099148202427287,-0.9406190987171499
pushup_incomplete_range_5.mp4_003,pushup,incomplete_range,8,35,171.60789799422142,172.48989837275386,169.9182672018244,168.6070473124702,95.12015929254812,90.83228395567784,17.137745992628442,22.562671526786964,0.25615332877008523,-2.0595936526314063,-1.0563855024001612,1.1159661417767097,-0.0114465451815704,4.625502164351914,-0.8344502171863581,4.547079708191706,1.174599669274194,-1.7384203914583622
pushup_incomplete_range_5.mp4_003,pushup,incomplete_range,9,35,173.47494721799438,172.75358073034826,169.40317465083768,168.25055628083638,108.98067301070004,91.29817183942538,35.690438724860776,28.175850720823806,0.2548148895671912,1.8670492237729661,0.26368235759440495,-0.5150925509867079,-0.3564910316338228,13.860513718151921,0.4658878837475413,18.552692732232334,5.613179194036842,3.9266428764043724
pushup_incomplete_range_5.mp4_003,pushup,incomplete_range,10,35,175.52038949894177,172.91794949924972,169.8722479094363,168.58402189550787,102.18514867372568,95.66213154692403,27.81022857106547,16.847463816090812,0.2540923469386965,2.045442280947384,0.16436876890145413,0.4690732585986268,0.33346561467149627,-6.795524336974367,4.363959707498651,-7.880210153795307,-11.328386904732994,0.1783930571744179
pushup_incomplete_range_5.mp4_003,pushup,incomplete_range,11,35,175.31031586993234,172.45305788918475,170.2276611792824,168.60909263257778,102.40683161052847,97.92216147194146,26.661355334507405,15.26960840136354,0.2527100730663849,-0.21007362900942894,-0.46489161006496715,0.3554132698460819,0.025070737069910365,0.22168293680279305,2.2600299250174345,-1.1488732365580638,-1.5778554147272725,-2.255515909956813
pushup_incomplete_range_5.mp4_003,pushup,incomplete_range,12,35,175.12121204427984,173.65528651527467,171.24391014994822,169.8182259101403,101.1423307307554,96.58810851176054,24.55514774800853,11.253173821849,0.2516105823149653,-0.18910382565249506,1.2022286260899193,1.0162489706658278,1.209133277562529,-1.2645008797730668,-1.3340529601809266,-2.1062075864988756,-4.01643457951454,0.02096980335693388
pushup_incomplete_range_5.mp4_003,pushup,incomplete_range,13,35,173.8867421553581,173.65819329119327,172.07261225885583,170.18034904027368,99.56463948842017,91.72053386552066,20.953233588083183,6.779429682614553,0.25098975042984056,-1.2344698889217511,0.0029067759186034436,0.8287021089076063,0.3621231301333694,-1.5776912423352343,-4.8675746462398735,-3.6019141599253466,-4.473744139234447,-1.045366063269256
pushup_incomplete_range_5.mp4_003,pushup,incomplete_range,14,35,173.81252796842676,173.86865741519276,171.64074825547186,171.1850555493544,95.62074513930641,88.85868537583478,17.379425900254507,2.0791912016181833,0.24976428948029206,-0.07421418693132864,0.21046412399948622,-0.43186400338396425,1.0047065090807052,-3.943894349113762,-2.861848489685883,-3.573807687828676,-4.7002384809963695,1.1602557019904225
pushup_incomplete_range_5.mp4_003,pushup,incomplete_range,15,35,173.72948058013188,172.28368675976571,172.0001544137687,171.58262745825982,100.27644892603391,87.44449506405898,23.285525867924296,0.8047985112629273,0.2488414935472683,-0.08304738829488656,-1.5849706554270426,0.3594061582968493,0.3975719089054337,4.6557037867275,-1.4141903117757977,5.906099967669789,-1.2743926903552558,-0.008833201363557919
pushup_incomplete_range_5.mp4_003,pushup,incomplete_range,16,35,172.60816771618408,171.89583533430798,172.08040526408035,171.88355200896834,97.89418580359093,85.85801273527623,20.71200121037493,1.7968732105552863,0.2481257544809546,-1.121312863947793,-0.38785142545773965,0.08025085031164281,0.3009245507085154,-2.3822631224429784,-1.5864823287827505,-2.573524657549367,0.9920746992923589,-1.0382654756529064
pushup_incomplete_range_5.mp4_003,pushup,incomplete_range,17,35,172.1242521684892,171.6220964615364,173.2751619822614,173.52379996375032,98.73768381129295,86.34748169209293,20.688735142879388,2.001205211589738,0.2478653221218092,-0.48391554769489176,-0.27373887277158815,1.1947567181810541,1.6402479547819837,0.8434980077020242,0.4894689568166939,-0.023266067495541165,0.2043320010344516,0.6373973162529012
pushup_incomplete_range_5.mp4_003,pushup,incomplete_range,18,35,173.45839714057345,171.46878626776302,173.71984236952935,174.50431468929403,94.03501868197708,78.34936543744944,14.820088431733835,11.050685256708073,0.24794330173793983,1.3341449720842604,-0.15331019377336474,0.4446803872679368,0.9805147255437134,-4.702665129315875,-7.998116254643492,-5.868646711145553,9.049480045118335,1.8180605197791522
pushup_incomplete_range_5.mp4_003,pushup,incomplete_range,19,35,173.35842130684475,172.06214059069643,173.8103846617903,175.27368212009716,92.78750600385898,75.81666783819732,13.366490999819845,12.562016935350803,0.24800402640252414,-0.09997583372870622,0.5933543229334077,0.0905422922609489,0.7693674308031291,-1.247512678118099,-2.532697599252117,-1.4535974319139893,1.5113316786427298,-1.4341208058129666
pushup_incomplete_range_5.mp4_003,pushup,incomplete_range,20,35,173.36233750414766,172.11761787698345,175.2449543141973,175.94917813621376,91.80332496272943,78.00255850128114,12.68656601528875,8.8840434455764,0.2492905752952172,0.003916197302913815,0.055477286287015204,1.4345696524069922,0.6754960161165968,-0.9841810411295455,2.185890663083825,-0.6799249845310946,-3.677973489774402,0.10389203103162004
pushup_incomplete_range_5.mp4_003,pushup,incomplete_range,21,35,173.27761276408248,171.6653177412683,176.78212662077175,176.60981083178194,85.86382036067387,69.85450155055449,4.547205588307654,14.298636301800096,0.2490847351968518,-0.08472474006518382,-0.4523001357151486,1.5371723065744618,0.6606326955681823,-5.939504602055564,-8.148056950726655,-8.139360426981096,5.414592856223695,-0.08864093736809764
pushup_incomplete_range_5.mp4_003,pushup,incomplete_range,22,35,172.5168718560464,171.00302692862473,176.86992332977727,176.90763564312417,83.3227674717436,69.34486478032521,2.0741154262787274,13.32412697410511,0.24842437964209138,-0.7607409080360696,-0.6622908126435618,0.0877967090055165,0.29782481134222394,-2.541052888930267,-0.5096367702292781,-2.4730901620289267,-0.974509327694987,-0.6760161679708858
pushup_incomplete_range_5.mp4_003,pushup,incomplete_range,23,35,170.40078833682614,171.27515539258806,177.76068247528247,178.63223094315103,82.15342974507948,68.94849370761354,0.41524894565972065,14.543627404101253,0.24822349248312567,-2.1160835192202683,0.2721284639633268,0.8907591455052,1.7245953000268628,-1.169337726664125,-0.3963710727116734,-1.6588664806190068,1.2195004299961436,-1.3553426111841986
pushup_incomplete_range_5.mp4_003,pushup,incomplete_range,24,35,170.162648791346,171.2773842790265,177.68017045880268,179.49857985868272,83.06563404462963,74.17426294320757,0.9047043988823275,10.279901012431836,0.24777332646013694,-0.23813954548015204,0.002228886438444988,-0.08051201647978701,0.8663489155316881,0.9122042995501545,5.225769235594029,0.4894554532226068,-4.263726391669417,1.8779439737401162
pushup_incomplete_range_5.mp4_003,pushup,incomplete_range,25,35,170.5706189044077,171.9940117489922,178.4544584382381,179.782589611752,84.6652183314708,83.19840926993139,2.3617735280877556,2.1561293200692395,0.24732095021312003,0.40797011306170816,0.7166274699656867,0.774287979435428,0.28400975306928444,1.5995842868411643,9.024146326723823,1.4570691292054283,-8.123771692362595,0.6461096585418602
pushup_incomplete_range_5.mp4_003,pushup,incomplete_range,26,35,170.25769649818534,172.57574845272416,178.93406219120882,179.80656688695933,85.79108590977783,87.01147697349094,3.2193207791698057,6.1074698041181685,0.24735653273571895,-0.3129224062223557,0.5817367037319627,0.4796037529707178,0.023977275207329285,1.1258675783070373,3.813067703559554,0.8575472510820501,3.951340484048929,-0.7208925192840638
pushup_incomplete_range_5.mp4_003,pushup,incomplete_range,27,35,169.24899401535595,172.38492239831632,179.94240272393282,179.90673201288035,89.00699960645066,91.56699879097633,5.200805205822703,10.578269578785445,0.24567115365987638,-1.008702482829392,-0.19082605440783595,1.0083405327239916,0.10016512592102345,3.2159136966728283,4.555521817485385,1.981484426652897,4.4707997746672765,-0.6957800766070363
pushup_incomplete_range_5.mp4_003,pushup,incomplete_range,28,35,168.46219806157245,172.05408181547304,178.38435063870457,179.7204004014283,93.34368016630835,105.97667636860211,8.167184540701212,24.40177990332029,0.24527350255607003,-0.7867959537834963,-0.33084058284327966,-1.5580520852282405,-0.18633161145206145,4.336680559857683,14.409677577625786,2.9663793348785097,13.823510324534844,0.2219065290458957
pushup_incomplete_range_5.mp4_003,pushup,incomplete_range,29,35,165.52663031113008,171.25387529725026,178.25597063534647,179.72064525809324,96.24783458144884,105.24850464891114,10.6797028727565,27.042052617211397,0.24607511925473066,-2.935567750442374,-0.8002065182227796,-0.12838000335810307,0.0002448566649491113,2.9041544151404963,-0.7281717196909767,2.512518332055288,2.6402727138911075,-2.1487717966588775
pushup_incomplete_range_5.mp4_003,pushup,incomplete_range,30,35,164.72787137594418,170.87676150625907,177.50512812814327,179.12361009477146,99.26773570346647,108.88845157043312,12.742439815298363,25.757153006366842,0.24657802823689054,-0.7987589351859015,-0.3771137909911886,-0.7508425072032026,-0.5970351633217774,3.019901122017629,3.6399469215219824,2.0627369425418625,-1.2848996108445547,2.1368088152564724
pushup_incomplete_range_5.mp4_003,pushup,incomplete_range,31,35,164.00818927571189,170.96789701038804,176.2457575674546,177.11719907861686,102.45248931399986,110.61261517091161,14.50797615051801,25.268383824992537,0.24810795911024844,-0.7196821002322906,0.09113550412897098,-1.2593705606886658,-2.006411016154601,3.1847536105333916,1.7241636004784908,1.7655363352196467,-0.48876918137430536,0.07907683495361084
pushup_incomplete_range_5.mp4_003,pushup,incomplete_range,32,35,162.90482728888534,169.6977189692231,175.60070165880043,177.80972398830357,105.32556126602992,111.46548191639059,16.374985341474865,25.09808042240012,0.2523641090885915,-1.1033619868265419,-1.2701780411649395,-0.6450559086541716,0.6925249096867105,2.8730719520300596,0.8528667454789769,1.8670091909568551,-0.17030340259241683,-0.38367988659425123
pushup_incomplete_range_5.mp4_003,pushup,incomplete_range,33,35,162.51463415551763,168.6892962478448,174.92763332116772,176.439674209134,107.98121283108118,108.4036569716408,17.37855395958185,26.581043403991714,0.2550019818900534,-0.3901931333677169,-1.0084227213783095,-0.6730683376327136,-1.3700497791695625,2.655651565051258,-3.0618249447497874,1.0035686181069856,1.4829629815915943,0.713168853458825
pushup_incomplete_range_5.mp4_003,pushup,incomplete_range,34,35,160.79966740901267,167.74869069981426,173.6817792948123,176.34834674294476,115.60627318903441,116.21210445978535,23.312687401132838,31.342124435679484,0.2565373686442539,-1.714966746504956,-0.9406055480305326,-1.2458540263554312,-0.0913274661892558,7.625060357953231,7.808447488144552,5.934133441550987,4.76108103168777,-1.3247736131372392
pushup_incomplete_range_5.mp4_003,pushup,incomplete_range,35,35,159.56351959181998,166.67687921512078,174.50583680461637,176.0420413484885,121.19978392528397,121.86099453024445,28.00008805072764,33.268055380347434,0.25916596075004517,-1.2361478171926876,-1.0718114846934839,0.8240575098040779,-0.3063053944562455,5.593510736249556,5.648890070459103,4.687400649594803,1.9259309446679502,0.47881892931226844
pushup_incomplete_range_5.mp4_004,pushup,incomplete_range,1,28,156.0199609775527,162.27086023268762,178.9944321280669,175.9363141277456,115.24945621481122,103.20920263017828,21.59291672123125,15.91651369054137,0.25496746047953567,-0.574695696531677,-0.09674222055792825,0.21974954160941707,-2.28947485214141,-1.8131245769121165,-11.044723251768659,-1.1920086364767677,-3.2757890309845887,0.07194990201438145
pushup_incomplete_range_5.mp4_004,pushup,incomplete_range,2,28,155.37981058912587,163.85630266044012,179.75995072213007,174.96154263110085,111.62362030368105,100.22273871675736,18.246463628794718,13.063984299455983,0.2542345346162749,-0.6401503884268323,1.585442427752497,0.7655185940631668,-0.9747714966447347,-3.6258359111301672,-2.98646391342092,-3.3464530924365334,-2.852529391085387,-0.06545469189515529
pushup_incomplete_range_5.mp4_004,pushup,incomplete_range,3,28,156.1406621913773,164.76508734146998,179.25475778911382,175.46325670553543,107.44029343701963,97.6878866296738,14.30688528710093,16.15322343843879,0.2537648444086908,0.7608516022514209,0.9087846810298572,-0.5051929330162466,0.5017140744345738,-4.183326866661417,-2.5348520870835642,-3.939578341693787,3.0892391389828067,1.4010019906782532
pushup_incomplete_range_5.mp4_004,pushup,incomplete_range,4,28,156.70568628990713,166.39060765810206,178.52345979867994,176.64016321699665,102.93213547665043,92.31893386770348,10.055285568707458,14.069789580965358,0.2526523616113852,0.5650240985298467,1.6255203166320769,-0.7312979904338874,1.176906511461226,-4.5081579603692035,-5.36895276197032,-4.251599718393473,-2.083433857473432,-0.1958275037215742
pushup_incomplete_range_5.mp4_004,pushup,incomplete_range,5,28,156.00432286422964,167.39869632173972,177.4143900909603,178.30160177816836,99.1136274059681,91.50587156324615,7.116630084361256,10.31815961797244,0.2551052988821549,-0.7013634256774992,1.0080886636376647,-1.109069707719641,1.6614385611717069,-3.818508070682327,-0.8130623044573326,-2.938655484346201,-3.751629962992917,-1.266387524207346
pushup_incomplete_range_5.mp4_004,pushup,incomplete_range,6,28,161.69440677321782,168.22836917548878,179.12637161269416,179.92014707886034,95.2909157457287,90.24841841934096,2.843074457506131,3.9747492524298678,0.25590032122015205,5.690083908988186,0.8296728537490594,1.7119815217338612,1.6185453006919772,-3.8227116602394062,-1.257453143905181,-4.273555626855126,-6.343410365542573,6.391447334665685
pushup_incomplete_range_5.mp4_004,pushup,incomplete_range,7,28,164.93929250322833,168.1457465969296,178.11153768458243,179.32274280995324,91.39134864002726,83.14261258322884,0.7285883741532188,2.9659495877142525,0.25618656351401436,3.244885730010509,-0.08262257855918165,-1.0148339281117273,-0.5974042689070984,-3.8995671057014363,-7.1058058361121255,-2.114486083352912,-1.0087996647156152,-2.4451981789776767
pushup_incomplete_range_5.mp4_004,pushup,incomplete_range,8,28,164.30811557016597,166.87821883864427,179.96637705939295,178.43800895397214,88.09468279014155,82.82043396727485,0.9150657275273082,3.4295662514793035,0.2550735932039473,-0.6311769330623633,-1.2675277582853255,1.854839374810524,-0.8847338559810964,-3.296665849885713,-0.32217861595398745,0.18647735337408944,0.46361666376505095,-3.8760626630728723
pushup_incomplete_range_5.mp4_004,pushup,incomplete_range,9,28,163.9553581716497,167.54594085652644,178.84154733538577,178.28480570085648,82.93225312417431,77.86254270396802,2.275448837488083,0.5492944613936975,0.251846728060976,-0.35275739851627463,0.6677220178821699,-1.124829724007185,-0.15320325311566307,-5.162429665967238,-4.957891263306834,1.3603831099607746,-2.880271790085606,0.2784195345460887
pushup_incomplete_range_5.mp4_004,pushup,incomplete_range,10,28,164.39919224919296,167.55865924125266,178.48584143513253,178.44952698307526,89.50678983407654,87.20885327640123,6.595896693604003,22.009071174528746,0.2512032082907626,0.4438340775432721,0.012718384726213117,-0.3557059002532412,0.16472128221877824,6.574536709902233,9.346310572433211,4.320447856115921,21.45977671313505,0.7965914760595467
pushup_incomplete_range_5.mp4_004,pushup,incomplete_range,11,28,164.65086611649113,167.37681269524123,177.8796389917369,178.06952243985734,88.69017206478254,93.01468197645819,8.43967022978364,20.996614056748403,0.24910417047476044,0.251673867298166,-0.18184654601142825,-0.606202443395631,-0.38000454321792176,-0.8166177692939982,5.8058287000569635,1.8437735361796372,-1.0124571177803432,-0.1921602102451061
pushup_incomplete_range_5.mp4_004,pushup,incomplete_range,12,28,164.30501936890087,168.1047270349311,177.34136067038116,178.61456089763823,88.49151241388928,91.15228200624661,8.36748965560057,13.23989961815863,0.25039058120915386,-0.345846747590258,0.7279143396898746,-0.5382783213557332,0.5450384577808904,-0.1986596508932621,-1.8623999702115839,-0.07218057418307033,-7.756714438589773,-0.597520614888424
pushup_incomplete_range_5.mp4_004,pushup,incomplete_range,13,28,163.45444667655667,167.3231793418707,176.9179502499222,178.87425338418257,84.37128551991685,78.49394182636541,4.974701296959295,6.857652806644568,0.24915724459166338,-0.8505726923442012,-0.7815476930603893,-0.42341042045896415,0.2596924865443384,-4.120226893972429,-12.658340179881193,-3.3927883586412753,-6.382246811514062,-0.5047259447539432
pushup_incomplete_range_5.mp4_004,pushup,incomplete_range,14,28,163.24402432185843,167.06283096599032,176.57762955338976,179.04865632394097,79.4800367782424,59.19139223314122,0.7353078893612738,27.70608213193796,0.24961565419542672,-0.21042235469823822,-0.2603483758803975,-0.34032069653244434,0.1744029397584086,-4.89124874167446,-19.302549593224192,-4.239393407598021,20.848429325293395,0.640150337645963
pushup_incomplete_range_5.mp4_004,pushup,incomplete_range,15,28,162.38841959458983,167.3867137232516,175.64689535139,178.9121672379738,79.65133059478447,62.818963475925614,0.37624662575877005,23.386853090470698,0.24955416149738247,-0.8556047272685987,0.3238827572612877,-0.9307342019997691,-0.13648908596718456,0.1712938165420752,3.6275712427843914,-0.35906126360250373,-4.319229041467263,-0.6451823725703605
pushup_incomplete_range_5.mp4_004,pushup,incomplete_range,16,28,165.82356727180658,168.45301861775147,175.53410632365393,179.88629666553163,81.48420874369023,49.78407617855012,1.6762914538058462,40.75884769661675,0.2483231959198101,3.4351476772167473,1.066304894499865,-0.11278902773605637,0.9741294275578412,1.8328781489057633,-13.03488729737549,1.3000448280470762,17.37199460614605,4.290752404485346
pushup_incomplete_range_5.mp4_004,pushup,incomplete_range,17,28,165.9816244360893,168.72584144156096,175.61703168029743,179.67424142727876,79.67283430272347,48.08978817132045,4.927579163564613,43.69162099786341,0.24844121773141425,0.15805716428272376,0.2728228238094914,0.08292535664349998,-0.21205523825287287,-1.811374440966759,-1.694288007229673,3.251287709758767,2.9327733012466624,-3.2770905129340235
pushup_incomplete_range_5.mp4_004,pushup,incomplete_range,18,28,165.88932605567513,168.34654627415668,175.7155286156038,179.42221593817567,78.92901493896238,48.13376446412157,6.522636015527983,44.11907808652998,0.2487578540632841,-0.09229838041417793,-0.3792951674042797,0.09849693530637182,-0.2520254891030902,-0.7438193637610908,0.04397629280111914,1.5950568519633697,0.4274570886665714,-0.2503555446969017
pushup_incomplete_range_5.mp4_004,pushup,incomplete_range,19,28,165.75441238957967,168.51528087656507,173.9608302811138,178.37520063608778,79.6267080723419,50.97877361753005,5.706492748593411,41.68943844941289,0.2492588295111563,-0.13491366609545707,0.16873460240839222,-1.7546983344900013,-1.0470153020878854,0.6976931333795164,2.8450091534084834,-0.8161432669345716,-2.4296396371170914,-0.04261528568127915
pushup_incomplete_range_5.mp4_004,pushup,incomplete_range,20,28,165.66589929735832,167.96919398515078,171.90997330471865,176.11455433096813,80.3858795940612,51.05082699788958,4.0345017274381805,40.422542402214646,0.24869387868202242,-0.08851309222134773,-0.5460868914142907,-2.0508569763951527,-2.26064630511965,0.7591715217192956,0.07205338035952735,-1.6719910211552307,-1.2668960471982444,0.04640057387410934
pushup_incomplete_range_5.mp4_004,pushup,incomplete_range,21,28,164.9095788702554,166.07945305306265,168.07089298091702,170.8030854169746,81.22403462780898,54.74463867287839,1.9336549311325661,35.20964853300892,0.24810973889085583,-0.7563204271029349,-1.8897409320881309,-3.8390803238016247,-5.3114689139935365,0.8381550337477819,3.693811674988808,-2.100846796305614,-5.212893869205729,-0.6678073348815872
pushup_incomplete_range_5.mp4_004,pushup,incomplete_range,22,28,163.52129425174158,165.21974569636313,165.00534238482354,168.8831554837668,111.20303825127054,83.74386874249083,31.809468730708044,7.292865685008073,0.24902230913648205,-1.3882846185138078,-0.8597073566995164,-3.0655505960934875,-1.9199299332077828,29.979003623461566,28.999230069612445,29.87581379957548,-27.916782848000842,-0.6319641914108729
pushup_incomplete_range_5.mp4_004,pushup,incomplete_range,23,28,162.96712230539802,167.97616539114463,164.61787982402646,168.67745440460672,110.58617588757119,95.05735320294474,28.56319176829922,2.8588235472513666,0.25021500064002067,-0.5541719463435584,2.756419694781499,-0.38746256079707564,-0.20570107916009306,-0.6168623636993544,11.313484460453907,-3.2462769624088246,-4.434042137756707,0.8341126721702494
pushup_incomplete_range_5.mp4_004,pushup,incomplete_range,24,28,164.613702028584,170.10237243786804,166.10472146148587,168.0886792016905,91.76107083987499,92.69387672728365,7.077811222921084,2.0247943155231027,0.25343232644060526,1.6465797231859653,2.126207046723408,1.4868416374594062,-0.5887752029162243,-18.825105047696198,-2.3634764756610878,-21.485380545378135,-0.8340292317282638,2.2007516695295237
pushup_incomplete_range_5.mp4_004,pushup,incomplete_range,25,28,167.08716913909163,169.86243723661516,168.27315528362206,169.97815841839272,87.83275016864765,94.3686636554459,1.1481406434537393,4.550932560309933,0.2579195176611946,2.4734671105076416,-0.2399352012528766,2.168433822136194,1.8894792167022274,-3.9283206712273397,1.6747869281622485,-5.929670579467345,2.5261382447868304,0.8268873873216762
pushup_incomplete_range_5.mp4_004,pushup,incomplete_range,26,28,168.63411647098872,167.85802785558383,170.30517381085372,168.19541866678094,95.63640725312194,98.87679288519355,7.7081825977157115,10.492192666992537,0.261022611603041,1.546947331897087,-2.004409381031337,2.0320185272316564,-1.7827397516117856,7.803657084474295,4.508129229747652,6.560041954261973,5.941260106682604,-0.9265197786105546
pushup_incomplete_range_5.mp4_004,pushup,incomplete_range,27,28,167.39131674822465,167.31457484163826,172.96404428889574,170.49975372166182,105.8644546827699,104.05059827122918,15.131092691926362,16.3949354390209,0.2623043398182014,-1.2427997227640617,-0.543453013945566,2.6588704780420187,2.3043350548808803,10.228047429647958,5.173805386035625,7.422910094210651,5.902742772028365,-2.7897470546611487
pushup_incomplete_range_5.mp4_004,pushup,incomplete_range,28,28,168.25852094093983,166.73709188851197,176.15774033197664,172.28175958811855,118.95138931621793,115.36382375882918,24.844046072941925,30.171440770596945,0.2635916758557019,0.8672041927151781,-0.5774829531262924,3.193696043080905,1.7820058664567284,13.086934633448024,11.313225487600008,9.712953381015563,13.776505331576043,2.11000391547924
pushup_incomplete_range_6.mp4_000,pushup,incomplete_range,1,35,165.04087490890964,167.9334782236856,165.940022162803,154.61991787800142,117.83113151508273,119.9400933009098,5.907985911059831,3.54428487883342,0.2950077475577629,-0.4650620637545444,0.23570648765473834,3.967625427151944,1.7684815131695188,-2.9367169500552137,-0.10576450707996798,-0.24849892077819824,3.0971942657505456,-3.681932756665333
pushup_incomplete_range_6.mp4_000,pushup,incomplete_range,2,35,166.01728675258036,169.89374779443008,167.18679962622156,153.02277522376494,113.52968045567606,116.24453667421446,3.6268989833010803,1.4505051697735898,0.29317328864445924,0.9764118436707179,1.9602695707444866,1.2467774634185673,-1.5971426542364782,-4.3014510594066735,-3.6955566266953355,-2.281086927758751,-2.09377970905983,1.4414739074252623
pushup_incomplete_range_6.mp4_000,pushup,incomplete_range,3,35,166.19726648482637,169.97162428993508,167.9258219173613,153.8902793951105,109.38645046613165,109.18284930675067,1.2965436812265843,4.213245413231188,0.2889505429860765,0.17997973224601083,0.07787649550499509,0.7390222911397473,0.8675041713455585,-4.143229989544409,-7.06168736746379,-2.330355302074496,2.762740243457598,-0.796432111424707
pushup_incomplete_range_6.mp4_000,pushup,incomplete_range,4,35,167.63834616399112,171.9300489039808,168.15231524771005,153.10830864065028,104.57536585889268,107.79348375606546,2.0176309924822484,3.422894228534164,0.2854973432531546,1.4410796791647442,1.9584246140457253,0.2264933303487453,-0.7819707544602181,-4.811084607238968,-1.3893655506852127,0.7210873112556642,-0.7903511846970237,1.2610999469187334
pushup_incomplete_range_6.mp4_000,pushup,incomplete_range,5,35,166.92925428756774,172.15192688644305,168.69288220434638,154.47313625339368,103.42344613039043,103.25195066939236,2.896823025376949,7.366009795403239,0.28209945545953086,-0.709091876423372,0.22187798246224588,0.5405669566363258,1.3648276127433974,-1.15191972850225,-4.541533086673098,0.8791920328947005,3.9431155668690754,-2.1501715555881162
pushup_incomplete_range_6.mp4_000,pushup,incomplete_range,6,35,161.59891018384928,171.80393968593907,168.90610368754872,154.3418474444117,100.89073573016185,103.03421409075237,4.858911352950923,8.142075933907178,0.28128984642421534,-5.33034410371846,-0.34798720050397947,0.21322148320234646,-0.1312888089819637,-2.5327104002285807,-0.21773657863998608,1.9620883275739738,0.7760661385039382,-4.621252227295088
pushup_incomplete_range_6.mp4_000,pushup,incomplete_range,7,35,162.0313001968432,170.80414915280943,169.458931138346,156.64602893732467,100.38694307869243,96.7527644888841,4.445502304601154,13.794808423561305,0.2773577043272117,0.43239001299392044,-0.9997905331296408,0.552827450797281,2.30418149291296,-0.5037926514694249,-6.281449601868275,-0.4134090483497683,5.652732489654127,5.76273411671238
pushup_incomplete_range_6.mp4_000,pushup,incomplete_range,8,35,162.78271825088544,170.57157271767454,170.61335837006968,159.0264783342212,99.97613432603029,92.72742122054235,2.6817669920939933,16.821662049850875,0.2738219699904337,0.751418054042233,-0.23257643513488802,1.1544272317236732,2.3804493968965232,-0.4108087526621347,-4.025343268341743,-1.763735312507161,3.0268536262895704,0.3190280410483126
pushup_incomplete_range_6.mp4_000,pushup,incomplete_range,9,35,160.86951813748735,170.2604344397559,170.8562991497291,160.84796201248133,97.9971283337283,89.98495245006913,4.490421548516157,18.648432475648416,0.2722050982426038,-1.9132001133980907,-0.31113827791864423,0.2429407796594205,1.8214836782601367,-1.9790059923019925,-2.7424687704732236,1.808654556422164,1.826770425797541,-2.6646181674403238
pushup_incomplete_range_6.mp4_000,pushup,incomplete_range,10,35,159.88829437898116,170.10232417630326,172.45160310707385,162.8513340814042,95.05323378453602,87.41713589545337,6.485781907030022,19.518024652747773,0.26846707010294313,-0.9812237585061894,-0.15811026345264168,1.595303957344754,2.0033720689228574,-2.9438945491922794,-2.56781655461576,1.9953603585138646,0.8695921770993564,0.9319763548919013
pushup_incomplete_range_6.mp4_000,pushup,incomplete_range,11,35,159.76761403198574,170.08375563011884,173.87169069142612,164.46037957058326,92.37962167158007,85.8880428340305,8.350651859595333,20.37398664805035,0.26555241748840236,-0.12068034699541386,-0.018568546184411616,1.4200875843522738,1.609045489179067,-2.6736121129559507,-1.52909306142287,1.8648699525653107,0.8559619953025788,0.8605434115107755
pushup_incomplete_range_6.mp4_000,pushup,incomplete_range,12,35,158.93088366381554,169.22158677608394,174.70336166925892,167.64309863624794,91.14156294189652,81.84003504407077,9.064067062664318,22.10497035439884,0.2638905102444005,-0.8367303681702083,-0.8621688540349055,0.8316709778328004,3.182719065664685,-1.2380587296835444,-4.048007789959726,0.7134152030689851,1.7309837063484892,-0.7160500211747944
pushup_incomplete_range_6.mp4_000,pushup,incomplete_range,13,35,159.48690328089637,168.70934200063778,176.96289054630043,169.1466901397936,87.73678939964154,78.86506001184728,10.868052308313057,24.00196655300418,0.26335718130914526,0.5560196170808354,-0.5122447754461632,2.259528877041504,1.503591503545664,-3.4047735422549863,-2.9749750322234974,1.8039852456487395,1.8969961986053399,1.3927499852510437
pushup_incomplete_range_6.mp4_000,pushup,incomplete_range,14,35,157.62525687425182,166.52908934371249,176.504206286546,168.81094326528745,86.74375439418583,76.99478236331046,12.697479503956721,24.963326756350554,0.2638824518757379,-1.861646406644553,-2.1802526569252905,-0.4586842597544205,-0.3357468745061567,-0.9930350054557096,-1.8702776485368133,1.8294271956436639,0.9613602033463735,-2.4176660237253884
pushup_incomplete_range_6.mp4_000,pushup,incomplete_range,15,35,158.13076915984604,166.4392057277744,176.64849927400698,169.39643671556604,85.61771041994041,75.9124246693502,12.970337881106664,24.507095665844805,0.2643124269257464,0.5055122855942216,-0.08988361593807781,0.14429298746097174,0.5854934502785909,-1.1260439742454196,-1.0823576939602617,0.27285837714994265,-0.4562310905057494,2.3671586922387746
pushup_incomplete_range_6.mp4_000,pushup,incomplete_range,16,35,158.1251955006366,166.3204626984215,177.93563586737088,169.77348297701582,82.94270830371751,72.12583997849508,13.193882657238657,25.3942811799935,0.26626965898381627,-0.00557365920943198,-0.11874302935291325,1.287136593363897,0.3770462614497774,-2.675002116222899,-3.786584690855122,0.22354477613199286,0.887185514148694,-0.5110859448036535
pushup_incomplete_range_6.mp4_000,pushup,incomplete_range,17,35,157.9405144656672,166.98956917520954,178.37892328750354,169.4337233263711,82.33082900875456,68.41783554222162,13.207498066582634,28.795952250485673,0.26751651852672353,-0.18468103496940103,0.6691064767880448,0.44328742013266265,-0.3397596506447087,-0.6118792949629466,-3.7080044362734554,0.013615409343977092,3.401671070492174,-0.17910737575996905
pushup_incomplete_range_6.mp4_000,pushup,incomplete_range,18,35,158.0496060653016,167.12473045233872,178.72972012147267,169.50527714948055,80.98509142545922,67.19427937050637,13.887884345096015,29.582899692906615,0.26806332714265935,0.10909159963438242,0.13516127712918546,0.3507968339691274,0.07155382310943992,-1.345737583295346,-1.2235561717152592,0.6803862785133816,0.7869474424209422,0.29377263460378344
pushup_incomplete_range_6.mp4_000,pushup,incomplete_range,19,35,157.60880003418347,167.3966259814885,179.58264227820803,169.59555157217105,93.35509448884586,70.51318098761487,0.2468359925967257,26.54282630556162,0.26851587256594406,-0.44080603111811456,0.27189552914978776,0.8529221567353602,0.09027442269049857,12.370003063386648,3.3189016171085086,-13.64104835249929,-3.0400733873449965,-0.549897630752497
pushup_incomplete_range_6.mp4_000,pushup,incomplete_range,20,35,157.89726020370793,167.53121876731112,179.58011122080796,169.93569552172377,100.36843047141636,74.92521032097763,9.756317877368863,22.131750748405036,0.26834985982720394,0.2884601695244555,0.1345927858226048,-0.002531057400062764,0.34014394955272564,7.013335982570496,4.412029333362753,9.509481884772137,-4.4110755571565825,0.7292662006425701
pushup_incomplete_range_6.mp4_000,pushup,incomplete_range,21,35,158.2408964079237,168.2517960349047,179.15736689178595,170.4762271284171,101.28488785973781,76.77571636353099,6.907500245864352,20.351625369569753,0.2710804757683306,0.3436362042157839,0.7205772675935691,-0.4227443290220094,0.540531606693321,0.9164573883214473,1.8505060425533628,-2.8488176315045113,-1.780125378835283,0.05517603469132837
pushup_incomplete_range_6.mp4_000,pushup,incomplete_range,22,35,159.46601764228615,168.95786850699753,178.44878654528972,170.53278607594916,100.20081602109063,75.09620238977827,4.502470669869918,20.01513395927193,0.270857104690387,1.2251212343624331,0.706072472092842,-0.7085803464962339,0.056558947532067805,-1.0840718386471764,-1.6795139737527194,-2.4050295759944333,-0.33649141029782115,0.8814850301466493
pushup_incomplete_range_6.mp4_000,pushup,incomplete_range,23,35,160.04131400474034,169.75637322013398,178.72689520412402,170.44538018726956,98.98459960298018,73.99526277875974,3.6434387588654507,19.851966917622743,0.2692031150723606,0.5752963624541962,0.7985047131364524,0.2781086588342987,-0.08740588867959787,-1.2162164181104487,-1.100939611018532,-0.8590319110044677,-0.1631670416491886,-0.6498248719082369
pushup_incomplete_range_6.mp4_000,pushup,incomplete_range,24,35,159.79889950867985,169.779316917427,179.9498160117948,171.4002062744226,98.62145827818372,73.24831717093986,3.6740694177388638,19.128046020130135,0.2691531808852745,-0.2424144960604906,0.02294369729301593,1.2229208076707891,0.9548260871530374,-0.3631413247964588,-0.7469456078198817,0.030630658873413097,-0.7239208974926079,-0.8177108585146868
pushup_incomplete_range_6.mp4_000,pushup,incomplete_range,25,35,161.18129026204747,170.05090871586336,179.56609725856578,171.71129637188517,90.59835244286693,73.42352995295334,4.116214502854462,18.8227195942914,0.269292392524316,1.3823907533676163,0.2715917984363614,-0.3837187532290329,0.3110900974625679,-8.023105835316798,0.17521278201348878,0.4421450851155986,-0.3053264258387358,1.624805249428107
pushup_incomplete_range_6.mp4_000,pushup,incomplete_range,26,35,161.72019701262968,170.11140680497007,179.73816503167205,172.2049288661887,88.70165004435695,75.63115162510823,5.934159563586691,18.35544338012023,0.26893787298487065,0.538906750582214,0.060498089106715724,0.17206777310627785,0.49363249430354017,-1.896702398509973,2.207621672154886,1.817945060732229,-0.46727621417116794,-0.8434840027854023
pushup_incomplete_range_6.mp4_000,pushup,incomplete_range,27,35,160.98578088917515,169.02205046475393,179.36781957860995,174.11679486688118,87.23797739505206,78.36933785818293,6.6231522768204165,16.771192541904195,0.26878198966890426,-0.7344161234545368,-1.089356340216142,-0.3703454530621002,1.91186600069247,-1.4636726493048968,2.7381862330746998,0.6889927132337252,-1.584250838216036,-1.2733228740367508
pushup_incomplete_range_6.mp4_000,pushup,incomplete_range,28,35,160.30838315625905,168.62618496087194,179.7583268354939,174.98887154755246,90.51045711856014,81.94535659647316,5.098620530106814,14.083437453031284,0.26929951931301077,-0.6773977329160914,-0.3958655038819927,0.39050725688395005,0.8720766806712845,3.2724797235080842,3.57601873829023,-1.5245317467136026,-2.687755088872912,0.057018390538445374
pushup_incomplete_range_6.mp4_000,pushup,incomplete_range,29,35,159.59043180817633,167.86375971528452,179.6922268600251,174.77546834201698,94.07826457651186,85.74331341982699,2.5090281913291914,10.817868997270157,0.2707093816711465,-0.7179513480827211,-0.7624252455874228,-0.06609997546880209,-0.21340320553548509,3.567807457951716,3.797956823353829,-2.5895923387776225,-3.2655684557611266,-0.0405536151666297
pushup_incomplete_range_6.mp4_000,pushup,incomplete_range,30,35,158.41535416566865,167.98638253596286,179.56588956669745,174.98106347238098,98.97459801571391,87.53436289184646,0.31997744069931217,9.257469614992695,0.2716797557140266,-1.1750776425076879,0.12262282067834462,-0.12633729332765142,0.2055951303640029,4.896333439202053,1.7910494720194663,-2.189050750629879,-1.5603993822774616,-0.4571262944249668
pushup_incomplete_range_6.mp4_000,pushup,incomplete_range,31,35,157.14787508352197,167.02268263915158,179.82733027695124,173.76790138424278,102.70996712874617,94.46583459598762,2.997120152415717,4.1820584496337965,0.27395711988562793,-1.2674790821466786,-0.9636998968112778,0.2614407102537939,-1.2131620881382048,3.735369113032263,6.93147170414116,2.677142711716405,-5.075411165358899,-0.09240143963899072
pushup_incomplete_range_6.mp4_000,pushup,incomplete_range,32,35,156.0847511049604,166.24343616908138,179.8585033259116,172.2653042233406,106.3582869959609,97.54720059884255,5.904683613738751,4.852325719424517,0.27727023174852544,-1.0631239785615776,-0.7792464700702055,0.031173048960368988,-1.5025971609021838,3.648319867214724,3.081366002854935,2.9075634613230337,0.6702672697907204,0.204355103585101
pushup_incomplete_range_6.mp4_000,pushup,incomplete_range,33,35,155.34975257348552,166.25739168713952,179.3002263650863,170.78357141634444,111.59207820560141,102.6005648132689,9.450410564770376,3.2468028628693113,0.2806898113834492,-0.7349985314748722,0.01395551805813966,-0.5582769608253102,-1.481732806996149,5.233791209640515,5.053364214426352,3.545726951031625,-1.6055228565552055,0.32812544708670544
pushup_incomplete_range_6.mp4_000,pushup,incomplete_range,34,35,153.20471199637066,164.67704820876094,179.85227696492692,170.42233246462752,116.49347560162708,109.02046589932624,13.062136998525666,1.0015829795945468,0.2824986945353913,-2.1450405771148553,-1.5803434783785804,0.5520505998406122,-0.36123895171692766,4.901397396025672,6.419901086057337,3.6117264337552903,-2.2452198832747645,-1.4100420456399831
pushup_incomplete_range_6.mp4_000,pushup,incomplete_range,35,35,153.10469139084603,166.16840849957566,179.62619096968027,168.51376960249127,121.71767589582424,112.82642535262191,17.2704280110019,4.667903257148849,0.28262481599758,-0.10002060552463377,1.4913602908147254,-0.22608599524664896,-1.9085628621362503,5.224200294197161,3.805959453295671,4.208291012476234,3.666320277554302,2.0450199715902215
pushup_incomplete_range_6.mp4_001,pushup,incomplete_range,1,18,158.58350877936005,173.09492037510026,163.14046510296822,151.72784931436283,118.0626177854094,120.19060372357127,8.1910485143359,5.610316790048286,0.29545167867254235,-0.09030997916082129,-0.44235423130638196,1.4090643453660334,0.19639222709798787,-1.9299912260682532,-2.5140388544142525,-0.5914650305970977,-1.1740104618927418,0.9218894213859414
pushup_incomplete_range_6.mp4_001,pushup,incomplete_range,2,18,158.68789761649836,172.80142288132245,165.01773386673273,153.41286221967158,115.09967369459584,116.2956682929166,6.7140524339589955,4.042242847068891,0.29310775147372,0.10438883713831615,-0.29349749377780654,1.877268763764505,1.6850129053087528,-2.962944090813565,-3.8949354306546695,-1.4769960803769049,-1.568073942979395,0.19469881629913743
pushup_incomplete_range_6.mp4_001,pushup,incomplete_range,3,18,158.19479303959145,173.58308420494126,166.82809590025175,154.2872311915523,112.49865650995895,113.7138486513393,5.06822199034308,2.860571547605295,0.28993056095106123,-0.4931045769069158,0.7816613236188061,1.8103620335190271,0.8743689718807275,-2.6010171846368877,-2.5818196415772974,-1.6458304436159157,-1.1816712994635963,-0.5974934140452319
pushup_incomplete_range_6.mp4_001,pushup,incomplete_range,4,18,156.87837120768387,172.68771657068643,169.31822675024054,155.79517530908237,107.50277211457161,109.12781042987844,2.663689573430946,2.5823566295047695,0.2855138993747968,-1.3164218319075758,-0.8953676342548249,2.4901308499887875,1.5079441175300587,-4.9958843953873355,-4.586038221460868,-2.404532416912134,-0.27821491810052557,-0.82331725500066
pushup_incomplete_range_6.mp4_001,pushup,incomplete_range,5,18,159.71977698737044,169.8904125374563,170.56387073788932,158.96949710923704,105.07996144490556,106.04443760178991,0.8073279537646822,2.9152085671419705,0.2828568678477282,2.8414057796865677,-2.7973040332301196,1.2456439876487764,3.1743218001546722,-2.422810669666049,-3.083372828088528,-1.8563616196662638,0.332851937637201,4.1578276115941435
pushup_incomplete_range_6.mp4_001,pushup,incomplete_range,6,18,159.68820475260833,171.6787494712516,171.25265791467402,161.22723915578263,104.90281432302812,102.2634419411276,1.3812298788836737,1.8071432525274767,0.281026508364488,-0.03157223476210902,1.7883369337952786,0.6887871767847003,2.2577420465455873,-0.17714712187743942,-3.780995660662313,0.5739019251189914,-1.1080653146144939,-2.8729780144486767
pushup_incomplete_range_6.mp4_001,pushup,incomplete_range,7,18,158.20509957731207,171.58623228064621,172.2869395299416,163.14982168205606,104.21639053657105,93.03243503920027,0.9985214261861521,11.720432547618545,0.2796933618024327,-1.4831051752962594,-0.09251719060537766,1.034281615267588,1.9225825262734304,-0.6864237864570697,-9.23100690192733,-0.3827084526975215,9.913289295091069,-1.4515329405341504
pushup_incomplete_range_6.mp4_001,pushup,incomplete_range,8,18,158.01360396799987,170.46805798942518,173.51229218832137,166.60280602646662,103.53767061795762,85.6235272507623,0.23907504193965667,18.56492640498003,0.27702857574650314,-0.19149560931219867,-1.1181742912210382,1.2253526583797623,3.4529843444105666,-0.6787199186134387,-7.408907788437972,-0.7594463842464955,6.844493857361487,1.2916095659840607
pushup_incomplete_range_6.mp4_001,pushup,incomplete_range,9,18,155.8453256148199,168.24962716161963,174.6405060037292,169.04690056608155,101.68541141117869,82.62260905734088,0.9855133595085597,20.656501695099813,0.2760716406705516,-2.1682783531799714,-2.2184308278055482,1.1282138154078325,2.444094539614923,-1.8522592067789247,-3.0009181934214126,0.746438317568903,2.0915752901197813,-1.9767827438677728
pushup_incomplete_range_6.mp4_001,pushup,incomplete_range,10,18,156.04207162080007,168.26201521149127,175.79015172231257,169.9696011890982,100.66771379576544,82.46361904170982,1.8350894177700505,21.59262593849271,0.2733997561811589,0.19674600598017378,0.01238804987164599,1.149645718583372,0.9227006230166523,-1.0176976154132547,-0.15899001563106196,0.8495760582614909,0.9361242433928965,2.365024359160145
pushup_incomplete_range_6.mp4_001,pushup,incomplete_range,11,18,156.89332822868562,169.1968116074393,175.7074509243937,170.18724820911973,102.29558145399206,80.03092384883179,1.4354173695350607,23.502277208992222,0.27238506708985266,0.8512566078855457,0.9347963959480126,-0.08270079791887497,0.21764702002153058,1.62786765822662,-2.432695192878029,-0.3996720482349898,1.9096512704995128,0.6545106019053719
pushup_incomplete_range_6.mp4_001,pushup,incomplete_range,12,18,155.40817866546686,170.83796927381482,176.27151463537007,168.5090938968238,103.66812508583003,81.4893688090902,0.14844563507084818,21.681140405152252,0.27314963555136607,-1.485149563218755,1.641157666375534,0.5640637109763702,-1.6781543122959306,1.3725436318379707,1.4584449602584044,-1.2869717344642124,-1.8211368038399698,-2.3364061711043007
pushup_incomplete_range_6.mp4_001,pushup,incomplete_range,13,18,154.10520407372033,170.40899888997166,177.02019658355044,168.16880871205555,104.59918891624147,83.96629791212398,0.837042212533917,20.382040362164517,0.2733221754379892,-1.3029745917465334,-0.4289703838431649,0.7486819481803764,-0.3402851847682484,0.9310638304114462,2.4769291030337826,0.6885965774630688,-1.2991000429877353,0.18217497147222161
pushup_incomplete_range_6.mp4_001,pushup,incomplete_range,14,18,153.62980521365225,169.71037064376412,178.62077671212734,169.15254704250495,107.00812440620977,100.54329165013948,3.435000911932361,1.8206424026698906,0.27225319281222343,-0.47539886006808274,-0.6986282462075337,1.600580128576894,0.9837383304493983,2.4089354899683,16.576993738015503,2.597958699398444,-18.561397959494627,0.8275757316784507
pushup_incomplete_range_6.mp4_001,pushup,incomplete_range,15,18,153.18486176655765,168.56569242726837,179.6681582997025,169.79281216257607,109.02212415711031,106.74949509680211,5.746398773674685,7.238128721852343,0.27188394411802896,-0.44494344709460165,-1.1446782164957483,1.0473815875751598,0.6402651200711205,2.0139997509005383,6.206203446662627,2.3113978617423245,5.417486319182452,0.03045541297348109
pushup_incomplete_range_6.mp4_001,pushup,incomplete_range,16,18,153.1888568227624,168.4227188872073,179.77041068324445,170.30939610908013,112.81070210309484,114.40719530288234,9.034501068133263,14.936000539828164,0.27540254697242444,0.00399505620475793,-0.1429735400610639,0.10225238354195199,0.5165839465040563,3.788577945984528,7.657700206080236,3.288102294458578,7.697871817975821,0.4489385032993596
pushup_incomplete_range_6.mp4_001,pushup,incomplete_range,17,18,152.81483502177957,167.01260324136604,178.75860521966416,170.0515901919549,116.87602490517274,126.07845302443577,11.445477436247364,17.796844465197218,0.2801311806220398,-0.3740218009828311,-1.4101156458412731,-1.0118054635802878,-0.25780591712523915,4.065322802077901,11.671257721553431,2.4109763681141008,2.8608439253690534,-0.37801685718758904
pushup_incomplete_range_6.mp4_001,pushup,incomplete_range,18,18,151.1596116106639,167.0072552055561,176.83524243071105,170.15647256367092,119.4041652451418,126.14257285168038,14.982397259474372,21.218713655343866,0.2803475283291936,-1.655223411115685,-0.005348035809930707,-1.9233627889531135,0.10488237171603032,2.528140339969056,0.0641198272446104,3.5369198232270076,3.421869190146648,-1.2812016101328538
pushup_incomplete_range_6.mp4_002,pushup,incomplete_range,1,28,160.03340759776793,172.94065667254858,170.0154542468576,159.0966717867946,116.31153385912519,105.5107361057076,10.570151003384947,0.95892065268959,0.2914433686171488,3.8089211315983675,0.43351009963436127,2.038488874671998,0.5245748662616165,-3.3535817430160506,2.3125942356010967,-1.7051349451788376,-7.3298414053887875,4.901131373203015
pushup_incomplete_range_6.mp4_002,pushup,incomplete_range,2,28,160.09480226064323,173.0722204481984,172.22835931868275,160.23949552790162,113.95109972341876,106.92442015666185,9.533232885296211,3.023840376306998,0.28902678820197886,0.061394662875301265,0.13156377564982336,2.212905071825162,1.142823741107037,-2.360434135706427,1.4136840509542594,-1.0369181180887352,2.064919723617408,-3.7475264687230663
pushup_incomplete_range_6.mp4_002,pushup,incomplete_range,3,28,155.91094830770965,172.9922611670312,172.8670660255634,160.13260935639883,111.09322663756294,104.07544542620968,7.849739406024705,7.050905350350251,0.2883265843996069,-4.183853952933589,-0.07995928116721984,0.6387067068806402,-0.10688617150279356,-2.8578730858558288,-2.84897473045217,-1.6834934792715064,4.027064974043253,-4.24524861580889
pushup_incomplete_range_6.mp4_002,pushup,incomplete_range,4,28,154.62944583807905,172.65666281309774,173.6317235932795,161.03298951619175,108.40168753349847,101.04989322278679,6.758424373987546,9.744057621537122,0.28658638898337424,-1.2815024696305954,-0.33559835393344883,0.7646575677161138,0.9003801597929169,-2.6915391040644607,-3.0255522034228903,-1.0913150320371594,2.6931522711868707,2.9023514833029935
pushup_incomplete_range_6.mp4_002,pushup,incomplete_range,5,28,158.31648989217265,172.33523246684334,174.51804918772984,162.67829273429848,104.81532803200312,97.00939312404239,4.872123133220278,12.296242597613523,0.2835324551962821,3.6870440540936045,-0.32143034625440237,0.8863255944503408,1.6453032181067329,-3.5863595014953518,-4.040500098744403,-1.886301240767268,2.5521849760764006,4.9685465237242
pushup_incomplete_range_6.mp4_002,pushup,incomplete_range,6,28,159.54012823911438,171.38790325774949,175.83443280051176,165.25378279086732,102.18032352838544,92.57449831820416,3.77031839234882,15.226772201126858,0.2793522362601223,1.2236383469417262,-0.9473292090938514,1.3163836127819195,2.575490056568839,-2.6350045036176795,-4.434894805838226,-1.1018047408714575,2.9305296035133352,-2.4634057071518782
pushup_incomplete_range_6.mp4_002,pushup,incomplete_range,7,28,159.36984632636566,169.98600184395175,176.6533375421067,167.20092065369127,100.16096372558142,89.33061165818081,2.6623930770635273,17.323574133111606,0.2780749098994429,-0.1702819127487203,-1.4019014137977308,0.8189047415949346,1.9471378628239506,-2.0193598028040185,-3.2438866600233496,-1.1079253152852928,2.096801931984748,-1.3939202596904465
pushup_incomplete_range_6.mp4_002,pushup,incomplete_range,8,28,158.31586135245712,170.01056601992846,177.55423529030517,169.10261335365226,100.63496638470946,91.79665186622701,3.494315753078297,13.841364400090633,0.2764805693714409,-1.0539849739085412,0.024564175976706792,0.9008977481984743,1.9016926999609893,0.47400265912803263,2.466040208046195,0.8319226760147695,-3.482209733020973,-0.8837030611598209
pushup_incomplete_range_6.mp4_002,pushup,incomplete_range,9,28,157.72954116761497,170.17093760709403,177.79051338994734,170.57717797206567,100.91560008954201,84.96456174047754,3.5190192588608724,16.674017869641986,0.27510439042366835,-0.5863201848421511,0.16037158716557087,0.2362780996421634,1.4745646184134102,0.2806337048325531,-6.832090125749474,0.02470350578257552,2.832653469551353,0.4676647890663901
pushup_incomplete_range_6.mp4_002,pushup,incomplete_range,10,28,157.63092872013837,170.2474647371545,178.34813310973368,172.46049259447028,98.85685025776998,91.84069200895172,2.265676371604313,2.6645278476214713,0.2744875742295334,-0.09861244747659725,0.07652713006046952,0.5576197197863451,1.8833146224046118,-2.058749831772033,6.876130268474185,-1.2533428872565593,-14.009490022020515,0.48770773736555384
pushup_incomplete_range_6.mp4_002,pushup,incomplete_range,11,28,157.21242112045996,170.00834973559486,178.92419006263353,172.56625440926067,98.34454653820211,92.3291230967774,1.941537315876062,8.193509572177534,0.27583562832311953,-0.41850759967840645,-0.2391150015596395,0.5760569528998474,0.10576181479038382,-0.5123037195678677,0.4884310878256741,-0.3241390557282511,5.528981724556063,-0.3198951522018092
pushup_incomplete_range_6.mp4_002,pushup,incomplete_range,12,28,157.19654777427724,170.153554987376,179.84025461669398,175.29146861903686,95.98630026938015,92.69561193851403,1.0023266428032362,0.8189910732388305,0.27482253085843267,-0.01587334618272962,0.1452052517811353,0.9160645540604548,2.7252142097761975,-2.358246268821958,0.36648884173663987,-0.9392106730728258,-7.374518498938704,0.40263425349567683
pushup_incomplete_range_6.mp4_002,pushup,incomplete_range,13,28,157.33928232837164,170.15044818536845,179.03755514909759,178.64321403363093,95.12134339117428,85.66378621578478,0.04421035357504803,7.501275076105336,0.273143444186011,0.14273455409440317,-0.0031068020075508684,-0.8026994675963977,3.3517454145940633,-0.8649568782058736,-7.031825722729252,-0.9581162892281883,6.682284002866505,0.15860790027713279
pushup_incomplete_range_6.mp4_002,pushup,incomplete_range,14,28,156.88647588103126,170.50159000405438,178.14474456410542,179.7753123959892,93.14761829753469,82.3707728105495,1.3823979580036307,10.853188440440812,0.27324075364082734,-0.4528064473403788,0.35114181868593164,-0.8928105849921621,1.1320983623582777,-1.9737250936395867,-3.2930134052352855,1.3381876044285828,3.351913364335476,-0.595541001434782
pushup_incomplete_range_6.mp4_002,pushup,incomplete_range,15,28,157.13161637471907,171.28166152416665,177.3730166540097,179.86860841005952,91.11475691089939,81.78555762662879,2.5951724780279553,12.062672575063779,0.27340965071967643,0.24514049368781343,0.7800715201122728,-0.7717279100957342,0.09329601407031873,-2.032861386635304,-0.5852151839207096,1.2127745200243245,1.2094841346229668,0.6979469410281922
pushup_incomplete_range_6.mp4_002,pushup,incomplete_range,16,28,157.68601932681946,172.13661330357127,177.0868356816383,178.9735874282768,90.15196835468205,79.86811140228494,3.2751062781155036,12.15651769516547,0.27236771521375314,0.5544029521003893,0.8549517794046153,-0.2861809723713975,-0.8950209817827215,-0.9627885562173333,-1.9174462243438484,0.6799338000875483,0.09384512010169033,0.3092624584125758
pushup_incomplete_range_6.mp4_002,pushup,incomplete_range,17,28,158.13138195725332,173.27666066186387,176.73721853716205,179.88698617904257,90.09699000101618,83.98765554534211,2.306048678884896,9.577386476056352,0.27160780747140756,0.4453626304338627,1.1400473582926054,-0.34961714447624104,0.913398750765765,-0.05497835366587367,4.119544143057169,-0.9690575992306076,-2.579131219109117,-0.10904032166652655
pushup_incomplete_range_6.mp4_002,pushup,incomplete_range,18,28,159.97628813236724,174.5420531320683,176.6792952188601,178.86646568049298,88.20037483652135,85.36453908114568,3.326209983697908,8.9221029509089,0.2699711214339433,1.8449061751139197,1.2653924702044321,-0.057923318301959625,-1.0205204985495868,-1.8966151644948326,1.3768835358035716,1.020161304813012,-0.6552835251474516,1.399543544680057
pushup_incomplete_range_6.mp4_002,pushup,incomplete_range,19,28,160.63795772352262,176.43520553348696,176.28505393922006,178.7795530056303,87.8762214208807,86.73525509616096,3.838887914418987,7.29633033118002,0.2685550875355843,0.6616695911553734,1.8931524014186607,-0.39424127964002764,-0.08691267486267407,-0.3241534156406516,1.370716015015276,0.5126779307210789,-1.625772619728881,-1.1832365839585464
pushup_incomplete_range_6.mp4_002,pushup,incomplete_range,20,28,162.89691282656523,176.80360638491388,176.61283902061612,178.70477485661965,92.05956910944965,86.27835782597961,0.25331131422849684,5.974965540987836,0.26564430354774365,2.2589551030426094,0.36840085142691237,0.32778508139605833,-0.07477814901065472,4.183347688568958,-0.45689727018134363,-3.58557660019049,-1.3213647901921837,1.597285511887236
pushup_incomplete_range_6.mp4_002,pushup,incomplete_range,21,28,163.10465849050163,176.40319659285862,175.75019403611472,176.86391241367969,94.46725458349457,86.99866254864283,2.4096956988897174,4.737241699057995,0.26638902471572784,0.20774566393640725,-0.40040979205525673,-0.8626449845014008,-1.8408624429399651,2.4076854740449107,0.7203047226632151,2.1563843846612203,-1.2377238419298413,-2.051209439106202
pushup_incomplete_range_6.mp4_002,pushup,incomplete_range,22,28,163.20419159347742,176.79080619551664,175.161206680075,176.11563756273318,98.66445934296489,87.46734926702968,6.5958684173732145,3.9937774194746236,0.26418229586706327,0.09953310297578355,0.38760960265801714,-0.5889873560397234,-0.7482748509465011,4.197204759470324,0.4686867183868486,4.186172718483498,-0.743464279583371,-0.1082125609606237
pushup_incomplete_range_6.mp4_002,pushup,incomplete_range,23,28,161.88284069825957,176.48314257589993,175.1605007358615,176.8461761817795,102.57127865491931,88.53071781539025,9.285730465924251,3.550871790243479,0.26435293456471287,-1.3213508952178472,-0.3076636196167044,-0.0007059442135073368,0.7305386190463139,3.906819311954422,1.0633685483605717,2.6898620485510367,-0.4429056292311446,-1.4208839981936308
pushup_incomplete_range_6.mp4_002,pushup,incomplete_range,24,28,160.82646377413283,175.70481111096095,175.05271247832454,177.29901935145887,105.7953673673485,89.33477792989673,12.087090148370836,1.0827445729172638,0.26548925748599017,-1.056376924126738,-0.7783314649389865,-0.10778825753695287,0.4528431696793689,3.224088712429193,0.8040601145064841,2.8013596824465843,-2.468127217326215,0.2649739710911092
pushup_incomplete_range_6.mp4_002,pushup,incomplete_range,25,28,160.6809677895396,174.2677674438979,175.50554732737822,177.81256346885178,108.20046650316817,94.43995345921088,13.949140060715262,2.6797528718615404,0.26671189653978433,-0.1454959845932251,-1.437043667063051,0.4528348490536871,0.513544117392911,2.4050991358196683,5.1051755293141525,1.8620499123444265,1.5970082989442766,0.9108809395335129
pushup_incomplete_range_6.mp4_002,pushup,incomplete_range,26,28,160.1552913450015,175.3100839321398,175.2986405044271,178.5464951717494,113.46401986190757,107.98514574523506,17.650408416315262,16.024829088066035,0.26797738784036107,-0.5256764445381066,1.0423164882419087,-0.20690682295111174,0.7339317028976211,5.263553358739401,13.545192286024175,3.7012683556,13.345076216204495,-0.3801804599448815
pushup_incomplete_range_6.mp4_002,pushup,incomplete_range,27,28,156.7153122324775,173.6236275911362,173.74380866631577,178.0499420141003,116.8919395090514,115.74066640064336,19.892311289751582,20.483384607478097,0.26984071455011177,-3.4399791125240142,-1.6864563410036055,-1.5548318381113404,-0.4965531576490889,3.427919647143824,7.755520655408304,2.24190287343632,4.458555519412062,-2.9143026679859076
pushup_incomplete_range_6.mp4_002,pushup,incomplete_range,28,28,154.46123185190524,172.88384640252087,173.66738664788966,178.6940959177306,119.15382459842955,121.01191148944152,21.298216712231557,21.852425332229235,0.273428429305787,-2.2540803805722476,-0.7397811886153249,-0.07642201842611485,0.644153903630297,2.261885089378154,5.271245088798153,1.4059054224799752,1.3690407247511374,1.1858987319517666
pushup_incomplete_range_6.mp4_003,pushup,incomplete_range,1,21,145.0942984656662,163.6406532792629,167.08453011543367,151.75940735141478,118.25315197000074,117.78004051186466,8.861566596333065,0.7697108634500173,0.29489285590644815,0.1511233228316371,0.2162281624341631,3.3785581325321914,2.4272808896562594,-2.642992979652817,-2.1455011903361907,-0.04938045884899722,-0.18146619627626326,0.9141887126409358
pushup_incomplete_range_6.mp4_003,pushup,incomplete_range,2,21,146.00997729194648,163.3140263036603,169.48560553323918,153.72980602410112,115.99124360136474,111.7635761175667,7.796818894575623,5.6552707152922705,0.29060035218072405,0.9156788262802706,-0.32662697560257925,2.401075417805515,1.9703986726863434,-2.261908368636,-6.016464394297955,-1.0647477017574412,4.885559851842253,0.7645555034486335
pushup_incomplete_range_6.mp4_003,pushup,incomplete_range,3,21,146.21303432949057,162.74263525840252,171.7352451590666,157.93000511750833,114.33148130905899,109.84624864264447,7.391138595038192,2.219132576843155,0.28675067403867266,0.20305703754408455,-0.5713910452577977,2.2496396258274274,4.200199093407207,-1.6597622923057571,-1.9173274749222315,-0.40568029953743157,-3.4361381384491154,-0.7126217887361861
pushup_incomplete_range_6.mp4_003,pushup,incomplete_range,4,21,145.12504798007993,160.90752161409193,172.8456469331785,163.5603250785656,116.73520422197323,107.48284579799162,9.175993201089504,4.40128830064674,0.28342805556272804,-1.0879863494106417,-1.8351136443105815,1.1104017741118923,5.630319961057268,2.4037229129142474,-2.363402844652853,1.7848546060513124,2.1821557238035845,-1.2910433869547262
pushup_incomplete_range_6.mp4_003,pushup,incomplete_range,5,21,144.932125037546,160.21331940145973,174.73165441066226,166.0687927847788,114.4607462870226,103.98196754720253,7.9030963735124224,2.9426547717088303,0.28003661425421483,-0.19292294253392583,-0.6942022126322058,1.8860074774837585,2.508467706213196,-2.2744579349506324,-3.5008782507890857,-1.2728968275770818,-1.4586335289379093,0.8950634068767158
pushup_incomplete_range_6.mp4_003,pushup,incomplete_range,6,21,144.1062781876682,158.79768049328453,177.20501492987765,168.41025896198866,110.87626249478359,98.65319194710663,6.196163654931684,7.934247533232123,0.2801130884801846,-0.8258468498777916,-1.4156389081751968,2.4733605192153902,2.341466177209867,-3.5844837922390127,-5.328775600095895,-1.7069327185807381,4.991592761523293,-0.6329239073438657
pushup_incomplete_range_6.mp4_003,pushup,incomplete_range,7,21,143.6218825001152,158.69137003573684,179.1972723588868,169.78336601274384,106.20169437454443,89.44076338380579,2.3640224830890952,16.119640889876905,0.27948091877120096,-0.4843956875530182,-0.10631045754769275,1.9922574290091575,1.3731070507551806,-4.674568120239158,-9.212428563300847,-3.832141171842589,8.18539335664478,0.34145116232477335
pushup_incomplete_range_6.mp4_003,pushup,incomplete_range,8,21,143.77833250089827,158.8966129440839,179.91176044717847,172.38124487502472,103.82220482857429,84.40022860318092,0.5935064821326638,19.711799091698676,0.27959602274761053,0.15645000078308158,0.20524290834705994,0.7144880882916596,2.5978788622808793,-2.379489545970145,-5.040534780624867,-1.7705160009564316,3.5921582018217713,0.6408456883360998
pushup_incomplete_range_6.mp4_003,pushup,incomplete_range,9,21,143.66202932059463,157.38234591370903,178.63684014875363,176.0122072491048,98.76096601061342,84.95037575038663,3.9424887659382404,16.08867969209294,0.2759141162043643,-0.11630318030364606,-1.5142670303748673,-1.2749202984248313,3.6309623740800703,-5.06123881796087,0.5501471472057062,3.3489822838055767,-3.623119399605738,-0.27275318108672764
pushup_incomplete_range_6.mp4_003,pushup,incomplete_range,10,21,144.5664105475929,156.8027241399634,177.22102450018292,177.90613365179527,91.54194728278175,84.68452463633822,8.911424361829209,15.795649402960404,0.2732466867454548,0.9043812269982823,-0.5796217737456288,-1.4158156485707138,1.8939264026904823,-7.219018727831667,-0.26585111404840234,4.968935595890969,-0.2930302891325347,1.0206844073019283
pushup_incomplete_range_6.mp4_003,pushup,incomplete_range,11,21,146.26874255515483,157.19755911881808,177.8173683076715,174.873612552905,88.72450821138615,85.88547082637722,11.004778877978934,16.43559852515221,0.2736120323903005,1.702332007561921,0.394834978854675,0.5963438074885801,-3.032521098890271,-2.8174390713955972,1.2009461900389908,2.0933545161497253,0.6399491221918048,0.7979507805636388
pushup_incomplete_range_6.mp4_003,pushup,incomplete_range,12,21,147.00602550637672,157.44964777580518,178.2802972192802,174.50078480109022,88.32304050451012,82.34154887389788,11.6144139670073,19.138125802949975,0.2737475323783608,0.7372829512218857,0.25208865698709815,0.4629289116086852,-0.372827751814782,-0.4014677068760335,-3.5439219524793373,0.6096350890283659,2.702527277797767,-0.9650490563400353
pushup_incomplete_range_6.mp4_003,pushup,incomplete_range,13,21,147.49584965931703,157.89143580831157,179.51592407496003,173.88312840968263,90.65344449618178,82.13877646392915,10.401902433586923,19.52849095444818,0.2739948878987823,0.4898241529403151,0.44178803250639476,1.2356268556798398,-0.6176563914075928,2.330403991671659,-0.20277240996873047,-1.2125115334203773,0.39036515149820517,-0.24745879828157058
pushup_incomplete_range_6.mp4_003,pushup,incomplete_range,14,21,147.34801740005736,158.49553844437241,179.63047015598613,173.2298642060069,90.94593102337775,80.34203979789349,10.28656627615822,20.595494900360187,0.2742637567510002,-0.14783225925967258,0.6041026360608441,0.11454608102610564,-0.6532642036757181,0.292486527195976,-1.796736666035656,-0.11533615742870218,1.0670039459120062,-0.6376564121999877
pushup_incomplete_range_6.mp4_003,pushup,incomplete_range,15,21,147.5114576910878,158.41833944195125,179.48022859039395,172.15265994568676,93.08132069653368,78.85600843105847,8.937233990730816,22.70189802847795,0.27532037882002053,0.16344029103044022,-0.0771990024211675,-0.15024156559218227,-1.0772042603201442,2.1353896731559274,-1.4860313668350216,-1.3493322854274048,2.106403128117762,0.3112725502901128
pushup_incomplete_range_6.mp4_003,pushup,incomplete_range,16,21,147.4893707428366,158.95792430088522,179.09840658332953,171.0076706976817,95.06785354448554,81.75072927748926,7.727923614085947,19.66490336616401,0.2746823769837711,-0.022086948251200056,0.5395848589339778,-0.3818220070644145,-1.1449892480050607,1.9865328479518638,2.8947208464307863,-1.2093103766448685,-3.0369946623139406,-0.18552723928164028
pushup_incomplete_range_6.mp4_003,pushup,incomplete_range,17,21,147.21247997778713,158.8102277099945,178.5109934963595,171.1338645810138,99.30531493089535,84.32706401135573,3.973895290273704,17.147955192813747,0.27385775072346186,-0.2768907650494725,-0.14769659089071752,-0.5874130869700309,0.12619388333209258,4.237461386409805,2.5763347338664744,-3.754028323812243,-2.5169481733502614,-0.25480381679827246
pushup_incomplete_range_6.mp4_003,pushup,incomplete_range,18,21,146.37222761806876,157.51926102052101,177.84927769283993,171.20554432631798,103.9589713512155,92.0055974045276,0.8614837720952836,11.434558078508326,0.27508705894005137,-0.8402523597183631,-1.2909666894734926,-0.66171580351957,0.07167974530418064,4.6536564203201465,7.678533393171875,-3.1124115181784204,-5.713397114305421,-0.5633615946688906
pushup_incomplete_range_6.mp4_003,pushup,incomplete_range,19,21,144.51725203771085,155.35864156889664,178.16519924880316,172.20574667552177,110.37127076223061,117.38128348226643,4.071031311409831,14.556265712975787,0.27916847946256396,-1.854975580357916,-2.1606194516243704,0.3159215559632287,1.0002023492037893,6.412299411015113,25.37568607773882,3.2095475393145474,3.1217076344674606,-1.014723220639553
pushup_incomplete_range_6.mp4_003,pushup,incomplete_range,20,21,142.89412063842758,154.31928190468017,177.04076666667376,171.76127814323996,119.03427361826853,124.25493191999041,9.960601949600711,20.219156471766876,0.28349729230085696,-1.6231313992832668,-1.0393596642164766,-1.1244325821294012,-0.44446853228180316,8.66300285603792,6.873648437723986,5.889570638190881,5.6628907587910895,0.2318441810746492
pushup_incomplete_range_6.mp4_003,pushup,incomplete_range,21,21,141.43612633422975,152.46284481431127,176.63999748538407,170.8310137014898,123.71640403918687,126.19040754209956,13.012892747928241,20.849452618360747,0.2895300985970651,-1.4579943041978254,-1.8564370903688996,-0.4007691812896894,-0.930264441750154,4.682130420918341,1.935475622109152,3.0522907983275296,0.6302961465938708,0.1651370950854414
pushup_incomplete_range_6.mp4_004,pushup,incomplete_range,1,20,152.48110854791898,154.40821063418306,152.56793222021176,154.1449551590246,119.08535316181755,117.1668520722649,5.6502891105704265,1.4606490557369978,0.29790787502059773,-0.8749814349180838,2.6905434140200555,3.1290398805498967,3.8116476523825042,-4.084502146868829,-3.930802710548676,-1.8067039387502408,1.05755136574314,0.40517016613350165
pushup_incomplete_range_6.mp4_004,pushup,incomplete_range,2,20,153.06607002298526,157.59152059472365,155.16803984835525,154.171151179285,114.00247113883601,109.2498656848279,2.965427673465219,7.588932778366053,0.29243190366634525,0.5849614750662795,3.1833099605405835,2.6001076281434905,0.026196020260414343,-5.082882022981536,-7.916986387437007,-2.6848614371052073,6.128283722629055,1.4599429099843633
pushup_incomplete_range_6.mp4_004,pushup,incomplete_range,3,20,153.0881641555706,158.79098375068102,156.75897424782374,155.85116732799025,112.90270537801443,101.08886546821473,2.1092649058941375,12.875648556129207,0.286586299409445,0.022094132585351645,1.1994631559573747,1.5909343994684946,1.6800161487052492,-1.0997657608215832,-8.16100021661316,-0.8561627675710817,5.2867157777631535,-0.5628673424809278
pushup_incomplete_range_6.mp4_004,pushup,incomplete_range,4,20,152.26728659625692,160.94044557893952,159.00133588386166,155.54181166631236,109.23588545693804,95.99213831335906,0.19448896949532496,16.87944985515696,0.2848595287084286,-0.8208775593136863,2.149461828258495,2.242361636037913,-0.3093556616778983,-3.666819921076396,-5.096727154855671,-1.9147759363988126,4.003801299027753,-0.842971691899038
pushup_incomplete_range_6.mp4_004,pushup,incomplete_range,5,20,154.1290978859435,161.33414084887937,160.01408743349916,155.91876430195958,108.18045774770512,92.20893718145558,0.5752767678901829,19.869045096712235,0.28550080907443665,1.8618112896865853,0.3936952699398546,1.0127515496374997,0.37695263564722836,-1.0554277092329158,-3.783201131903482,0.38078779839485793,2.989595241555275,2.6826888490002716
pushup_incomplete_range_6.mp4_004,pushup,incomplete_range,6,20,155.05851943955918,161.9188303157555,160.79826764464224,157.3299656774565,107.78396082523574,86.75316687426196,0.9560156812370635,22.634294522838186,0.287959886090477,0.9294215536156685,0.5846894668761422,0.7841802111430809,1.4112013754969155,-0.39649692246938173,-5.455770307193617,0.3807389133468806,2.7652494261259513,-0.9323897360709168
pushup_incomplete_range_6.mp4_004,pushup,incomplete_range,7,20,156.17765294310686,164.54971933797256,162.05593675142924,159.20155545047456,105.00107968037268,81.26387241712916,2.8300281002642707,26.010776457611623,0.28685715893489544,1.1191335035476868,2.6308890222170476,1.2576691067870058,1.8715897730180586,-2.7828811448630546,-5.4892944571328,1.8740124190272072,3.3764819347734374,0.18971194993201834
pushup_incomplete_range_6.mp4_004,pushup,incomplete_range,8,20,157.39220842930345,164.19325772869442,162.52663553838443,159.5849302101316,105.00405403227286,85.44821461698592,3.264045127802548,21.827517726407148,0.2866343557669781,1.2145554861965877,-0.3564616092781421,0.4706987869551824,0.3833747596570447,0.0029743519001783625,4.184342199856758,0.4340170275382773,-4.183258731204475,0.0954219826489009
pushup_incomplete_range_6.mp4_004,pushup,incomplete_range,9,20,160.1197577008686,165.48040059271227,163.75822088683455,159.29943443061762,102.88186408753266,84.022545999653,4.694549134060469,22.59797125876074,0.28645488068147174,2.7275492715651524,1.2871428640178522,1.2315853484501247,-0.28549577951397964,-2.1221899447401995,-1.4256686173329172,1.4305040062579208,0.7704535323535922,1.5129937853685647
pushup_incomplete_range_6.mp4_004,pushup,incomplete_range,10,20,159.66064028045307,165.16000283117293,164.6860147679768,160.0351395606944,101.9563058573157,83.00934025910087,5.638571411863497,23.622785784305158,0.28390074514288416,-0.45911742041553794,-0.32039776153933985,0.9277938811422359,0.7357051300767807,-0.9255582302169643,-1.013205740552138,0.944022277803028,1.0248145255444179,-3.1866666919806903
pushup_incomplete_range_6.mp4_004,pushup,incomplete_range,11,20,159.5764271940981,165.0417635802925,165.7019985522567,161.41657582047515,99.82929348525441,80.35034297857125,7.161100316183891,25.20073762623176,0.2808977589054221,-0.08421308635496416,-0.11823925088043552,1.0159837842799107,1.3814362597807417,-2.1270123720612872,-2.6589972805296185,1.522528904320394,1.5779518419266019,0.3749043340605738
pushup_incomplete_range_6.mp4_004,pushup,incomplete_range,12,20,156.09184623166104,163.3794531819045,166.22605289623561,162.20586260408038,98.24501252110535,80.20937211339867,8.21780183232539,25.375448513449083,0.27888932772309594,-3.4845809624370645,-1.6623103983880014,0.5240543439789178,0.7892867836052346,-1.584280964149059,-0.1409708651725765,1.0567015161414997,0.17471088721732286,-3.4003678760821003
pushup_incomplete_range_6.mp4_004,pushup,incomplete_range,13,20,156.7853254859428,161.2870289232749,166.43556642505843,163.39896378998893,98.3947358828717,82.05980077511502,8.255179670076458,24.129779473441868,0.27885706868356186,0.6934792542817547,-2.092424258629592,0.2095135288228107,1.1931011859085459,0.14972336176634826,1.8504286617163501,0.037377837751067844,-1.2456690400072148,4.178060216718819
pushup_incomplete_range_6.mp4_004,pushup,incomplete_range,14,20,157.95353843479418,160.76339082571084,166.05978210085846,163.33461127244107,99.7512973038273,83.39708393837184,8.0049603568854,23.083971603762972,0.2788751462026248,1.1682129488513908,-0.52363809756406,-0.37578432419996943,-0.06435251754786009,1.3565614209556003,1.3372831632568136,-0.2502193131910584,-1.045807869678896,0.4747336945696361
pushup_incomplete_range_6.mp4_004,pushup,incomplete_range,15,20,158.37963071220977,160.01652082326385,165.60295468911679,162.57760190369805,100.61689248795042,86.1013579079497,7.727823311536081,21.1271305605375,0.27837991806701134,0.4260922774155915,-0.7468700024469968,-0.45682741174167063,-0.7570093687430131,0.8655951841231229,2.7042739695778693,-0.2771370453493187,-1.9568410432254737,-0.7421206714357993
pushup_incomplete_range_6.mp4_004,pushup,incomplete_range,16,20,155.03137401171193,159.0336110914205,165.33837807803857,162.52418592515164,101.5437740091167,89.09140561947812,6.909366943617694,18.667610634154553,0.27746265438409456,-3.348256700497842,-0.9829097318433355,-0.26457661107821195,-0.053415978546411225,0.9268815211662798,2.990047711528419,-0.8184563679183876,-2.4595199263829457,-3.7743489779134336
pushup_incomplete_range_6.mp4_004,pushup,incomplete_range,17,20,153.1487562091038,158.94727555240277,164.57137571551877,160.9239533545527,104.13463063949523,92.22466333734316,5.481850730981929,16.900321132223002,0.2782177386431552,-1.882617802608138,-0.08633553901773894,-0.7670023625198041,-1.6002325705989335,2.590856630378525,3.1332577178650354,-1.4275162126357648,-1.7672895019315504,1.4656388978897041
pushup_incomplete_range_6.mp4_004,pushup,incomplete_range,18,20,152.41141674464382,158.53925010833055,163.84322203198434,157.93714188420196,107.46498338902323,98.05335758118812,3.114055215643197,13.94764378524638,0.27808294217409496,-0.7373394644599784,-0.40802544407222285,-0.7281536835344298,-2.9868114703507445,3.3303527495280036,5.828694243844964,-2.367795515338732,-2.952677346976623,1.1452783381481595
pushup_incomplete_range_6.mp4_004,pushup,incomplete_range,19,20,152.54099375925927,158.24554681382986,161.86257340803675,155.60726243579944,112.44186929838597,101.18179677514841,0.17214831811213516,12.876067552990158,0.28253767680503405,0.12957701461544957,-0.29370329450068766,-1.9806486239475873,-2.3298794484025223,4.976885909362736,3.12843919396029,-2.941906897531062,-1.0715762322562217,0.866916479075428
pushup_incomplete_range_6.mp4_004,pushup,incomplete_range,20,20,151.9893638825599,162.46832423799472,160.32478534380698,150.10415997798097,119.92446022466574,104.37043537762132,4.780224170798365,12.56457618621891,0.29257021541025613,-0.5516298766993657,4.22277742416486,-1.5377880642297725,-5.503102457818471,7.482590926279769,3.1886386024729063,4.60807585268623,-0.3114913667712482,-0.6812068913148153
pushup_incomplete_range_6.mp4_005,pushup,incomplete_range,1,16,153.09218887448878,168.05464690160713,158.23464956852555,148.67900277771457,118.72788120661414,120.34473809105725,7.977623988038578,3.4004573885704144,0.298394055310248,-0.8279217092801616,0.21199810431124888,4.216554724569761,3.80535257188464,-0.9773970401945036,2.7000970989544015,2.6341338126765494,-1.4756636878321157,-0.02495235153332942
pushup_incomplete_range_6.mp4_005,pushup,incomplete_range,2,16,153.578726369627,168.34895229554505,159.93978901076767,151.54151079979346,114.64602913684872,107.82473341951042,5.796049257931358,7.56969568866118,0.29481172740402684,0.486537495138208,0.2943053939379183,1.705139442242114,2.8625080220788846,-4.081852069765418,-12.520004671546829,-2.1815747301072204,4.169238300090766,1.3144592044183696
pushup_incomplete_range_6.mp4_005,pushup,incomplete_range,3,16,153.61046746392037,168.5527556746671,162.03872799293404,154.1657712244612,110.68441815446884,97.39972216271994,4.086541985498893,15.501174532636552,0.28995848707684413,0.031741094293380456,0.20380337912206414,2.0989389821663735,2.624260424667739,-3.961610982379881,-10.425011256790484,-1.7095072724324654,7.9314788439753725,-0.45479640084482753
pushup_incomplete_range_6.mp4_005,pushup,incomplete_range,4,16,153.56754172968766,168.59506785937813,163.17529070308535,157.04492586225447,108.27564193191026,87.03041569337256,2.779305899212487,22.225797796675195,0.2878559611991338,-0.04292573423271051,0.04231218471102238,1.1365627101513098,2.8791546377932775,-2.4087762225585863,-10.369306469347379,-1.3072360862864056,6.724623264038643,-0.07466682852609097
pushup_incomplete_range_6.mp4_005,pushup,incomplete_range,5,16,154.76810380331142,168.73080482714877,164.99890671028845,158.01829499161877,105.20059277959582,83.65549828239708,0.030741234003768388,24.38659323208744,0.2884029074361086,1.2005620736237574,0.13573696777064015,1.8236160072030998,0.9733691293643005,-3.0750491523144348,-3.3749174109754847,-2.748564665208719,2.1607954354122434,1.243487807856468
pushup_incomplete_range_6.mp4_005,pushup,incomplete_range,6,16,156.18900028511032,169.02619479171636,166.4259463619732,161.33754303000282,102.43840688316574,78.0842534864573,3.16494667076903,28.35709730866476,0.28724693880618246,1.4208964817989056,0.29538996456759037,1.427039651684737,3.319248038384046,-2.7621858964300827,-5.571244795939776,3.134205436765262,3.9705040765773205,0.22033440817514816
pushup_incomplete_range_6.mp4_005,pushup,incomplete_range,7,16,156.405324463618,169.49585702893367,168.14219297038082,162.93664861499408,99.89243673490522,77.36018468902742,5.65712566682884,30.01018683384111,0.2846644377964791,0.21632417850767638,0.4696622372173067,1.71624660840763,1.599105584991264,-2.5459701482605226,-0.7240687974298794,2.4921789960598097,1.6530895251763518,-1.2045723032912292
pushup_incomplete_range_6.mp4_005,pushup,incomplete_range,8,16,155.98726886828,169.59550307811858,169.3816961759672,164.1759210437137,98.73408020526725,79.81068046806318,6.744210927028776,26.768705164146787,0.28225387498500243,-0.4180555953379894,0.09964604918491204,1.2395032055863737,1.2392724287196302,-1.1583565296379703,2.450495779035762,1.0870852601999363,-3.2414816696943234,-0.6343797738456658
pushup_incomplete_range_6.mp4_005,pushup,incomplete_range,9,16,154.62344547324585,170.13779825494794,169.90625965076546,163.95051112248305,100.14594495578159,84.27794346918229,6.484677448966557,22.968340198270976,0.28085320206415676,-1.36382339503416,0.5422951768293558,0.5245634747982706,-0.22540992123066417,1.41186475051434,4.4672630011191075,-0.2595334780622194,-3.8003649658758114,-0.9457677996961706
pushup_incomplete_range_6.mp4_005,pushup,incomplete_range,10,16,154.0710395518657,169.59685010758622,169.52141230150804,164.1102709910029,101.33667737240792,95.68086898231087,5.669447194178555,10.706980527444244,0.2795401457253689,-0.5524059213801422,-0.5409481473617177,-0.38484734925742714,0.15975986851984203,1.1907324166263322,11.40292551312858,-0.8152302547880019,-12.261359670826732,0.8114174736540178
pushup_incomplete_range_6.mp4_005,pushup,incomplete_range,11,16,153.8100931854184,169.7595361586337,169.0617453335365,162.38407797227708,102.32163772074797,94.92310799571375,5.183677033388184,12.032804641323716,0.27988037315701275,-0.26094636644731395,0.1626860510474728,-0.45966696797154327,-1.7261930187258088,0.9849603483400529,-0.7577609865971198,-0.48577016079037083,1.325824113879472,0.29145955493282827
pushup_incomplete_range_6.mp4_005,pushup,incomplete_range,12,16,153.6432543437926,169.86767686379955,168.79772941555504,161.57963090531976,102.28054066129259,99.80304691590615,5.231412822314436,8.09853987434849,0.2800305212196803,-0.16683884162580398,0.10814070516585161,-0.2640159179814532,-0.8044470669573229,-0.04109705945538167,4.8799389201924015,0.04773578892625174,-3.934264766975227,0.09410752482150997
pushup_incomplete_range_6.mp4_005,pushup,incomplete_range,13,16,153.43535888748696,169.86775891963262,167.984922811172,161.0076227567003,102.31463235966879,99.22348378444258,6.824062118888615,9.263421823747537,0.2817923603813832,-0.20789545630563566,8.205583307585584e-05,-0.8128066043830415,-0.5720081486194601,0.03409169837620141,-0.5795631314635727,1.5926492965741792,1.1648819493990477,-0.04105661467983168
pushup_incomplete_range_6.mp4_005,pushup,incomplete_range,14,16,153.05872458542282,169.80844600350412,165.61640938939172,159.93447186119488,105.03186918708823,100.75575822223364,6.463965175789696,8.579480819552181,0.28565279976333496,-0.37663430206413295,-0.05931291612850487,-2.3685134217802783,-1.073150895505421,2.717236827419441,1.5322744377910595,-0.3600969430989194,-0.683941004195356,-0.1687388457584973
pushup_incomplete_range_6.mp4_005,pushup,incomplete_range,15,16,152.06125492729802,169.58267187040266,163.80895754691457,156.38739298109422,110.20082248780993,116.36353068349443,3.008675399557093,7.881040498481044,0.29303410211499925,-0.9974696581247997,-0.2257741331014529,-1.8074518424771497,-3.5470788801006563,5.168953300721697,15.607772461260794,-3.4552897762326027,-0.6984403210711374,-0.6208353560606668
pushup_incomplete_range_6.mp4_005,pushup,incomplete_range,16,16,151.4213190253834,168.73803566391786,160.8129864964265,152.1840307665163,119.994773520457,124.7997155267225,2.8913986830192884,11.40509380598524,0.3041363987784008,-0.6399359019146118,-0.8446362064848074,-2.995971050488066,-4.203362214577936,9.793951032647072,8.436184843228062,-0.11727671653780458,3.5240533075041967,0.3575337562101879
pushup_incomplete_range_6.mp4_006,pushup,incomplete_range,1,22,166.41092998682086,178.5988256611614,164.21698097674098,156.48344081310296,119.03815827332483,115.51696909504643,11.947355334617356,5.07665874430014,0.2861441605567528,-0.7000283067398811,-1.3721644190609652,2.065236890298422,3.459633281179208,-4.418941699042421,1.1356136381392758,-2.4128487484688783,3.7483022682673033,-0.881894206134632
pushup_incomplete_range_6.mp4_006,pushup,incomplete_range,2,22,165.5274717623488,175.11667116645563,165.9947028752577,157.57216514635599,116.56991955612335,112.94232625992389,11.028456465049835,6.839037717460019,0.2820433791924259,-0.883458224472065,-3.4821544947057816,1.7777218985167167,1.088724333253026,-2.468238717201473,-2.574642835122546,-0.9188988695675206,1.762378973159879,-0.18342991773218387
pushup_incomplete_range_6.mp4_006,pushup,incomplete_range,3,22,164.94088072139243,176.42638978468202,166.73900774369824,158.2776356041547,115.15292681860456,100.9205807835477,10.155790037870114,7.588078894706193,0.2803012027576452,-0.5865910409563639,1.309718618226384,0.7443048684405369,0.7054704577987252,-1.4169927375187967,-12.021745476376182,-0.8726664271797215,0.7490411772461743,0.29686718351570107
pushup_incomplete_range_6.mp4_006,pushup,incomplete_range,4,22,164.65528998441928,173.39393489184593,168.05651379128034,159.08463580316715,111.271981336946,103.7412783916764,7.667231264031694,0.15653380804986866,0.2788214428772456,-0.2855907369731483,-3.0324548928360855,1.3175060475820999,0.8070001990124354,-3.880945481658557,2.8206976081286967,-2.4885587738384194,-7.431545086656325,0.30100030398321564
pushup_incomplete_range_6.mp4_006,pushup,incomplete_range,5,22,164.10079200852635,171.46586624770376,168.94887432506056,158.29956381815919,109.97768827104214,100.4415957665123,7.4673031300648605,8.389557280808862,0.2781644999052531,-0.5544979758929287,-1.9280686441421722,0.8923605337802201,-0.7850719850079599,-1.294293065903858,-3.2996826251641096,-0.19992813396683395,8.233023472758994,-0.2689072389197804
pushup_incomplete_range_6.mp4_006,pushup,incomplete_range,6,22,163.9475829538435,171.91404981678477,168.8901357580369,158.79225554030901,108.33480272591778,99.86312387585285,6.233987186416438,10.506312708569125,0.27635230320304066,-0.15320905468286128,0.4481835690810101,-0.05873856702365288,0.4926917221498286,-1.6428855451243578,-0.5784718906594435,-1.2333159436484227,2.1167554277602623,0.40128892121006743
pushup_incomplete_range_6.mp4_006,pushup,incomplete_range,7,22,162.72191223095547,171.1758975206606,169.89345556892746,159.48343413645193,106.81244180566007,96.88258762656653,4.8871645258100855,12.939011103242533,0.27646055046503154,-1.225670722888026,-0.7381522961241558,1.0033198108905594,0.6911785961429189,-1.5223609202577109,-2.9805362492863168,-1.3468226606063523,2.432698394673409,-1.0724616682051646
pushup_incomplete_range_6.mp4_006,pushup,incomplete_range,8,22,161.65768707005512,170.8856072549886,169.55628188118285,160.42219575506346,104.28450377132067,94.04003157106374,1.6313487993584483,14.782361544218249,0.27600752365342307,-1.0642251609003495,-0.290290265672013,-0.33717368774460965,0.9387616186115224,-2.5279380343393996,-2.842556055502797,-3.255815726451637,1.8433504409757155,0.16144556198767646
pushup_incomplete_range_6.mp4_006,pushup,incomplete_range,9,22,160.32868778924956,169.68275686949895,169.64740529565364,162.86407749106442,100.38429259020833,90.2319719358771,2.0442569588842634,16.109324154296324,0.27350027329632814,-1.3289992808055615,-1.2028503854896542,0.0911234144707862,2.4418817360009655,-3.90021118111234,-3.8080596351866376,0.41290815952581505,1.3269626100780751,-0.26477411990521205
pushup_incomplete_range_6.mp4_006,pushup,incomplete_range,10,22,158.77633726656578,169.8728817795007,170.4745305173731,163.79861916140683,96.22767712443826,86.89721821736872,5.0984450421509795,17.828905708151613,0.2714486372972527,-1.5523505226837813,0.19012491000174236,0.8271252217194558,0.9345416703424121,-4.156615465770074,-3.334753718508381,3.054188083266716,1.7195815538552885,-0.22335124187821975
pushup_incomplete_range_6.mp4_006,pushup,incomplete_range,11,22,157.04596373461078,169.95595582481258,172.22120786609636,165.3953244718148,91.37511215815007,88.74360635055153,8.320140409350875,14.324425545572964,0.2696315698985244,-1.7303735319549958,0.08307404531188922,1.7466773487232672,1.5967053104079696,-4.852564966288185,1.8463881331828134,3.221695367199896,-3.5044801625786484,-0.1780230092712145
pushup_incomplete_range_6.mp4_006,pushup,incomplete_range,12,22,156.32781473742202,170.70055535737404,173.27772909203247,165.58107673488138,91.02993587919819,86.88580033884443,8.70989975193599,15.868087293618846,0.27009753419246973,-0.7181489971887629,0.744599532561466,1.056521225936109,0.18575226306657555,-0.3451762789518824,-1.8578060117070976,0.3897593425851156,1.5436617480458814,1.0122245347662329
pushup_incomplete_range_6.mp4_006,pushup,incomplete_range,13,22,155.66254134152624,170.47713194246887,173.94911518454722,166.06763274557218,90.51038476450796,83.96475845030278,9.105115384293796,18.67297601097447,0.2709486432978518,-0.665273395895781,-0.22342341490517015,0.6713860925147515,0.4865560106908049,-0.5195511146902305,-2.9210418885416516,0.39521563235780555,2.804888717355624,0.052875601292981855
pushup_incomplete_range_6.mp4_006,pushup,incomplete_range,14,22,155.674813241706,170.48850240527275,173.4359821196003,164.8513072357207,89.60373763740012,82.29074352953008,10.131714781566057,21.812963538232385,0.271817726398047,0.01227190017976909,0.011370462803881765,-0.5131330649469135,-1.2163255098514867,-0.9066471271078456,-1.6740149207727058,1.0265993972722605,3.139987527257915,0.6775452960755501
pushup_incomplete_range_6.mp4_006,pushup,incomplete_range,15,22,155.6511715515595,170.38198170776303,173.5179696760313,164.203923202149,88.37703446373054,80.95942653314368,10.936882261886192,23.38024330788183,0.27219357869937505,-0.023641690146519068,-0.1065206975097226,0.0819875564309882,-0.647384033571683,-1.226703173669577,-1.3313169963863913,0.8051674803201347,1.5672797696494456,-0.03591359032628816
pushup_incomplete_range_6.mp4_006,pushup,incomplete_range,16,22,155.24714264274746,170.07644177636166,173.20726948805972,164.34419613993342,89.8633652744231,81.56867222394982,10.156459549488732,23.368994067690043,0.27265008511282673,-0.40402890881202325,-0.3055399314013698,-0.3107001879715767,0.14027293778440253,1.4863308106925643,0.6092456908061337,-0.7804227123974599,-0.011249240191787635,-0.3803872186655042
pushup_incomplete_range_6.mp4_006,pushup,incomplete_range,17,22,154.70697782967434,169.49013180386015,173.12655902415747,164.02422264325565,91.86164935370817,83.54958301631117,8.234886723153743,22.049131371604606,0.27334806641051307,-0.5401648130731189,-0.5863099725015104,-0.08071046390224978,-0.3199734966777612,1.998284079285071,1.9809107923613567,-1.9215728263349892,-1.319862696085437,-0.13613590426109567
pushup_incomplete_range_6.mp4_006,pushup,incomplete_range,18,22,154.2488544681755,168.04321742351232,172.64256009671672,164.07459828554826,93.99967673585094,83.60626123466855,6.097698031870515,21.606591058978076,0.27434189319012475,-0.45812336149884914,-1.4469143803478346,-0.48399892744075146,0.05037564229260738,2.1380273821427664,0.05667821835737641,-2.137188691283227,-0.44254031262653015,0.08204145157426979
pushup_incomplete_range_6.mp4_006,pushup,incomplete_range,19,22,151.21579603878166,166.66000805762314,172.5304770118781,163.63223588529203,96.65133960798921,87.2588015941577,3.7667542185759104,17.76923988736841,0.2730208432142415,-3.033058429393833,-1.3832093658891722,-0.11208308483861629,-0.4423624002562292,2.6516628721382745,3.6525403594891515,-2.330943813294605,-3.837351171609665,-2.574935067894984
pushup_incomplete_range_6.mp4_006,pushup,incomplete_range,20,22,148.91603833402104,165.66646686637742,170.52203478288413,162.93263984337807,103.5664956012051,108.10521726284068,0.5641427869291358,10.808557795023894,0.27636590980236997,-2.299757704760623,-0.9935411912457255,-2.008442228993971,-0.6995960419139635,6.91515599321589,20.84641566868298,-3.2026114316467744,-6.960682092344516,0.7333007246332102
pushup_incomplete_range_6.mp4_006,pushup,incomplete_range,21,22,147.6248768112708,164.95065312394323,169.12931537512875,161.01715138333054,111.20923188190086,112.13521374103566,6.222740504936471,14.56294279210442,0.2809160497926996,-1.2911615227502296,-0.715813742434193,-1.3927194077553793,-1.915488460047527,7.6427362806957575,4.029996478194974,5.658597718007336,3.7543849970805265,1.0085961820103932
pushup_incomplete_range_6.mp4_006,pushup,incomplete_range,22,22,145.28690656814067,161.76005026551138,166.14550877117114,160.30559445339,121.85473554210293,120.08060609240951,11.90374922653439,17.102096827499828,0.28856382754252036,-2.337970243130144,-3.190602858431845,-2.9838066039576177,-0.7115569299405422,10.645503660202067,7.9453923513738545,5.6810087215979195,2.5391540353954074,-1.0468087203799143
pushup_correct_1.mp4_000,pushup,correct,1,36,163.79825831786192,167.59861631905207,148.08069533542383,158.26867668711859,98.59982981362758,98.15525588634767,18.269351405693303,12.199550541692119,0.1772084215959518,-0.5594645918992853,-1.165340350440431,-0.8211685814603698,-1.1322506819954867,-4.073241054611302,-3.5829890012286967,-2.7345832638779086,-2.7565374405758654,-0.7448451059647141
pushup_correct_1.mp4_000,pushup,correct,2,36,163.25765329236717,166.97398705095515,148.3588392952994,157.65619332380982,94.55324868020803,94.41119968918215,14.579633168309496,8.836675092787397,0.17792911620718613,-0.5406050254947559,-0.6246292680969248,0.27814395987556395,-0.612483363308769,-4.046581133419551,-3.74405619716552,-3.6897182373838078,-3.362875448904722,0.01885956640452946
pushup_correct_1.mp4_000,pushup,correct,3,36,162.84947033943513,167.0734774435672,149.04603540651803,158.48914796120226,92.76150071663086,91.73393456504974,12.161004521852252,5.520722595929323,0.1781429581444688,-0.4081829529320373,0.09949039261206849,0.6871961112186398,0.8329546373924472,-1.7917479635771656,-2.6772651241324184,-2.4186286464572433,-3.315952496858074,0.13242207256271854
pushup_correct_1.mp4_000,pushup,correct,4,36,162.71611564100277,167.37716133984875,149.3247920752936,158.40790004702913,90.8363149852627,87.37476163543269,9.975508334145443,1.632002380428589,0.17783464162088333,-0.13335469843235614,0.3036838962815409,0.27875666877557137,-0.08124791417313304,-1.9251857313681597,-4.359172929617046,-2.185496187706809,-3.888720215500734,0.2748282544996812
pushup_correct_1.mp4_000,pushup,correct,5,36,163.76176138270344,168.00646410697544,150.76563677913498,159.9959414376414,87.55294699551818,85.20580697618362,6.720062541769507,1.8082866408630676,0.17800485939771962,1.0456457417006675,0.6293027671266884,1.4408447038413783,1.5880413906122612,-3.2833679897445194,-2.168954659249067,-3.2554457923759363,0.17628426043447853,1.1790004401330236
pushup_correct_1.mp4_000,pushup,correct,6,36,163.66000318789978,168.71452831826457,150.23514693314092,160.22933360519178,84.86590661763965,82.28351754772558,4.628490258276815,4.56233182965116,0.17746364752359872,-0.10175819480366499,0.7080642112891269,-0.5304898459940546,0.2333921675503916,-2.6870403778785317,-2.9222894284580434,-2.0915722834926918,2.7540451887880923,-1.1474039365043325
pushup_correct_1.mp4_000,pushup,correct,7,36,163.41062772458417,168.80074554752431,150.29408684803127,159.8993544864988,82.51446668611995,79.0334604810454,2.3510939177060117,7.175046659874205,0.17761142991309395,-0.24937546331560156,0.08621722925974495,0.058939914890345335,-0.32997911869298946,-2.3514399315197068,-3.250057066680185,-2.2773963405708035,2.6127148302230454,-0.14761726851193657
pushup_correct_1.mp4_000,pushup,correct,8,36,163.5828567195142,168.04387907678912,150.4722724240829,159.04488516208798,80.09854643780398,76.1658253019776,0.3658785149015228,9.269213810640737,0.17760045935161586,0.17222899493003752,-0.75686647073519,0.178185576051618,-0.8544693244108146,-2.4159202483159703,-2.86763517906779,-1.985215402804489,2.0941671507665323,0.4216044582456391
pushup_correct_1.mp4_000,pushup,correct,9,36,163.3813767195398,167.41026644035492,149.92461150016015,158.63148305972484,77.24041121502061,74.55803448917231,1.6078434036599147,10.846205615234032,0.1778746422783649,-0.20147999997442412,-0.6336126364342078,-0.5476609239227344,-0.41340210236313624,-2.8581352227833605,-1.6077908128052911,1.241964888758392,1.5769918045932947,-0.37370899490446163
pushup_correct_1.mp4_000,pushup,correct,10,36,163.46110937046444,167.24890746055587,149.62592472651133,158.62215127309267,75.26841359113044,73.75390683066523,2.998857113582914,11.719248412390588,0.17786629145133454,0.07973265092465454,-0.16135897979904712,-0.298686773648825,-0.009331786632174044,-1.971997623890175,-0.8041276585070847,1.391013709922999,0.8730427971565557,0.28121265089907865
pushup_correct_1.mp4_000,pushup,correct,11,36,163.51142712125045,167.08747434218026,149.5128856982862,158.5187193684138,74.40501515615463,72.33859008709118,3.786861584335029,13.130230980794565,0.17784804720381708,0.05031775078600731,-0.16143311837561214,-0.11303902822513123,-0.10343190467887098,-0.8633984349758066,-1.4153167435740528,0.788004470752115,1.410982568403977,-0.029414900138647226
pushup_correct_1.mp4_000,pushup,correct,12,36,163.61369203757133,167.38401091899112,149.32546975433954,158.34218379198848,72.88511823349616,70.1869358932393,5.0279395175002675,14.98216554136637,0.17790284416166874,0.10226491632087686,0.2965365768108654,-0.18741594394666095,-0.17653557642532292,-1.519896922658475,-2.1516541938518827,1.2410779331652386,1.8519345605718058,0.051947165534869555
pushup_correct_1.mp4_000,pushup,correct,13,36,163.7070722587133,167.7472769369973,149.49536690590784,158.79881379717997,71.89575055082828,68.87682027049094,5.687261186687833,16.04425813547286,0.17776716888915955,0.09338022114198452,0.3632660180061862,0.16989715156830698,0.4566300051914993,-0.9893676826678757,-1.3101156227483557,0.6593216691875652,1.0620925941064883,-0.008884695178892343
pushup_correct_1.mp4_000,pushup,correct,14,36,164.34632230845773,167.97369858073066,150.25267336063484,159.51813800318666,71.26201617768999,68.50177289523337,6.22641250276337,16.373708298478725,0.17776461732826798,0.6392500497444189,0.22642164373334595,0.7573064547270008,0.7193242060066893,-0.6337343731382958,-0.3750473752575658,0.5391513160755377,0.32945016300586616,0.5458698286024344
pushup_correct_1.mp4_000,pushup,correct,15,36,164.39988780472734,167.89173183150734,150.37108782028716,159.84896074573538,70.68540905896653,67.49023441997394,6.647877778265385,17.3237072721906,0.17782939755726523,0.05356549626961282,-0.08196674922331226,0.11841445965231401,0.3308227425487189,-0.5766071187234587,-1.011538475259428,0.4214652755020145,0.9499989737118746,-0.5856845534748061
pushup_correct_1.mp4_000,pushup,correct,16,36,164.75192489930225,168.0050908172852,150.64218052518342,160.33084493757548,70.00257172974811,66.75586084562447,7.23291164552506,18.188460017335547,0.17747120107203507,0.3520370945749107,0.11335898577786452,0.2710927048962617,0.4818841918400949,-0.6828373292184153,-0.7343735743494761,0.5850338672596749,0.8647527451449477,0.2984715983052979
pushup_correct_1.mp4_000,pushup,correct,17,36,165.18718967977807,168.41677565506328,151.33032132044667,161.06008401465144,70.07738068793803,66.66059202719406,7.373058973984989,18.459153716715914,0.17735766600009273,0.4352647804758192,0.4116848377780684,0.6881407952632514,0.7292390770759596,0.0748089581899194,-0.09526881843041224,0.14014732845992928,0.2706936993803666,0.08322768590090845
pushup_correct_1.mp4_000,pushup,correct,18,36,165.27558742593592,168.11043336989755,151.46229207368174,160.97837400491022,69.82633599273716,66.38366071583883,7.5171548520953575,18.64869032287386,0.17734084024473148,0.08839774615785245,-0.3063422851657265,0.13197075323506624,-0.08171000974121512,-0.2510446952008749,-0.2769313113552272,0.1440958781103685,0.18953660615794732,-0.3468670343179667
pushup_correct_1.mp4_000,pushup,correct,19,36,164.99085540278296,167.50199525964052,151.46752915757628,160.8244561431178,69.95378350055374,66.15146827528659,7.336108203280021,18.744841079765468,0.1774299038180553,-0.2847320231529693,-0.6084381102570262,0.005237083894542138,-0.15391786179242217,0.12744750781658354,-0.23219244055223953,-0.18104664881533683,0.0961507568916069,-0.37312976931082176
pushup_correct_1.mp4_000,pushup,correct,20,36,165.12773982086492,167.21080837904674,151.82581335752946,161.08232760335147,70.30936344242055,66.10436876094805,7.042034793255294,18.91138975765728,0.17726259337362246,0.13688441808196217,-0.2911868805937843,0.3582841999531752,0.25787146023367313,0.3555799418668073,-0.04709951433854087,-0.2940734100247271,0.16654867789181083,0.42161644123493147
pushup_correct_1.mp4_000,pushup,correct,21,36,165.31465680778862,167.06641675308762,152.12801306852631,161.1338611289482,70.40599229846399,65.96907136345708,6.907019385684983,19.081009839061487,0.17690080150997778,0.1869169869237055,-0.14439162595911625,0.3021997109968595,0.05153352559673863,0.09662885604343785,-0.13529739749097303,-0.13501540757031094,0.16962008140420792,0.05003256884174334
pushup_correct_1.mp4_000,pushup,correct,22,36,165.24428328701995,166.94107805278904,152.2212005174824,161.16525102276822,70.58871416556178,65.88426190674194,6.864448564011109,19.2182830432315,0.17668214444283464,-0.0703735207686691,-0.12533870029858463,0.09318744895608688,0.031389893820005454,0.18272186709779703,-0.08480945671513496,-0.04257082167387338,0.13727320417001465,-0.2572905076923746
pushup_correct_1.mp4_000,pushup,correct,23,36,165.27861044061774,167.1419278081973,152.36197480391752,161.49725126595922,70.85100109312425,65.93005706787753,6.747012734636755,19.296296790041048,0.1765932964150818,0.034327153597786264,0.20084975540825667,0.1407742864351178,0.3320002431910041,0.26228692756247085,0.04579516113558668,-0.11743582937435448,0.07801374680954609,0.10470067436645536
pushup_correct_1.mp4_000,pushup,correct,24,36,165.15542169126968,167.39366731618568,152.3460820210194,161.88851259927569,70.88604922663824,65.95511757002936,6.647779549544525,19.38963219859206,0.17660809708414923,-0.1231887493480599,0.25173950798838973,-0.01589278289810636,0.3912613333164643,0.03504813351398184,0.025060502151831088,-0.09923318509222945,0.09333540855101319,-0.15751590294584616
pushup_correct_1.mp4_000,pushup,correct,25,36,165.11413788557346,167.29946288346952,152.23710004455995,161.90104994790534,70.86680103414281,65.93653501323647,6.509980913860702,19.41294663066258,0.17660613212188558,-0.04128380569622436,-0.09420443271616818,-0.10898197645946084,0.012537348629649614,-0.019248192495425087,-0.018582556792893,-0.137798635683823,0.023314432070520752,0.08190494365183554
pushup_correct_1.mp4_000,pushup,correct,26,36,165.18256398560519,167.31818380347497,152.21012684539352,161.91372944837374,71.03904677511133,65.95095376024803,6.322569198857341,19.393690435845677,0.17660851282997594,0.06842610003172922,0.01872092000544967,-0.02697319916643437,0.012679500468408378,0.17224574096852052,0.014418747011561095,-0.1874117150033614,-0.019256194816904326,0.10970990572795358
pushup_correct_1.mp4_000,pushup,correct,27,36,165.04876105234962,167.17531017835236,152.15765522542023,161.82636937937448,71.14151491408165,66.02235878364394,6.283971399333156,19.292762086927215,0.17671999743147207,-0.13380293325556636,-0.14287362512260415,-0.05247161997328931,-0.08736006899925997,0.10246813897032325,0.07140502339591137,-0.03859779952418485,-0.10092834891846181,-0.20222903328729558
pushup_correct_1.mp4_000,pushup,correct,28,36,164.95908291479478,167.07199100257586,151.92317176158127,161.69262608497755,71.0604349165799,65.91868853216621,6.263255231508601,19.303595344184266,0.1766080926351476,-0.08967813755484144,-0.10331917577650529,-0.23448346383895569,-0.1337432943969361,-0.0810799975017602,-0.10367025147772324,-0.02071616782455532,0.010833257257051088,0.04412479570072492
pushup_correct_1.mp4_000,pushup,correct,29,36,164.88380050324244,166.62476915170257,152.32166965746381,161.81947076267963,72.03287841539436,67.71693934616115,5.719384672582936,18.160117459882542,0.17647095796750376,-0.07528241155233673,-0.4472218508732908,0.39849789588254225,0.1268446777020813,0.9724434988144708,1.7982508139949402,-0.5438705589256649,-1.1434778843017241,0.014395726002504716
pushup_correct_1.mp4_000,pushup,correct,30,36,164.70186295701788,165.98681674796953,153.333800502549,161.94518247092972,74.63433393412134,70.27511175414149,4.2081882594817,16.21489778392259,0.17627068280262825,-0.18193754622456026,-0.6379524037330384,1.0121308450851814,0.12571170825009403,2.601455518726979,2.5581724079803365,-1.5111964131012359,-1.945219675959951,-0.10665513467222354
pushup_correct_1.mp4_000,pushup,correct,31,36,164.1115456325098,165.4246090579979,154.17539557760443,162.61854650100452,78.4940383716648,73.99996788410932,1.6460710722940675,13.8128873339029,0.17647850435993936,-0.590317324508078,-0.5622076899716149,0.8415950750554373,0.6733640300747936,3.8597044375434564,3.724856129967833,-2.5621171871876323,-2.4020104500196915,-0.4083797782835177
pushup_correct_1.mp4_000,pushup,correct,32,36,163.4211091391237,165.0707808661917,154.8854495129881,162.9705887106983,82.69680975851527,77.51380748857285,1.3291973153623229,11.175270115844746,0.17672327511189834,-0.6904364933861018,-0.3538281918062012,0.7100539353836552,0.3520422096937921,4.202771386850472,3.513839604463527,-0.3168737569317446,-2.6376172180581534,-0.10011916887802386
pushup_correct_1.mp4_000,pushup,correct,33,36,163.25838600936072,163.78550379633342,156.0112952183263,163.33894130048492,86.83845230813004,85.55523789334868,4.246837560278656,4.578137161899372,0.17679759418724442,-0.16272312976298053,-1.2852770698582958,1.1258457053382074,0.36835258978661045,4.141642549614772,8.041430404775824,2.917640244916333,-6.5971329539453745,0.5277133636231213
pushup_correct_1.mp4_000,pushup,correct,34,36,162.28464999963683,161.25089419060316,156.685719240456,162.60112529197997,93.54324419044436,95.82589461482102,9.211953300562731,4.535265470325115,0.1768684754540815,-0.9737360097238934,-2.534609605730253,0.6744240221296991,-0.7378160085049501,6.704791882314311,10.27065672147235,4.965115740284076,-0.0428716915742573,-0.8110128799609129
pushup_correct_1.mp4_000,pushup,correct,35,36,161.84824608813528,160.93629275168104,157.92276816596626,164.7311467560071,97.33179797427768,103.57994686838067,11.331141225891168,9.564212279448194,0.1783275130075497,-0.436403911501543,-0.314601438922125,1.2370489255102655,2.1300214640271236,3.788553783833322,7.754052253559649,2.1191879253284363,5.028946809123079,0.5373320982223504
pushup_correct_1.mp4_000,pushup,correct,36,36,161.36925331511526,160.69482599059012,160.50047382585043,166.3559578660326,103.59138564100977,109.89064090443567,14.550532867176404,13.540705857586428,0.17871049582082962,-0.47899277302002474,-0.24146676109091914,2.577705659884174,1.6248111100255187,6.259587666732088,6.310694036054997,3.2193916412852364,3.976493578138234,-0.042588861518481735
pushup_correct_2.mp4_000,pushup,correct,1,25,172.1861176632081,171.27687074296767,121.23727165604028,127.2237295446825,91.67793386161527,81.86007487429427,36.09255750374429,22.223784965811742,0.1791033912347093,0.05104948328792602,0.19725884713145092,-1.550549233590388,-0.6084784764532998,-4.325006027165799,-6.911992566895464,-1.6637414052255863,-5.2601894346663975,-0.05615588205208155
pushup_correct_2.mp4_000,pushup,correct,2,25,171.5470822284028,171.21325003936553,120.39170116926039,125.64337693949874,87.73437461836221,74.80772984183764,33.63395286032897,17.902535712982196,0.18096917947986138,-0.6390354348053222,-0.06362070360214034,-0.8455704867798914,-1.5803526051837622,-3.9435592432530626,-7.052345032456628,-2.4586046434153204,-4.321249252829546,-0.6900849180932482
pushup_correct_2.mp4_000,pushup,correct,3,25,172.05693004195007,172.06076486799952,120.27629460655031,125.28089875903028,82.27837019917364,69.19039357503624,29.43382506132541,14.002736778273174,0.18288955990576683,0.5098478135472817,0.8475148286339902,-0.11540656271007776,-0.36247818046845737,-5.456004419188574,-5.617336266801402,-4.200127799003557,-3.899798934709022,1.148883248352604
pushup_correct_2.mp4_000,pushup,correct,4,25,171.98718091974814,171.18203661964242,119.42466915447706,123.97566793553254,82.24637807910565,64.36307436833823,32.33131344050093,10.078660767007648,0.1848212924063329,-0.06974912220192664,-0.8787282483571062,-0.8516254520732502,-1.3052308234977374,-0.03199212006798291,-4.827319206698007,2.897488379175517,-3.9240760112655266,-0.5795969357492083
pushup_correct_2.mp4_000,pushup,correct,5,25,172.43375519124058,171.23923779667302,118.966239906711,124.25743893197163,79.35456637152396,61.5072065436329,29.882843720996352,6.665625654915002,0.18670366848018505,0.44657427149243745,0.05720117703060623,-0.45842924776606253,0.28177099643909287,-2.891811707581695,-2.855867824705335,-2.448469719504576,-3.413035112092646,0.5163233936943641
pushup_correct_2.mp4_000,pushup,correct,6,25,172.62182259710588,170.55604265749236,118.40993899081194,123.85682836246284,78.64783672627205,59.08238099069618,27.330302084583632,3.056299034405846,0.18839089359953048,0.18806740586529713,-0.6831951391806683,-0.5563009158990582,-0.4006105695087996,-0.7067296452519116,-2.424825552936717,-2.5525416364127196,-3.609326620509156,-0.2585068656271403
pushup_correct_2.mp4_000,pushup,correct,7,25,172.53169594336632,170.53801536943786,118.37372614121566,124.54297618289507,77.29910682415004,57.73401907414593,23.984009603926758,0.7972336387336578,0.1883409614090337,-0.09012665373955997,-0.018027288054497603,-0.036212849596282126,0.6861478204322395,-1.3487299021220025,-1.3483619165502532,-3.3462924806568743,-2.259065395672188,-0.2781940596048571
pushup_correct_2.mp4_000,pushup,correct,8,25,173.16452406502856,171.19146643015443,119.28340817756843,125.46541062759259,74.57543943496232,54.8112386468176,21.066880227183503,2.1787733968175313,0.18827860835821086,0.6328281216622429,0.6534510607165771,0.9096820363527769,0.9224344446975152,-2.7236673891877246,-2.922780427328327,-2.9171293767432545,1.3815397580838735,0.7229547754018029
pushup_correct_2.mp4_000,pushup,correct,9,25,172.85592513862633,171.39609508526377,119.05529779696953,125.85215002899449,72.37935618744615,52.81640479956474,18.038737421416684,4.368437705333109,0.18890033082648847,-0.30859892640222597,0.2046286551093317,-0.2281103805989062,0.386739401401897,-2.196083247516171,-1.9948338472528633,-3.0281428057668194,2.189664308515578,-0.9414270480644689
pushup_correct_2.mp4_000,pushup,correct,10,25,172.61261600637388,171.9941322912735,119.05863548510241,126.78578327187849,71.1898079116044,51.673880639503736,17.32561381248962,5.838580677775541,0.18840163061253912,-0.243309132252449,0.5980372060097352,0.003337688132887706,0.9336332428839995,-1.1895482758417444,-1.1425241600610008,-0.713123608927063,1.4701429724424315,0.06528979414977698
pushup_correct_2.mp4_000,pushup,correct,11,25,172.56131654450604,171.5277074721222,119.67608033846456,126.23890386391322,70.6361598467889,50.35523803969475,16.723539662090896,6.896938061862843,0.18825544526601515,-0.051299461867841956,-0.46642481915131384,0.6174448533621444,-0.5468794079652639,-0.5536480648155049,-1.3186425998089888,-0.6020741503987246,1.0583573840873024,0.19200967038460703
pushup_correct_2.mp4_000,pushup,correct,12,25,172.43171088115093,171.06247396460557,119.39656675883586,125.72392426100541,71.34146850033824,49.074050229909716,18.102549551878695,8.343817589835023,0.1886223396425241,-0.12960566335510748,-0.46523350751661496,-0.2795135796286985,-0.5149796029078146,0.7053086535493378,-1.281187809785031,1.379009889787799,1.4468795279721798,-0.07830620148726553
pushup_correct_2.mp4_000,pushup,correct,13,25,172.69011400165468,170.91395872077635,119.64058380843957,125.53813033405294,69.40966199151049,47.56125618273971,15.926229500508857,9.916542499490076,0.18912104535179453,0.25840312050374337,-0.1485152438292232,0.24401704960371262,-0.18579392695247066,-1.9318065088277478,-1.5127940471700043,-2.1763200513698386,1.5727249096550526,0.38800878385885085
pushup_correct_2.mp4_000,pushup,correct,14,25,172.40869326911022,170.4650651254287,119.67354506543374,125.28598742114472,69.28254663555369,47.078059127794134,15.977017823604838,10.540811037075406,0.18918394078789186,-0.2814207325444613,-0.4488935953476414,0.032961256994170185,-0.2521429129082122,-0.12711535595680346,-0.4831970549455775,0.050788323095980914,0.6242685375853299,-0.5398238530482047
pushup_correct_2.mp4_000,pushup,correct,15,25,172.407832108061,170.1771816408505,119.70930900086644,125.03049681772409,68.3604487286575,46.61693768257361,15.697001600938899,10.929642529471645,0.18866305728271432,-0.0008611610492152977,-0.28788348457820234,0.035763935432697735,-0.2554906034206397,-0.9220979068961839,-0.46112144522052745,-0.28001622266593884,0.38883149239623904,0.280559571495246
pushup_correct_2.mp4_000,pushup,correct,16,25,172.39390949256133,170.31572934469258,120.04703479931041,125.52985839325159,61.38433623305488,46.724115300668984,7.742032865514666,11.247371751192283,0.18793261549762974,-0.013922615499666335,0.13854770384207882,0.33772579844396944,0.4993615755275016,-6.976112495602621,0.10717761809537762,-7.954968735424233,0.3177292217206382,-0.013061454450451038
pushup_correct_2.mp4_000,pushup,correct,17,25,171.97054307414615,170.26977704459327,119.96784700510632,125.55648668818891,59.33466109125651,47.47865904645394,5.318375727352277,10.882300366414082,0.18767646815923286,-0.42336641841518485,-0.045952300099315835,-0.07918779420408839,0.02662829493732488,-2.0496751417983745,0.7545437457849573,-2.4236571381623895,-0.3650713847782008,-0.4094438029155185
pushup_correct_2.mp4_000,pushup,correct,18,25,171.7988985966187,170.1977351260488,120.10395432639827,125.61176329238421,58.25468338685708,47.79682865837689,4.545379495058252,10.739627749395193,0.18744457297473616,-0.17164447752745104,-0.07204191854447117,0.13610732129194503,0.05527660419529923,-1.0799777043994254,0.3181696119229471,-0.7729962322940249,-0.14267261701888856,0.2517219408877338
pushup_correct_2.mp4_000,pushup,correct,19,25,170.86132079863026,169.65308446074658,120.25159275123349,126.32042038198463,59.77771416699144,51.099475669919784,5.163064430865091,8.776511858910702,0.18521246289763374,-0.937577797988439,-0.5446506653022141,0.14763842483522183,0.7086570896004218,1.5230307801343557,3.302647011542895,0.6176849358068388,-1.9631158904844916,-0.7659333204609879
pushup_correct_2.mp4_000,pushup,correct,20,25,170.267140790527,169.3189222870038,120.4533911191912,126.9312973147622,63.48444259824099,55.17822898179834,8.082308614352549,5.149001070405089,0.18324168587439704,-0.5941800081032511,-0.3341621737427829,0.20179836795770711,0.6108769327775718,3.7067284312495516,4.0787533118785575,2.919244183487458,-3.627510788505613,0.3433977898851879
pushup_correct_2.mp4_000,pushup,correct,21,25,169.26626301025422,168.04052194616588,120.85367906581182,126.12327523938716,67.63201173055364,59.893555429930935,10.950040566010534,0.8606176139377862,0.1816733627400548,-1.0008777802727877,-1.2784003408379192,0.4002879466206224,-0.8080220753750496,4.147569132312654,4.715326448132593,2.8677319516579853,-4.288383456467303,-0.4066977721695366
pushup_correct_2.mp4_000,pushup,correct,22,25,167.76423251671673,167.6355929088185,122.03475877078914,126.53172985399787,77.06471587229463,66.05540844230522,18.269265360419368,5.293861655087123,0.17990132410011378,-1.5020304935374895,-0.4049290373473866,1.1810797049773214,0.40845461461071864,9.432704141740984,6.161853012374287,7.319224794408834,4.433244041149337,-0.5011527132647018
pushup_correct_2.mp4_000,pushup,correct,23,25,166.56331198943485,165.19668359064767,123.09710879655381,125.33542090724985,85.28278871969715,77.13907079667874,23.959269055607866,15.264780881045068,0.17870011262576208,-1.2009205272818804,-2.438909318170829,1.0623500257646725,-1.1963089467480188,8.218072847402524,11.083662354373516,5.690003695188498,9.970919225957946,0.30110996625560915
pushup_correct_2.mp4_000,pushup,correct,24,25,165.89653011750676,164.37685611508206,122.94169779247767,124.56855654995378,91.72302819369543,83.42086320176615,29.747595665157487,21.763742361026196,0.17763865720163996,-0.6667818719280945,-0.819827475565603,-0.15541100407614294,-0.7668643572960718,6.440239473998275,6.281792405087415,5.788326609549621,6.498961479981128,0.5341386553537859
pushup_correct_2.mp4_000,pushup,correct,25,25,166.41780836601203,165.34335817822074,123.57114671718169,124.72069724654264,98.37400565963434,93.60870533932174,34.7332910806117,30.54746870598276,0.1767315082109258,0.5212782485052685,0.9665020631386767,0.6294489247040218,0.15214069658885876,6.650977465938908,10.187842137555592,4.985695415454213,8.783726344956563,1.188060120433363
squat_correct_1.mp4_000,squat,correct,1,17,98.01045705513164,100.41008414547228,104.9938467501431,103.30571201388996,25.77905463730851,61.86980227689195,26.326242903606655,14.239883466012948,0.176458889475903,-7.420423685510286,-8.32370047665168,-7.421970559199579,-8.540279690116492,0.7266237949626095,5.895050077565351,2.7781731293665466,0.952157532782202,0.16746074390304955
squat_correct_1.mp4_000,squat,correct,2,17,91.9205237722777,93.27366331320792,98.85262262061337,95.93730991563208,26.544582547211448,58.94955856827215,23.947142421150343,13.423372867904538,0.17447582315450283,-6.089933282853934,-7.136420832264363,-6.141224129529732,-7.368402098257874,0.7655279099029393,-2.9202437086198003,-2.3791004824563124,-0.81651059810841,1.330490402656352
squat_correct_1.mp4_000,squat,correct,3,17,84.08205548108178,86.17183206155364,90.79632001606238,88.73520807651255,30.331129341918363,60.43689589424874,24.730157716194523,14.025594430402348,0.17387431615740118,-7.838468291195923,-7.101831251654275,-8.056302604550993,-7.2021018391195355,3.786546794706915,1.4873373259765899,0.78301529504418,0.6022215624978102,-1.7485350083419888
squat_correct_1.mp4_000,squat,correct,4,17,79.33911835316938,79.39130323000433,86.02196797372271,81.96881536957528,35.89278503425795,66.43032723113038,24.03080083105105,14.820059370626728,0.1731480327895151,-4.742937127912398,-6.780528831549319,-4.774352042339672,-6.766392706937268,5.561655692339585,5.993431336881635,-0.699356885143473,0.7944649402243797,3.0955311632835247
squat_correct_1.mp4_000,squat,correct,5,17,73.23941244732039,74.50030197022411,79.65603934206094,76.99979078428757,40.918834087730936,69.44555180893437,22.546718226676834,14.741931528766479,0.17343272549813152,-6.099705905848992,-4.891001259780211,-6.365928631661774,-4.969024585287713,5.026049053472988,3.0152245778039912,-1.4840826043742155,-0.07812784186024935,-1.356768777936594
squat_correct_1.mp4_000,squat,correct,6,17,66.94304359559864,68.42344274681061,73.21806218189604,70.82665912830987,43.313424291589165,72.93689727508837,22.443017050778376,14.5287924482106,0.17549297471867314,-6.296368851721752,-6.076859223413507,-6.437977160164891,-6.1731316559776985,2.394590203858229,3.4913454661540015,-0.10370117589845762,-0.21313908055587838,-0.19666294587275956
squat_correct_1.mp4_000,squat,correct,7,17,63.76169997602445,65.38894412909377,69.91717920260952,67.53238225002576,44.113197395651085,72.73529651271033,18.780932886509028,12.521339638168014,0.17696051151536074,-3.1813436195741858,-3.034498617716835,-3.300882979286527,-3.2942768782841085,0.79977310406192,-0.20160076237803537,-3.6620841642693485,-2.0074528100425866,3.115025232147566
squat_correct_1.mp4_000,squat,correct,8,17,61.28483981939212,62.807930924652034,67.32528649694986,64.91626673960977,44.493100891685756,71.31607569940836,15.914294909370494,11.169553520511037,0.1779575954346249,-2.476860156632334,-2.5810132044417387,-2.59189270565966,-2.6161155104159945,0.37990349603467166,-1.4192208133019761,-2.8666379771385344,-1.3517861176569763,0.7044834629418517
squat_correct_1.mp4_000,squat,correct,9,17,60.39629693332942,62.173884623598,66.2521129053934,64.1982558607186,46.290020901488255,68.57412266158514,16.006272059326925,11.463327256702703,0.17762337147553364,-0.8885428860627016,-0.6340463010540347,-1.0731735915564542,-0.7180108788911639,1.7969200098024984,-2.7419530378232224,0.09197714995643125,0.2937737361916657,1.5883172705696325
squat_correct_1.mp4_000,squat,correct,10,17,60.20580836278952,61.224077613169506,65.91828745377357,63.10557934351916,42.74341571357282,67.22946323593104,15.045017300821069,10.988497733174125,0.17775927488243815,-0.1904885705398982,-0.9498070104284935,-0.33382545161983046,-1.0926765171994433,-3.546605187915432,-1.3446594256541005,-0.9612547585058557,-0.47482952352857843,0.6980543155228034
squat_correct_1.mp4_000,squat,correct,11,17,61.4180608965205,62.132070252977634,66.85971746604523,63.746080325160456,45.29513943283144,64.80091102950608,13.637494360541947,11.670820269391076,0.17685840926377644,1.2122525337309824,0.9079926398081284,0.9414300122716526,0.6405009816412957,2.551723719258618,-2.4285522064249534,-1.4075229402791223,0.6823225362169509,1.4027411042708806
squat_correct_1.mp4_000,squat,correct,12,17,64.0220102765414,64.00684916886553,69.25353659908365,65.36309721317588,45.209583393359885,66.8161339384681,14.005893014368679,9.039433241171839,0.17602728893268527,2.603949380020893,1.8747789158878945,2.39381913303842,1.6170168880154208,-0.08555603947155532,2.0152229089620164,0.3683986538267323,-2.631387028219237,1.3916968462899106
squat_correct_1.mp4_000,squat,correct,13,17,65.82699859884475,65.58273756034707,70.99635443589241,66.7455314522886,43.82341094852642,63.2455508276282,13.793447478200125,9.647539192252568,0.17728195761073512,1.804988322303359,1.5758883914815414,1.7428178368087686,1.382434239112726,-1.3861724448334627,-3.570583110839898,-0.21244553616855377,0.608105951080729,-0.7989610577175341
squat_correct_1.mp4_000,squat,correct,14,17,72.78651044624526,73.09281136854189,77.86074833178485,73.93845694676709,46.078178042277806,61.962217407888936,13.637948478860498,9.077856824797609,0.1732177743466031,6.959511847400506,7.510073808194818,6.864393895892434,7.192925494478487,2.254767093751383,-1.2833334197392645,-0.15549899933962763,-0.5696823674549591,5.154523525097147
squat_correct_1.mp4_000,squat,correct,15,17,83.7356535199985,84.88570062107902,88.77347669152286,85.52703022188147,47.61755038518724,60.109024800068845,14.88012951499721,9.464509237258437,0.17157045125715686,10.949143073753234,11.792889252537137,10.912728359738011,11.588573275114385,1.539372342909438,-1.853192607820091,1.2421810361367118,0.38665241246082793,3.989631226352728
squat_correct_1.mp4_000,squat,correct,16,17,95.99346655985377,97.71854295917389,101.33840042797033,98.10783013847154,41.00164766062777,51.57611655609691,14.94421801716482,9.524981527174951,0.17195787343810398,12.257813039855279,12.832842338094864,12.564923736447469,12.580799916590067,-6.615902724559476,-8.532908243971931,0.06408850216761053,0.060472289916514654,1.3086699661020447
squat_correct_1.mp4_000,squat,correct,17,17,105.37832669933785,107.64743988677758,110.97511176418652,107.81484457138176,41.59341445362265,57.15335453223122,14.387716973753278,10.42706765877401,0.1767858118414187,9.384860139484076,9.928896927603688,9.636711336216194,9.707014432910213,0.591766792994882,5.577237976134306,-0.5565010434115418,0.9020861315990594,-2.872952900371203
squat_correct_1.mp4_001,squat,correct,1,19,94.81271473943642,94.69221946324376,101.35807721450783,96.5721985969767,38.316191261260215,58.631122166169796,15.20944947584792,10.061946963360928,0.17434971650719827,-6.509627554437245,-7.043404198635798,-6.6153085304895285,-7.149243364876327,7.463380003027428,4.231041114601844,0.5388355602609565,-3.3593675425100376,-3.2810285364272715
squat_correct_1.mp4_001,squat,correct,2,19,90.13819090266031,89.79667260482734,96.6145819275654,91.4083026129166,44.796285482131715,69.71392192591362,16.046014401673965,9.115962238496957,0.17310064480064954,-4.674523836776103,-4.895546858416424,-4.743495286942434,-5.163895984060105,6.4800942208715,11.082799759743828,0.8365649258260444,-0.9459847248639708,1.8351037176611413
squat_correct_1.mp4_001,squat,correct,3,19,86.21747197353697,85.05690712251726,92.62337893913646,86.43538758501109,48.74498244563491,73.25175759228104,14.682456199544474,8.028168094387004,0.1724671425153842,-3.920718929123339,-4.7397654823100765,-3.991202988428938,-4.972915027905515,3.9486969635031954,3.537835666367414,-1.3635582021294912,-1.087794144109953,0.7538049076527642
squat_correct_1.mp4_001,squat,correct,4,19,82.23087897786469,80.73173418694907,88.61482709413353,81.78755646186941,44.68487511043185,76.46425900400752,14.289158181215782,8.694336521235051,0.172092392618284,-3.9865929956722823,-4.32517293556819,-4.008551845002927,-4.647831123141671,-4.060107335203064,3.2125014117264783,-0.39329801832869116,0.6661684268480474,-0.06587406654894323
squat_correct_1.mp4_001,squat,correct,5,19,78.1376033365529,78.2805204481386,84.3716076343592,79.0114359992492,45.921193322362384,77.69884801120642,13.840664520230478,8.964118127705024,0.17200813277931995,-4.0932756413117914,-2.4512137388104662,-4.243219459774338,-2.776120462620213,1.2363182119305378,1.234589007198906,-0.44849366098530474,0.26978160646997296,-0.10668264563950913
squat_correct_1.mp4_001,squat,correct,6,19,74.46614740214784,75.01501293908754,80.52651277654083,75.64542105803847,45.9330114023326,78.3616503586124,13.886490730037787,9.938807319312877,0.1722271285158141,-3.67145593440506,-3.265507509051062,-3.845094857818367,-3.366014941210736,0.011818079970218776,0.6628023474059717,0.045826209807309226,0.9746891916078528,0.42181970690673154
squat_correct_1.mp4_001,squat,correct,7,19,71.50373378980868,72.8017540519415,77.41420130308846,73.33242331297154,49.05415671759221,79.00282365402377,14.190773465954113,10.958464669348023,0.17228746428540806,-2.9624136123391622,-2.21325888714604,-3.1123114734523654,-2.312997745066923,3.1211453152596036,0.6411732954113774,0.3042827359163258,1.0196573500351462,0.7090423220658977
squat_correct_1.mp4_001,squat,correct,8,19,69.44784812714262,70.31506254811295,75.20368229008588,70.63483153592821,49.32950994567024,74.71859708362133,15.13902416131875,11.404756036005168,0.17248328909206495,-2.055885662666057,-2.4866915038285526,-2.210519013002582,-2.6975917770433284,0.275353228078032,-4.2842265704024385,0.9482506953646368,0.4462913666571442,0.9065279496731051
squat_correct_1.mp4_001,squat,correct,9,19,67.90784736655198,68.5528164579236,73.5415538538602,68.80402208307441,51.01648424794414,74.70845721618011,13.991477106300616,12.394151504135463,0.1737641776372433,-1.5400007605906438,-1.7622460901893504,-1.6621284362256858,-1.8308094528537993,1.686974302273903,-0.010139867441225192,-1.1475470550181335,0.9893954681302954,0.5158849020754133
squat_correct_1.mp4_001,squat,correct,10,19,66.90686797848555,67.75666786797557,72.39543755835783,67.94302659412307,52.19949302638188,78.41788077561124,12.317233911508987,12.943433216301454,0.17498023849504632,-1.0009793880664262,-0.7961485899480323,-1.1461162955023667,-0.860995488951346,1.1830087784377383,3.70942355943113,-1.6742431947916288,0.5492817121659908,0.5390213725242177
squat_correct_1.mp4_001,squat,correct,11,19,66.3128429605509,66.893068391717,71.67776001518416,66.90205306316592,48.356655669701546,75.68161896181664,11.20394215695788,14.698089837247254,0.17510804538461575,-0.5940250179346549,-0.863599476258571,-0.7176775431736644,-1.040973530957146,-3.8428373566803344,-2.7362618137945987,-1.113291754551108,1.7546566209458003,0.40695437013177127
squat_correct_1.mp4_001,squat,correct,12,19,66.92352564552164,67.2299737876001,72.20006188574995,67.13373199630377,51.91110404632886,71.60830625428933,11.061657217329666,15.239325268792824,0.17519545808943912,0.6106826849707403,0.3369053958831074,0.5223018705657836,0.23167893313784305,3.554448376627313,-4.0733127075273075,-0.14228493962821354,0.5412354315455694,1.2047077029053952
squat_correct_1.mp4_001,squat,correct,13,19,68.10574567770138,68.45123783241014,73.33848275339793,68.11610991035161,51.70965582342551,73.15789128051075,11.971097185801252,16.07871330360322,0.17499704841037061,1.1822200321797425,1.2212640448100416,1.1384208676479801,0.982377914047845,-0.20144822290335185,1.549585026221422,0.9094399684715864,0.8393880348103959,0.5715373472090022
squat_correct_1.mp4_001,squat,correct,14,19,69.42955385067494,69.81581951665778,74.62583717398175,69.3733847329629,49.85831471010266,70.94045717772946,12.980059122726008,16.22094465419811,0.17493502486471443,1.323808172973557,1.3645816842476393,1.2873544205838243,1.2572748226112935,-1.851341113322846,-2.217434102781297,1.0089619369247558,0.14223135059489067,0.14158814079381443
squat_correct_1.mp4_001,squat,correct,15,19,71.2976833118182,72.19903968834177,76.46371971458444,71.72486047660901,51.44575176343691,66.64621825584827,13.075121992824931,15.902718558906868,0.1744039874371534,1.868129461143269,2.3832201716839876,1.837882540602692,2.3514757436461053,1.5874370533342486,-4.294238921881188,0.09506287009892311,-0.31822609529124257,0.5443212881697121
squat_correct_1.mp4_001,squat,correct,16,19,77.86172635115807,79.35226347224804,83.07018861748952,78.79200890605802,52.769748201418274,58.36003150803807,13.919979436178842,15.274360260925144,0.17398606414832937,6.5640430393398645,7.15322378390627,6.606468902905078,7.067148429449006,1.3239964379813642,-8.286186747810198,0.8448574433539111,-0.6283582979817233,4.6959135781965955
squat_correct_1.mp4_001,squat,correct,17,19,88.09912287361337,90.27275930922534,93.34945710892065,89.78364788004644,55.26308348878887,52.03156978017988,14.477653037808667,15.630668190655408,0.17477147314293734,10.237396522455299,10.920495836977295,10.279268491431125,10.99163897398843,2.4933352873705985,-6.3284617278581905,0.5576736016298245,0.3563079297302636,3.6733534831154344
squat_correct_1.mp4_001,squat,correct,18,19,99.21893158882567,101.62801824344871,104.58747129702618,101.08989719414504,50.83390471648768,46.069794460539654,14.777170576574642,16.92702469490988,0.17691597278695487,11.1198087152123,11.355258934223372,11.238014188105538,11.306249314098594,-4.429178772301192,-5.961775319640225,0.29951753876597564,1.2963565042544705,0.8824121927570019
squat_correct_1.mp4_001,squat,correct,19,19,110.37702046959971,112.70064590497543,115.84506120863374,112.31082516959826,48.927832745290836,48.9190721174849,14.347493958931635,18.948920347054393,0.17930811426793195,11.158088880774045,11.072627661526724,11.257589911607553,11.220927975453222,-1.9060719711968446,2.8492776569452474,-0.4296766176430076,2.021895652144515,0.038280165561744184
squat_correct_1.mp4_002,squat,correct,1,16,96.0515552753052,94.22156991158549,101.57175636903268,96.34295837572022,40.70256318903057,55.92055024066995,20.805574448321366,24.400084849625312,0.17070191746254873,-5.318988701680439,-6.417710921445618,-5.49079228005337,-6.707671105209641,6.436959599595404,9.378162933227884,-0.7271037777011351,0.5475006183720801,-0.8386911751534853
squat_correct_1.mp4_002,squat,correct,2,16,88.54400814030767,86.49764281482528,93.99281099054949,88.4974607831742,40.67921085938338,57.67680364687086,21.44447076073967,24.903491982734383,0.17210317195234276,-7.507547134997537,-7.723927096760207,-7.578945378483198,-7.84549759254601,-0.023352329647188697,1.756253406200912,0.6388963124183036,0.5034071331090715,-2.188558433317098
squat_correct_1.mp4_002,squat,correct,3,16,83.56474916970119,81.03424480078709,88.86804927153938,82.87529927174268,46.195255679441544,64.44691351525033,22.8272519204502,25.099642313446896,0.17147212486028476,-4.97925897060648,-5.463398014038191,-5.12476171901011,-5.622161511431528,5.516044820058163,6.770109868379471,1.3827811597105288,0.19615033071251275,2.528288164391057
squat_correct_1.mp4_002,squat,correct,4,16,79.07706823557386,75.88566561261511,84.30495251010335,77.58375664552253,52.57343693577249,75.28375949764818,22.850089082070525,30.817320405102496,0.17168291270272343,-4.487680934127326,-5.148579188171979,-4.563096761436029,-5.291542626220149,6.378181256330947,10.836845982397847,0.022837161620326896,5.7176780916556,0.49157803647915443
squat_correct_1.mp4_002,squat,correct,5,16,73.78611217999084,71.31634707890397,78.4951751962285,73.00913025182473,52.384096583165025,73.88589889944603,21.523429355349737,25.29845394865055,0.17272919394732172,-5.290956055583024,-4.56931853371114,-5.8097773138748465,-4.574626393697798,-0.1893403526074664,-1.3978605982021435,-1.3266597267207878,-5.518866456451946,-0.8032751214556981
squat_correct_1.mp4_002,squat,correct,6,16,71.56096492078946,69.53058007960553,76.14212403376837,71.03117633158594,47.19940612220141,71.69561288183043,18.928265289110005,25.84569169763195,0.17234047812938444,-2.2251472592013783,-1.7857669992984455,-2.353051162460133,-1.9779539202387895,-5.1846904609636155,-2.1902860176156054,-2.5951640662397324,0.5472377489813987,3.0658087963816456
squat_correct_1.mp4_002,squat,correct,7,16,70.1430468955401,68.34635733443356,74.46054201681845,69.79714782438286,49.84714862613083,72.00770200601215,17.350262915531577,28.35859205154692,0.17297848640913216,-1.4179180252493637,-1.1842227451719651,-1.6815820169499176,-1.234028507203078,2.647742503929422,0.31208912418172474,-1.5780023735784283,2.512900353914972,0.8072292339520146
squat_correct_1.mp4_002,squat,correct,8,16,69.29217939728144,68.33081235436175,73.30792146436322,69.87536286732721,42.495917616817614,68.30627397180301,15.387566974619531,25.97123031602058,0.17346825792499165,-0.8508674982586513,-0.015544980071808823,-1.1526205524552324,0.07821504294435044,-7.351231009313217,-3.701428034209144,-1.9626959409120452,-2.3873617355263406,0.5670505269907125
squat_correct_1.mp4_002,squat,correct,9,16,68.52286836253957,67.51115263209212,72.3491389347922,68.94452477955164,41.43587421252362,63.47294916025014,12.785822513163582,26.597104670980254,0.17351534170077254,-0.7693110347418752,-0.819659722269634,-0.9587825295710246,-0.9308380877755695,-1.0600434042939924,-4.83332481155287,-2.601744461455949,0.6258743549596737,0.08155646351677603
squat_correct_1.mp4_002,squat,correct,10,16,67.92885257326243,66.6574854995556,71.54888084032156,68.03696026304509,44.868471921614834,53.9554126308532,11.069638368389143,25.182050498764635,0.17475929231331275,-0.5940157892771367,-0.8536671325365148,-0.8002580944706352,-0.9075645165065538,3.432597709091212,-9.517536529396935,-1.7161841447744397,-1.4150541722156191,0.1752952454647385
squat_correct_1.mp4_002,squat,correct,11,16,68.52432858876759,66.93400187246588,72.06250095632265,68.25770844927288,46.365848623887246,49.949926074171096,9.374881793395891,25.429543990746524,0.17611152858509718,0.5954760155051559,0.27651637291027953,0.5136201160010927,0.22074818622779446,1.4973767022724118,-4.005486556682108,-1.6947565749932512,0.24749349198188852,1.1894918047822927
squat_correct_1.mp4_002,squat,correct,12,16,70.8602336491833,68.83926620066738,74.39000622256644,70.09927289460366,47.37903520305698,55.52167495150301,8.580312288419519,25.979776984814407,0.17599519749524328,2.335905060415712,1.905264328201497,2.32750526624379,1.841564445330775,1.0131865791697336,5.571748877331913,-0.7945695049763728,0.5502329940678834,1.740429044910556
squat_correct_1.mp4_002,squat,correct,13,16,71.04529169544669,68.5715783985675,74.60434636645184,69.73467619770472,46.12455216080401,37.236532651600974,10.11421752139535,25.896301253967057,0.17627070642640827,0.18505804626339284,-0.26768780209988563,0.21434014388539424,-0.3645966968989427,-1.2544830422529714,-18.285142299902034,1.5339052329758314,-0.0834757308473506,-2.150847014152319
squat_correct_1.mp4_002,squat,correct,14,16,80.24469074883024,77.49794597068319,83.85038287907011,78.44147779960062,38.137361697229174,18.8146454229949,11.686191340357885,22.502838608947375,0.1730716172709576,9.199399053383544,8.926367572115694,9.246036512618275,8.706801601895904,-7.987190463574834,-18.421887228606074,1.571973818962535,-3.3934626450196816,9.014341007120152
squat_correct_1.mp4_002,squat,correct,15,16,92.88573373388927,90.29482950867514,96.79590865935417,91.20685596239132,36.81298593643087,19.770597605593775,10.667173774919931,22.363586980845668,0.17450255023209207,12.64104298505903,12.796883537991945,12.945525780284058,12.765378162790697,-1.3243757607983042,0.9559521825988746,-1.019017565437954,-0.13925162810170733,3.441643931675486
squat_correct_1.mp4_002,squat,correct,16,16,104.7982108304313,101.6976001249249,109.14220758282154,102.606445235535,35.92727090985623,21.99427155521788,8.294826080116117,23.406174540297936,0.17749167964640195,11.912477096542034,11.402770616249768,12.346298923467373,11.39958927314369,-0.885715026574637,2.2236739496241036,-2.372347694803814,1.0425875594522687,-0.7285658885169966
squat_correct_2.mp4_000,squat,correct,1,26,85.95542455368391,88.77713039164809,69.93621949718717,72.65330574620994,151.02393359700648,145.38006405377138,103.8223957769814,103.26950085562939,0.1772448400773446,-6.609368029089296,-8.170613651755218,-7.130164849362956,-8.236678149781866,-0.3640054206588843,-0.12214294706683404,2.1164253445842576,1.0015774014726588,2.1054864666867985
squat_correct_2.mp4_000,squat,correct,2,26,79.92929245020449,84.01838158531713,64.31309289678582,67.90375128236838,154.36851812013538,145.35101961705348,107.38746932488007,102.15314205931104,0.17658438159160184,-6.026132103479426,-4.758748806330956,-5.623126600401349,-4.749554463841562,3.3445845231289013,-0.02904443671789636,3.5650735478986775,-1.1163587963183517,0.5832359256098698
squat_correct_2.mp4_000,squat,correct,3,26,72.90650440160786,78.97042314418675,57.96213614945558,62.91186078633478,153.27828250199875,144.3047763241945,107.47632430500936,101.35346945567944,0.1763814234915337,-7.022788048596624,-5.047958441130376,-6.350956747330237,-4.991890496033598,-1.0902356181366315,-1.0462432928589749,0.08885498012928394,-0.799672603631592,-0.9966559451171975
squat_correct_2.mp4_000,squat,correct,4,26,66.60538358127114,75.33116257093512,52.38902853687622,59.20039795260951,154.82936883895135,144.74696185972726,107.97589317751675,100.86533001224302,0.17708749782012745,-6.30112082033672,-3.639260573251633,-5.5731076125793635,-3.711462833725271,1.5510863369526078,0.44218553553275797,0.4995688725073961,-0.4881394434364239,0.7216672282599035
squat_correct_2.mp4_000,squat,correct,5,26,64.20244289354865,70.67929958036206,50.448871345141036,54.781856591066834,155.09240189900189,146.01312887608887,107.17377958510681,101.67845218826776,0.17735701417849212,-2.4029406877224915,-4.651862990573065,-1.9401571917351816,-4.4185413615426725,0.26303306005053173,1.2661670163616066,-0.8021135924099383,0.8131221760247342,3.898180132614229
squat_correct_2.mp4_000,squat,correct,6,26,62.141028874476945,67.00461442398188,48.441207330132286,51.34318169629904,150.40150312215602,144.0134469253652,104.99402462248557,100.8156366855301,0.17763580197086892,-2.061414019071705,-3.6746851563801783,-2.00766401500875,-3.438674894767793,-4.69089877684587,-1.9996819507236694,-2.179754962621246,-0.8628155027376607,0.3415266686507863
squat_correct_2.mp4_000,squat,correct,7,26,59.38700633943848,65.37972502724564,46.21795046942482,50.09130768966641,148.29077407783785,141.81439282673495,104.42629392464261,99.17622861189093,0.17790070770257227,-2.754022535038466,-1.6248893967362363,-2.2232568607074654,-1.251874006632633,-2.1107290443181626,-2.1990540986302562,-0.5677306978429613,-1.63940807363916,-0.6926085159667608
squat_correct_2.mp4_000,squat,correct,8,26,59.65752327388158,63.32021420498144,46.83866998041089,48.60754570613438,148.18421323659018,141.9001967691015,104.00136619192448,99.68669409604996,0.17745676521606255,0.2705169344431013,-2.059510822264201,0.6207195109860706,-1.4837619835320268,-0.10656084124767062,0.0858039423665673,-0.4249277327181318,0.5104654841590275,3.0245394694815673
squat_correct_2.mp4_000,squat,correct,9,26,59.58794316860391,62.990201140337454,47.264809169002966,48.81082565502093,150.31737050118733,142.2730313655613,105.6126711215821,98.8939962085725,0.17775766297537926,-0.069580105277673,-0.3300130646439854,0.42613918859207445,0.20327994888654644,2.133157264597145,0.37283459645979633,1.6113049296576207,-0.7926978874774591,-0.3400970397207743
squat_correct_2.mp4_000,squat,correct,10,26,59.15392088210057,62.86965697548581,47.16254598436732,49.081812572802015,150.21937718166419,142.7857936254278,105.77282457360782,99.81042801310257,0.17792247554178126,-0.4340222865033354,-0.1205441648516441,-0.1022631846356461,0.2709869177810873,-0.09799331952314105,0.5127622598664914,0.16015345202572462,0.9164318045300632,-0.3644421812256624
squat_correct_2.mp4_000,squat,correct,11,26,56.91660536011797,62.71557932002524,44.868585527531756,49.31748849209318,148.3537121170577,140.4482262354261,105.53638079421376,98.9481605661522,0.1788815472074347,-2.2373155219826018,-0.1540776554605685,-2.2939604568355634,0.23567591929116816,-1.8656650646064747,-2.337567390001709,-0.23644377939406525,-0.8622674469503693,-1.8032932354792663
squat_correct_2.mp4_000,squat,correct,12,26,55.56159744216717,60.96447388941846,43.286961138754215,48.12584650243438,148.49445666964812,139.67688946001374,105.82208327267489,98.1410894558558,0.18025709562798836,-1.3550079179508003,-1.7511054306067848,-1.5816243887775414,-1.1916419896588053,0.1407445525904052,-0.771336775412351,0.2857024784611326,-0.8070711102963912,0.8823076040318014
squat_correct_2.mp4_000,squat,correct,13,26,56.32816253633636,60.79638508734881,43.79723954107234,47.983899909453065,148.28986096770356,140.55900819046806,105.00282034441783,98.71034891011705,0.18001852681136163,0.7665650941691879,-0.16808880206964716,0.5102784023181215,-0.14194659298131285,-0.20459570194455523,0.882118730454323,-0.8192629282570607,0.5692594542612426,2.1215730121199883
squat_correct_2.mp4_000,squat,correct,14,26,55.48293859196231,60.443920094352,42.651032758128196,47.893590298416115,149.5109886716209,140.96261178715625,105.58280161732237,98.6017102705499,0.18014818312602876,-0.8452239443740481,-0.3524649929968078,-1.146206782944141,-0.09030961103695034,1.2211277039173467,0.40360359668818546,0.579981272904547,-0.10863863956714681,-1.611789038543236
squat_correct_2.mp4_000,squat,correct,15,26,55.63157042391227,59.49294486433445,42.71269665886735,46.75183303737626,147.60012095640633,141.00690353194491,103.88534997004021,99.68242359782896,0.18045931162684747,0.1486318319499631,-0.9509752300175549,0.06166390073915551,-1.1417572610398565,-1.9108677152145788,0.04429174478866571,-1.6974516472821648,1.0807133272790566,0.9938557763240112
squat_correct_2.mp4_000,squat,correct,16,26,55.762099795624955,59.1307908820213,42.64704382840197,46.39906703736495,147.6022764829813,141.0950952821018,103.39184966450338,99.72099977988833,0.1808996972855204,0.13052937171268297,-0.36215398231314566,-0.06565283046538184,-0.3527660000113073,0.0021555265749668706,0.08819175015688074,-0.493500305536827,0.038576182059372854,-0.018102460237280127
squat_correct_2.mp4_000,squat,correct,17,26,55.89376862436552,59.22065607839579,42.460971059153756,46.39708120072083,146.89686203967605,140.5367280596913,102.83562315441152,99.48285886375636,0.1813975143014035,0.1316688287405654,0.08986519637448964,-0.18607276924821292,-0.001985836644124106,-0.7054144433052443,-0.5583672224104816,-0.5562265100918609,-0.23814091613196808,0.001139457027882429
squat_correct_2.mp4_000,squat,correct,18,26,55.7984012705305,59.20896932932341,42.18599778376165,46.026110767227685,146.2913736155597,140.77673358009332,102.26981822918657,100.6587951607533,0.18124196847017204,-0.09536735383502304,-0.011686749072381986,-0.2749732753921066,-0.3709704334931416,-0.605488424116345,0.24000552040200773,-0.5658049252249526,1.1759362969969374,-0.22703618257558844
squat_correct_2.mp4_000,squat,correct,19,26,55.23582099086702,59.63028953661156,41.471329155845076,46.48576313638648,147.00784199455262,141.1493454014865,102.23160948862737,100.74594336585285,0.18086096753572917,-0.5625802796634787,0.42132020728815434,-0.7146686279165735,0.45965236915879615,0.7164683789929143,0.3726118213931784,-0.03820874055919887,0.08714820509955246,-0.46721292582845564
squat_correct_2.mp4_000,squat,correct,20,26,55.40660254955479,60.12048750489648,41.70592878255268,46.954282490831474,147.08554877215673,141.318846496188,102.37131033602684,100.78655075437872,0.18079510678086097,0.17078155868777145,0.49019796828491735,0.23459962670760603,0.46851935444499304,0.07770677760410649,0.1695010947015021,0.13970084739946742,0.04060738852587065,0.7333618383512501
squat_correct_2.mp4_000,squat,correct,21,26,57.99976616833201,61.2578609550484,44.005534952886485,47.769088088442444,148.02799722195903,144.02864003923133,102.17542779458736,102.79358638921822,0.17968334877781694,2.5931636187772185,1.1373734501519195,2.299606170333803,0.8148055976109703,0.9424484498022991,2.7097935430433324,-0.1958825414394738,2.0070356348394967,2.422382060089447
squat_correct_2.mp4_000,squat,correct,22,26,63.05954883582873,66.69920988470767,48.58131850106453,53.00352097942716,149.45670838233724,145.87634968697517,103.72807719634041,103.84863719567562,0.1784617359088321,5.0597826674967195,5.44134892965927,4.575783548178045,5.2344328909847135,1.4287111603782137,1.8477096477438408,1.552649401753044,1.0550508064574018,2.466619048719501
squat_correct_2.mp4_000,squat,correct,23,26,72.09132108097478,74.6234255446318,57.88436802743655,61.28527329247563,147.39935996413942,145.8302133479169,100.25984163941047,101.5740771489499,0.17873105080856136,9.031772245146051,7.92421565992413,9.303049526372021,8.281752313048472,-2.0573484181978188,-0.04613633905827896,-3.4682355569299403,-2.2745600467257248,3.9719895776493317
squat_correct_2.mp4_000,squat,correct,24,26,80.01456838826917,81.41244761253691,65.79373129838358,68.03030396104012,144.16826682212556,144.77655204791665,97.77116566845807,99.79710069985073,0.17946120162216153,7.923247307294389,6.789022067905108,7.909363270947026,6.745030668564489,-3.2310931420138616,-1.0536613000002433,-2.4886759709524,-1.7769764490991662,-1.1085249378516622
squat_correct_2.mp4_000,squat,correct,25,26,87.79682368847335,88.11684983677215,73.37880038488785,75.50928560203558,145.18706666727778,141.9060538007645,98.70400492798612,96.57369092703756,0.18087091113678574,7.782255300204184,6.704402224235238,7.5850690865042765,7.478981640995457,1.0187998451522162,-2.870498247152142,0.9328392595280519,-3.22340977281317,-0.14099200709020465
squat_correct_2.mp4_000,squat,correct,26,26,96.49356662675507,95.15780409330087,81.84270292628568,82.75265797887347,146.1067038339358,142.4287109918147,98.89705439534603,96.93508646464582,0.1818439787810897,8.696742938281716,7.040954256528721,8.463902541397829,7.243372376837897,0.9196371666580205,0.5226571910502003,0.1930494673599128,0.36139553760826004,0.9144876380775315
squat_correct_2.mp4_001,squat,correct,1,21,82.84303715558848,83.59458207057065,69.26633100636175,70.91446044526798,149.46554878681172,146.7797333637089,101.45267809367951,103.52211676886144,0.17859425470831483,-9.021290933129094,-5.390457072936812,-9.144884296509744,-5.4808615075599505,-0.9143943330186346,-3.5875738992069444,-1.190171353300343,-4.621711682211895,-0.40114357013618474
squat_correct_2.mp4_001,squat,correct,2,21,76.18113978431892,80.10865903012056,62.83187236883709,66.87312608550666,152.2633635195733,146.79654359130132,104.1379048095241,103.33852026248516,0.17775887139971508,-6.661897371269561,-3.485923040450089,-6.4344586375246635,-4.041334359761322,2.797814732761566,0.01681022759240136,2.6852267158445926,-0.18359650637627567,2.359393561859534
squat_correct_2.mp4_001,squat,correct,3,21,70.55593751295088,74.7166070452488,58.08483150148262,61.41772994441764,151.3229545457012,144.7422156096001,103.79588142566709,101.72769898325006,0.17928248879558736,-5.625202271368039,-5.39205198487177,-4.747040867354471,-5.455396141089018,-0.9404089738720813,-2.0543279817012206,-0.34202338385701125,-1.6108212792350969,1.0366950999015216
squat_correct_2.mp4_001,squat,correct,4,21,63.50549793835088,69.23497332885393,52.24033587072509,56.2637673719022,150.70857913107838,142.30398832626764,103.67066079129053,100.23883526275786,0.18129375254253077,-7.050439574599999,-5.481633716394867,-5.844495630757528,-5.153962572515439,-0.6143754146228275,-2.438227283332452,-0.12522063437656072,-1.4888637204922048,-1.4252373032319596
squat_correct_2.mp4_001,squat,correct,5,21,63.31305727360432,66.8035328936873,52.65346589403832,54.16781412132396,151.43503246511858,143.16600754488078,104.49128766674723,100.55040953276517,0.180076606741434,-0.19244066474655597,-2.4314404351666212,0.41313002331322934,-2.0959532505782406,0.7264533340402011,0.8620192186131419,0.8206268754566963,0.31157427000731275,6.857998909853443
squat_correct_2.mp4_001,squat,correct,6,21,59.751357680668136,63.43928765705476,49.5755013788888,51.224979422558185,154.53388576386294,144.03486538303127,107.53013765977501,100.7929395333193,0.17993396969947387,-3.5616995929361863,-3.3642452366325415,-3.0779645151495174,-2.942834698765772,3.098853298744359,0.8688578381504897,3.0388499930277817,0.242530000554126,-3.3692589281896304
squat_correct_2.mp4_001,squat,correct,7,21,56.98962521714746,61.524720830531564,47.543008700666256,49.54326096752566,152.93458288648935,141.61968140339354,107.6292306735761,99.68422564369195,0.18059684693195646,-2.761732463520673,-1.914566826523199,-2.032492678222546,-1.6817184550325237,-1.5993028773735887,-2.4151839796377317,0.09909301380109525,-1.108713889627353,0.7999671294155135
squat_correct_2.mp4_001,squat,correct,8,21,56.60970120837386,57.78712412523297,47.207123254468826,45.983464216062615,152.30902627069543,143.98580170323476,107.4492503174549,102.36980848364361,0.17995607616291245,-0.37992400877359955,-3.737596705298593,-0.3358854461974303,-3.559796751463047,-0.6255566157939256,2.3661202998412136,-0.1799803561212059,2.685582839951664,2.3818084547470733
squat_correct_2.mp4_001,squat,correct,9,21,55.48557619623002,56.266661566005894,46.34000104739498,44.5740804193838,150.94578952674706,145.17890564346843,107.23000355153579,104.09979506931624,0.17983401197627397,-1.1241250121438426,-1.5204625592270773,-0.867122207073848,-1.4093837966788172,-1.363236743948363,1.1931039402336694,-0.21924676591910952,1.7299865856726342,-0.7442010033702431
squat_correct_2.mp4_001,squat,correct,10,21,53.66701373925546,55.53338625880463,44.66130176684806,44.02446239371353,153.31670706080888,146.12946936678432,108.40802242778258,104.18469104585719,0.1796954897920323,-1.8185624569745613,-0.7332753072012608,-1.6786992805469154,-0.5496180256702701,2.3709175340618174,0.950563723315895,1.1780188762467958,0.08489597654094894,-0.6944374448307187
squat_correct_2.mp4_001,squat,correct,11,21,52.66576756416724,55.45755763593614,43.85924756988156,44.376905281525616,149.7997796483544,143.86986482612107,106.2390815630918,101.91359568607187,0.18052308969833525,-1.0012461750882196,-0.07582862286849235,-0.8020541969665018,0.35244288781208866,-3.5169274124544927,-2.259604540663247,-2.168940864690782,-2.2710953597853205,0.8173162818863418
squat_correct_2.mp4_001,squat,correct,12,21,52.06612201514929,55.61173652773934,43.0456540633493,44.69340689813593,148.40467203807245,143.0531061223204,105.41878869128735,101.02268898505329,0.18128896622582943,-0.59964554901795,0.15417889180319833,-0.813593506532257,0.31650161661031717,-1.39510761028194,-0.816758703800673,-0.8202928718044546,-0.8909067010185794,0.4016006260702696
squat_correct_2.mp4_001,squat,correct,13,21,52.31080637615555,56.19256696689765,43.04536936514141,44.98167050649462,147.0866865681619,141.89522490454414,105.18257428064291,101.63312476496884,0.1814969328295433,0.24468436100625723,0.5808304391583121,-0.0002846982078921201,0.28826360835869025,-1.3179854699105533,-1.1578812177762643,-0.23621441064443616,0.610435779915548,0.8443299100242072
squat_correct_2.mp4_001,squat,correct,14,21,52.761290492221335,57.235750949492186,43.19647121591525,46.14375805153599,147.45495580118572,141.4221864172187,105.12814265097434,100.710334867247,0.18234767389595274,0.45048411606578753,1.0431839825945346,0.1511018507738413,1.1620875450413664,0.36826923302382397,-0.4730384873254252,-0.054431629668570736,-0.9227898977218416,0.2057997550595303
squat_correct_2.mp4_001,squat,correct,15,21,53.17656449798701,58.31993654552371,43.10823251059478,47.10591389654395,148.78524415987775,142.42792952246018,105.80276405076405,101.65948611697262,0.1824254199729885,0.4152740057656743,1.0841855960315243,-0.08823870532047096,0.9621558450079633,1.3302883586920302,1.0057431052414643,0.6746213997897144,0.9491512497256167,-0.03521011030011323
squat_correct_2.mp4_001,squat,correct,16,21,54.123117627130185,59.24873502287691,43.459049547638934,47.72836939624886,149.2677859243606,142.760722194048,106.1756039484963,102.49494766665335,0.18304557534370167,0.9465531291431759,0.9287984773531974,0.3508170370441519,0.6224554997049054,0.48254176448284625,0.3327926715878107,0.37283989773224846,0.8354615496807298,0.5312791233775016
squat_correct_2.mp4_001,squat,correct,17,21,58.67865261774825,63.20090736071901,47.567508429749076,51.34412703888498,150.56470515213283,145.08828043094994,106.31567417600563,104.6182350273193,0.18205556366936787,4.555534990618064,3.9521723378421,4.108458882110142,3.615757642636119,1.2969192277722357,2.3275582369019503,0.14007022750932663,2.1232873606659552,3.608981861474888
squat_correct_2.mp4_001,squat,correct,18,21,66.79669252989757,71.02736887907224,55.65288811051812,59.103553005568635,146.7758688547498,142.72531607984382,102.23367411457247,101.34411716760648,0.18200615951412943,8.118039912149321,7.826461518353234,8.085379680769044,7.759425966683658,-3.7888362973830283,-2.3629643511061147,-4.082000061433163,-3.274117859712817,3.562504921531257
squat_correct_2.mp4_001,squat,correct,19,21,74.19609958349362,78.98880857001937,62.35832776602666,67.14082538877041,148.4983633306822,143.6514321074951,101.52975329256469,99.802018040181,0.18188903175568155,7.39940705359605,7.961439690947131,6.705439655508542,8.037272383201774,1.7224944759323932,0.9261160276512896,-0.703920822007774,-1.5420991274254874,-0.7186328585532706
squat_correct_2.mp4_001,squat,correct,20,21,84.21472056043633,86.73648939314614,72.68484190099635,75.40282648705892,150.27267456987653,143.8363983070355,100.35719032058344,97.24001471887644,0.18374416527722423,10.018620976942714,7.747680823126771,10.326514134969685,8.262001098288508,1.7743112391943328,0.1849661995403835,-1.1725629719812503,-2.5620033213045588,2.6192139233466634
squat_correct_2.mp4_001,squat,correct,21,21,93.84101513771611,94.20103071888286,81.89839246270537,83.60512210732193,150.80790268724425,143.5556319428665,101.08820817390898,95.9491893532512,0.18509229378805098,9.62629457727978,7.464541325736718,9.213550561709027,8.202295620263016,0.5352281173677227,-0.2807663641689828,0.7310178533255396,-1.2908253656252384,-0.3923263996629345
squat_correct_2.mp4_002,squat,correct,1,22,87.68710933753614,85.9500629438853,72.31732132143375,73.0768953744884,153.2801868902562,145.406372920258,107.60970208809722,102.67061636877634,0.1800812830272732,-5.115374328896891,-3.0539291847334624,-4.771026239547467,-3.3971961321718993,2.594046998816765,-0.4156528200749392,2.5891845970213865,-0.5078919379031959,1.838448106219417
squat_correct_2.mp4_002,squat,correct,2,22,83.17232315967613,83.65724489586002,69.29652514096502,70.61815177884911,156.61053454767662,146.81898753142295,110.56239854244444,103.4137933838237,0.1779082172433041,-4.514786177860017,-2.292818048025282,-3.0207961804687358,-2.458743595639291,3.3303476574204183,1.4126146111649405,2.952696454347219,0.7431770150473653,0.6005881510368738
squat_correct_2.mp4_002,squat,correct,3,22,78.50039539937329,79.82131946701578,65.86156694405335,66.90807437228958,155.2069209401012,146.4700683970674,108.43085043897814,103.14189042200158,0.17819221789118297,-4.671927760302836,-3.8359254288442344,-3.4349581969116656,-3.7100774065595346,-1.4036136075754087,-0.34891913435555466,-2.131548103466301,-0.27190296182212137,-0.15714158244281862
squat_correct_2.mp4_002,squat,correct,4,22,74.17485908994476,77.1471368326039,62.18477261299783,64.06499850257542,156.51854295641954,146.76978625725437,109.99344498798047,103.00790128985665,0.17718733525322192,-4.325536309428529,-2.6741826344118778,-3.6767943310555182,-2.8430758697141556,1.3116220163183243,0.29971786018697344,1.562594549002327,-0.1339891321449329,0.34639145087430734
squat_correct_2.mp4_002,squat,correct,5,22,70.32780218343372,73.12752673052297,58.97753984197253,60.30301940232204,152.00824024280425,144.05304855151607,107.37295871428677,101.59568268430039,0.17751092961882362,-3.8470569065110425,-4.019610102080932,-3.2072327710253035,-3.7619791002533773,-4.510302713615289,-2.7167377057382964,-2.6204862736937002,-1.4122186055562622,0.47847940291748614
squat_correct_2.mp4_002,squat,correct,6,22,66.15251663534518,71.20693204394979,54.760720062852336,58.20929859589798,153.97018493193622,144.6836123725299,110.11755437003723,103.22394226848554,0.17638481468100048,-4.175285548088539,-1.9205946865731818,-4.216819779120193,-2.0937208064240664,1.9619446891319683,0.6305638210138227,2.7445956557504587,1.6282595841851588,-0.3282286415774962
squat_correct_2.mp4_002,squat,correct,7,22,62.38534877520516,67.19385201960999,51.11823783998195,54.2064763821256,154.44974064800167,146.99755423790774,110.15597227441177,105.7376949649856,0.17646786895162908,-3.7671678601400203,-4.0130800243398,-3.6424822228703846,-4.002822213772376,0.4795557160654482,2.313941865377842,0.03841790437454051,2.513752696500049,0.40811768794851844
squat_correct_2.mp4_002,squat,correct,8,22,60.965744137880066,64.73403032883917,49.52976482129107,51.23550756544286,151.52179379149652,146.35722960615922,109.16052594357477,106.96525361123028,0.17476095786272794,-1.4196046373250937,-2.4598216907708235,-1.588473018690884,-2.970968816682742,-2.9279468565051445,-0.6403246317485127,-0.9954463308369981,1.2275586462446881,2.3475632228149266
squat_correct_2.mp4_002,squat,correct,9,22,58.20060097432088,62.27164944249556,46.45256709035667,48.319495886559125,150.7016712495844,146.310925979651,109.34312910446663,108.52817018405929,0.17376847373495868,-2.7651431635591877,-2.4623808863436096,-3.077197730934394,-2.9160116788837342,-0.8201225419121272,-0.04630362650823372,0.18260316089185835,1.5629165728290104,-1.345538526234094
squat_correct_2.mp4_002,squat,correct,10,22,55.061943382152094,60.39255203306356,43.62317279980247,46.30974802314744,151.8232707187336,146.43287408209943,110.04265532441622,108.96504016575699,0.17380183405674596,-3.1386575921687836,-1.8790974094319992,-2.8293942905542053,-2.0097478634116825,1.1215994691492028,0.12194810244844234,0.6995262199495897,0.4368699816976971,-0.37351442860959594
squat_correct_2.mp4_002,squat,correct,11,22,54.17320234755244,60.088835148167185,42.59016327344278,46.38242125145563,150.37734532740535,144.83841927366046,108.22543367008964,106.41188537013485,0.17583588164143318,-0.8887410345996543,-0.3037168848963745,-1.0330095263596846,0.07267322830819012,-1.4459253913282453,-1.594454808438968,-1.8172216543265733,-2.5531547956221345,2.2499165575691293
squat_correct_2.mp4_002,squat,correct,12,22,53.79707663834597,59.5769592234295,41.96118563810447,46.24721749663221,149.98102317164438,144.30741115574452,106.89194308323093,105.00428452728737,0.17778297470657942,-0.3761257092064696,-0.5118759247376872,-0.6289776353383161,-0.13520375482342217,-0.39632215576096996,-0.5310081179159454,-1.3334905868587157,-1.4076008428474864,0.5126153253931847
squat_correct_2.mp4_002,squat,correct,13,22,53.75909119772913,58.556206463912936,40.759702830447104,45.092084811575965,152.84285107855214,145.8772731670244,108.42083229605731,106.31315524651423,0.17899916544332126,-0.03798544061684339,-1.0207527595165615,-1.2014828076573636,-1.1551326850562447,2.861827906907763,1.5698620112798949,1.5288892128263853,1.30887071922686,0.3381402685896262
squat_correct_2.mp4_002,squat,correct,14,22,54.214532696556034,58.14568131094182,40.46185781467758,44.58803605486343,151.25468932299734,144.17719719914368,107.03487985308207,105.6659620637344,0.17973063411711052,0.4554414988269073,-0.41052515297111825,-0.29784501576952493,-0.5040487567125354,-1.5881617555548075,-1.7000759678807356,-1.3859524429752383,-0.6471931827798301,0.4934269394437507
squat_correct_2.mp4_002,squat,correct,15,22,54.78024317063293,58.66100984484781,40.2348819230564,45.23191443640569,150.2776224720701,143.5087073232255,107.11277933747097,105.36934070067281,0.18028800701273293,0.5657104740768943,0.5153285339059934,-0.22697589162117993,0.6438783815422582,-0.9770668509272298,-0.6684898759181692,0.07789948438889382,-0.2966213630615897,0.11026897524998702
squat_correct_2.mp4_002,squat,correct,16,22,54.938235872028564,60.13141859125473,40.35894655597996,46.591502656686544,151.14108011146428,143.54030806514314,108.3550474623827,105.35815465806385,0.1798307889941749,0.15799270139563504,1.4704087464069175,0.12406463292356307,1.3595882202808554,0.86345763939417,0.03160074191762874,1.2422681249117318,-0.01118604260895495,-0.4077177726812593
squat_correct_2.mp4_002,squat,correct,17,22,57.24376520302829,60.43710274886971,42.265399242546025,46.745322285464695,152.2636752734861,141.75006964738628,109.10233648693203,105.73304113376248,0.17993898399994165,2.3055293309997253,0.3056841576149836,1.9064526865660625,0.1538196287781517,1.1225951620218098,-1.7902384177568536,0.7472890245493318,0.37488647569863076,2.1475366296040903
squat_correct_2.mp4_002,squat,correct,18,22,59.852087467028234,63.28719208288833,44.8575903959566,49.261647912901786,151.2202890609649,145.66744975502363,109.98682014425233,108.3255265965226,0.17981961808234398,2.608322263999945,2.8500893340186195,2.5921911534105746,2.516325627437091,-1.0433862125211988,3.9173801076373422,0.8844836573203025,2.5924854627601093,0.3027929330002195
squat_correct_2.mp4_002,squat,correct,19,22,63.811177106984594,70.95116345041372,49.630065573943156,57.62434317537712,149.2636281240096,144.11537051549095,109.18739746027204,103.40875108288223,0.18061610295890715,3.9590896399563604,7.663971367525384,4.772475177986557,8.362695262475334,-1.9566609369552737,-1.5520792395326737,-0.7994226839802963,-4.91677551364036,1.3507673759564156
squat_correct_2.mp4_002,squat,correct,20,22,73.62095579061896,77.79955466736781,59.15645280852737,63.92594746306097,142.64001732180554,144.60007013729668,103.85376711885574,104.17814176208354,0.18089582723491596,9.80977868363437,6.848391216954099,9.526387234584213,6.301604287683851,-6.62361080220407,0.48469962180573134,-5.3336303414162956,0.7693906792013081,5.85068904367801
squat_correct_2.mp4_002,squat,correct,21,22,83.00762725849687,84.4722452764606,68.18552684469971,71.10331249178454,144.68317604387332,144.34371358236353,102.94106362350772,102.22378723708806,0.1830771221756406,9.386671467877903,6.672690609092783,9.02907403617234,7.177365028723564,2.0431587220677727,-0.2563565549331486,-0.9127034953480262,-1.9543545249954803,-0.4231072157564668
squat_correct_2.mp4_002,squat,correct,22,22,91.59245580372449,91.90560623919639,76.67644810715062,79.01953056225477,147.24552468705164,143.24404556825428,103.62564793342025,100.30383394872418,0.1836044716090781,8.584828545227623,7.43336096273579,8.490921262450911,7.9162180704702365,2.562348643178325,-1.0996680141092554,0.6845843099125375,-1.9199532883638852,-0.8018429226502803
squat_incomplete_range_1.mp4_000,squat,incomplete_range,1,26,90.93101707054875,88.39202315601207,80.10915522467334,80.22685621391425,155.86837716110156,152.7993417136419,80.11513522331674,81.51141539693396,0.17183734980301607,-5.043777655294235,-2.9388740392436006,-5.35878421991886,-2.7592974240568537,-1.4020876748834326,-1.8292289208774264,1.5513084338632552,-0.006800944078378279,-1.2006961443604638
squat_incomplete_range_1.mp4_000,squat,incomplete_range,2,26,86.38662646496408,84.80328762433072,75.78768014355302,76.9247775218929,153.939803538981,149.68469615697197,80.93957242968958,80.98628160401164,0.17292535164097544,-4.544390605584667,-3.588735531681351,-4.321475081120326,-3.3020786920213396,-1.9285736221205525,-3.1146455566699274,0.8244372063728349,-0.5251337929223183,0.4993870497095685
squat_incomplete_range_1.mp4_000,squat,incomplete_range,3,26,84.9902779436002,82.78978403364914,75.54239305628369,74.89815311810759,156.54048449663517,150.84147153305204,82.34077179237484,82.4046171661856,0.17170884701942313,-1.3963485213638762,-2.01350359068158,-0.24528708726933246,-2.02662440378532,2.6006809576541627,1.156775376080077,1.4011993626852615,1.418335562173965,3.1480420842207906
squat_incomplete_range_1.mp4_000,squat,incomplete_range,4,26,84.74325158893564,80.86210879622432,76.16533259301634,73.45822469944638,155.68900467070853,149.29020073203722,82.85607376369106,82.8820758865063,0.17109285082714942,-0.24702635466456968,-1.9276752374248218,0.6229395367326589,-1.4399284186612107,-0.8514798259266456,-1.551270801014823,0.5153019713162195,0.4774587203206977,1.1493221666993065
squat_incomplete_range_1.mp4_000,squat,incomplete_range,5,26,83.92867157303051,79.63476264394215,76.27639550980186,72.34490814822477,156.19940143488625,150.0506771629172,83.35860783326426,84.25078395961333,0.1700001005949592,-0.814580015905122,-1.2273461522821663,0.11106291678551372,-1.113316551221601,0.5103967641777274,0.7604764308799759,0.5025340695732012,1.3687080731070296,-0.5675536612405523
squat_incomplete_range_1.mp4_000,squat,incomplete_range,6,26,81.54149721530557,77.8258950744366,74.67885511680477,71.05488956648472,154.6034169889531,148.53816716717708,83.35302616718175,83.67270632373999,0.17030209005965605,-2.3871743577249447,-1.8088675695055514,-1.5975403929970895,-1.290018581740057,-1.5959844459331691,-1.5125099957401176,-0.005581666082505876,-0.5780776358733419,-1.5725943418198227
squat_incomplete_range_1.mp4_000,squat,incomplete_range,7,26,79.42392376613789,76.56441288598187,73.74107401147943,69.83244149591717,153.55639178407642,147.94121001336197,83.5270357006879,84.29228074911573,0.16981933989950238,-2.117573449167679,-1.2614821884547354,-0.9377811053253424,-1.2224480705675518,-1.047025204876661,-0.5969571538151115,0.17400953350615112,0.6195744253757454,0.2696009085572655
squat_incomplete_range_1.mp4_000,squat,incomplete_range,8,26,78.77688930387127,75.49838936945866,73.05167806644245,68.9436297625237,154.19632400181666,149.22361765821609,84.04644075105618,84.91985657844123,0.1690831137626326,-0.6470344622666175,-1.0660235165232024,-0.6893959450369778,-0.8888117333934673,0.6399322177402382,1.2824076448541177,0.5194050503682774,0.6275758293254938,1.4705389869010617
squat_incomplete_range_1.mp4_000,squat,incomplete_range,9,26,75.87173943157097,74.20336195220221,70.15920852360523,67.82360689945125,154.51224795613268,148.30616713438224,84.22608286552081,84.39805182644898,0.16990032866722588,-2.9051498723002993,-1.295027417256449,-2.892469542837219,-1.1200228630724496,0.3159239543160197,-0.9174505238338497,0.1796421144646274,-0.5218047519922493,-2.2581154100336818
squat_incomplete_range_1.mp4_000,squat,incomplete_range,10,26,74.79511104099016,72.21909156284772,69.1437344597107,65.89521990960422,154.07058312272102,148.57806463094644,84.24244770758736,85.29352597401122,0.16985883286005993,-1.076628390580808,-1.9842703893544922,-1.0154740638945299,-1.9283869898470272,-0.4416648334116644,0.2718974965642076,0.016364842066550978,0.8954741475622399,1.8285214817194912
squat_incomplete_range_1.mp4_000,squat,incomplete_range,11,26,73.45638854065774,71.18543992306532,67.75024574628405,64.74930855958225,153.34677084826032,148.2160770587387,84.97080598595156,85.37245949885178,0.1692608504539582,-1.3387225003324232,-1.0336516397824056,-1.393488713426649,-1.1459113500219757,-0.7238122744606983,-0.36198757220773814,0.7283582783641975,0.07893352484056493,-0.2620941097516152
squat_incomplete_range_1.mp4_000,squat,incomplete_range,12,26,73.16415405218832,70.00548554235137,67.5465239900718,63.80772658898132,151.45842160040885,146.27698361331832,83.65466290643369,84.93477717590798,0.169781573286648,-0.29223448846941835,-1.1799543807139514,-0.20372175621224642,-0.9415819706009287,-1.8883492478514654,-1.939093445420383,-1.3161430795178717,-0.4376823229438003,1.0464880118630049
squat_incomplete_range_1.mp4_000,squat,incomplete_range,13,26,72.47462901713249,69.31484265235564,66.8553291951088,63.11289964536312,151.67204403774772,146.02377584011435,83.64332368291875,85.1480334468135,0.17000089351469827,-0.6895250350558371,-0.6906428899957291,-0.6911947949630104,-0.694826943618196,0.21362243733886999,-0.25320777320396815,-0.011339223514937657,0.2132562709055179,-0.3972905465864187
squat_incomplete_range_1.mp4_000,squat,incomplete_range,14,26,71.3843642966955,68.58704061094775,65.90888190448749,62.478683573725824,151.28784721781662,145.42537929144532,83.75994147708168,85.13612537353997,0.17014947851149928,-1.0902647204369913,-0.7278020414078838,-0.9464472906213075,-0.6342160716372973,-0.38419681993110544,-0.5983965486690295,0.11661779416293427,-0.011908073273531272,-0.40073968538115423
squat_incomplete_range_1.mp4_000,squat,incomplete_range,15,26,70.83900004309454,67.53592925001223,65.34281173856668,61.532011373670066,150.4642989868341,145.39282142223618,83.08706899791972,85.48028283665805,0.17090300182791135,-0.5453642536009511,-1.051111360935522,-0.5660701659208058,-0.9466722000557581,-0.8235482309825102,-0.03255786920914261,-0.6728724791619669,0.34415746311807993,0.5449004668360402
squat_incomplete_range_1.mp4_000,squat,incomplete_range,16,26,69.71368700474568,67.00043897561089,63.81654925912464,61.20857409516456,150.52875445306807,144.57214844082267,84.0131052914017,84.99937017316323,0.17098541876619566,-1.1253130383488639,-0.5354902744013401,-1.526262479442039,-0.32343727850550863,0.06445546623396581,-0.8206729814135088,0.9260362934819852,-0.48091266349482,-0.5799487847479128
squat_incomplete_range_1.mp4_000,squat,incomplete_range,17,26,68.56532025070157,66.06572992733349,62.75181504663552,60.47012207970993,150.90888463980755,144.94153071909236,84.21926469180669,84.98524152342428,0.17178913274544783,-1.1483667540441047,-0.9347090482773979,-1.064734212489121,-0.7384520154546266,0.3801301867394784,0.36938227826968273,0.20615940040498515,-0.014128649738950116,-0.02305371569524084
squat_incomplete_range_1.mp4_000,squat,incomplete_range,18,26,67.39236692018186,65.0321298932848,61.20099809243846,59.2050979232408,151.99967212506786,146.0442348445932,85.88813123205459,85.11276818553864,0.17169176380491558,-1.172953330519718,-1.033600034048689,-1.5508169541970602,-1.2650241564691314,1.0907874852603072,1.1027041255008498,1.6688665402479046,0.12752666211436292,-0.024586576475613242
squat_incomplete_range_1.mp4_000,squat,incomplete_range,19,26,66.72146429379866,64.63581844319671,60.51634866976543,58.708424829508765,149.17108079587888,142.33834052912948,85.70214643067801,84.84573740408806,0.17229999546177946,-0.6709026263831959,-0.396311450088092,-0.6846494226730329,-0.49667309373203494,-2.8285913291889813,-3.7058943154637234,-0.18598480137657702,-0.2670307814505861,0.5020507041365221
squat_incomplete_range_1.mp4_000,squat,incomplete_range,20,26,65.63787685114615,64.01324334046164,58.86832917698955,57.61519163854374,147.72497586020276,139.0024736912281,88.83750483659173,87.58692081832682,0.17271648069413395,-1.0835874426525152,-0.6225751027350697,-1.6480194927758802,-1.093233190965023,-1.446104935676118,-3.335866837901392,3.1353584059137205,2.741183414238762,-0.4126848162693193
squat_incomplete_range_1.mp4_000,squat,incomplete_range,21,26,63.570215202405144,63.48294952359475,55.782909382045375,57.05665313862765,148.7343181767071,141.30652542626552,94.91181690678256,92.81808756166404,0.17339764708055608,-2.0676616487410016,-0.5302938168668945,-3.0854197949441726,-0.5585384999160894,1.0093423165043305,2.304051735037433,6.074312070190828,5.231166743337226,-0.9840742060884864
squat_incomplete_range_1.mp4_000,squat,incomplete_range,22,26,62.60743496318523,65.1075291308251,54.3739141335071,59.305639689422286,142.77157011808882,137.186389047655,96.05260558213308,93.39488779251813,0.17591813001300494,-0.9627802392199172,1.624579607230352,-1.4089952485382753,2.2489865507946334,-5.962748058618274,-4.1201363786105105,1.140788675350521,0.57680023085409,1.1048814095210844
squat_incomplete_range_1.mp4_000,squat,incomplete_range,23,26,68.87693736924751,69.6893725823144,60.178651755484935,63.48224127085671,134.63040200634896,133.0356987050266,95.17036137131728,95.74751275272014,0.17561092561149105,6.269502406062287,4.581843451489306,5.804737621977836,4.176601581434426,-8.141168111739859,-4.1506903426284225,-0.8822442108157986,2.3526249602020073,7.232282645282204
squat_incomplete_range_1.mp4_000,squat,incomplete_range,24,26,77.3352285951439,77.06380728426889,68.5313887365583,71.08884414382398,130.3874962437693,128.10749977401667,96.41160810546775,95.83263090744467,0.1762490109831908,8.458291225896389,7.374434701954485,8.352736981073363,7.606602872967265,-4.242905762579653,-4.928198931009916,1.2412467341504652,0.08511815472452611,2.1887888198341017
squat_incomplete_range_1.mp4_000,squat,incomplete_range,25,26,87.1213777264425,83.76511348243277,78.30039826617049,78.12547104095887,124.51773297804624,125.4309691004067,94.76904175222323,94.55693813622534,0.1772032935753105,9.7861491312986,6.701306198163877,9.769009529612191,7.036626897134894,-5.869763265723066,-2.6765306736099745,-1.6425663532445185,-1.275692771219326,1.3278579054022117
squat_incomplete_range_1.mp4_000,squat,incomplete_range,26,26,95.71402137666541,91.63046329346108,86.8071717721136,86.12247931854438,124.66462006928234,123.7249004832632,94.68232226250517,93.22970370316267,0.17800139972302764,8.59264365022291,7.8653498110283095,8.506773505943116,7.997008277585508,0.14688709123609556,-1.7060686171435009,-0.08671948971806387,-1.3272344330626709,-1.1935054810756895
squat_incomplete_range_1.mp4_001,squat,incomplete_range,1,31,92.02464357516973,86.08357347196883,78.58823528171429,75.16803473133211,162.2671028213362,157.3938677124709,94.04558956810523,92.3040309489304,0.16831655648130917,-1.897842575224658,-2.706111943988134,-1.4550590320814223,-2.452984968222424,-0.14156739286059405,-2.0006913993956346,0.6733473028029948,-0.002959738568037551,1.1176391273348116
squat_incomplete_range_1.mp4_001,squat,incomplete_range,2,31,88.31905958203458,82.8013360521251,76.46609043884946,72.74341822973759,161.08167375839716,157.04503076060362,93.89605817058153,92.2178803114196,0.16838589975363838,-3.70558399313515,-3.2822374198437387,-2.1221448428648273,-2.424616501594528,-1.1854290629390505,-0.3488369518672698,-0.14953139752370248,-0.08615063751079788,-1.807741417910492
squat_incomplete_range_1.mp4_001,squat,incomplete_range,3,31,84.28046455457546,79.43689000208147,73.06354832169232,70.96984514163718,161.1769732998315,156.74927510355678,93.38100171068237,90.68394954385093,0.17002317643055898,-4.038595027459124,-3.3644460500436253,-3.4025421171571395,-1.773573088100406,0.09529954143434338,-0.2957556570468398,-0.5150564598991565,-1.5339307675686769,-0.33301103432397383
squat_incomplete_range_1.mp4_001,squat,incomplete_range,4,31,80.30895694611631,76.07107346308275,70.69945260446667,68.27918226136427,159.7291649706393,156.1352684289334,90.6739742976756,90.40813918626299,0.17198190583960446,-3.9715076084591487,-3.3658165389987147,-2.364095717225652,-2.6906628802729102,-1.4478083291922133,-0.614006674623397,-2.70702741300677,-0.27581035758794314,0.06708741899997506
squat_incomplete_range_1.mp4_001,squat,incomplete_range,5,31,77.04360594614954,74.4383817963607,67.65335200413298,66.94422929861967,160.41957818914267,154.88086045934165,91.5220270962003,89.11516471811692,0.17155549747412455,-3.2653509999667705,-1.632691666722053,-3.0461006003336877,-1.3349529627445946,0.6904132185033802,-1.254407969591739,0.848052798524705,-1.2929744681460704,0.7061566084923783
squat_incomplete_range_1.mp4_001,squat,incomplete_range,6,31,74.65459089000407,72.11338928290434,65.41913999150272,64.50835269900554,159.5549369604577,154.33479461883493,91.05044688037408,88.48028767596642,0.1719156139683,-2.3890150561454675,-2.3249925134563654,-2.234212012630266,-2.435876599614133,-0.8646412286849738,-0.5460658405067136,-0.4715802158262221,-0.6348770421504923,0.876335943821303
squat_incomplete_range_1.mp4_001,squat,incomplete_range,7,31,72.4900639760796,69.6252635664704,63.434588628457654,62.12224850920315,159.5823009418188,155.6575934002805,89.95141793372426,88.54049499340586,0.1725349869146212,-2.164526913924476,-2.4881257164339416,-1.984551363045064,-2.3861041898023885,0.027363981361105516,1.322798781445556,-1.099028946649824,0.06020731743943486,0.22448814222099145
squat_incomplete_range_1.mp4_001,squat,incomplete_range,8,31,70.33593870151665,67.30772359821167,60.46317820537296,59.51221297784165,161.34236240105065,157.6904786975323,89.76895604091999,88.87093367936745,0.17252990299693172,-2.1541252745629436,-2.3175399682587283,-2.9714104230846914,-2.610035531361504,1.7600614592318493,2.0328852972518234,-0.1824618928042696,0.330438685961596,0.010401639361532489
squat_incomplete_range_1.mp4_001,squat,incomplete_range,9,31,67.89072858898366,65.62742151675889,57.4590764554423,57.750971718244095,163.0707422467712,157.6471369437449,90.34173315351832,88.74487021000864,0.17234792093169904,-2.4452101125329904,-1.6803020814527798,-3.004101749930662,-1.7612412595975542,1.7283798457205535,-0.04334175378741634,0.572777112598331,-0.12606346935881163,-0.2910848379700468
squat_incomplete_range_1.mp4_001,squat,incomplete_range,10,31,66.10128781287708,63.42408590439825,55.41627594167534,55.38330977725415,162.37579505446647,158.21047176794556,89.99547461407981,88.9245512112409,0.17228553648925946,-1.7894407761065878,-2.2033356123606396,-2.042800513766963,-2.3676619409899473,-0.6949471923047383,0.5633348242006662,-0.3462585394385087,0.17968100123225383,0.6557693364264026
squat_incomplete_range_1.mp4_001,squat,incomplete_range,11,31,64.00229133676828,61.66344599415351,52.78058062805523,53.60690189410502,163.4726459902055,157.87560830752898,90.56850818488796,88.65965922103672,0.17230608326610686,-2.0989964761087947,-1.760639910244734,-2.6356953136201042,-1.7764078831491261,1.0968509357390417,-0.3348634604165852,0.5730335708081498,-0.26489199020417686,-0.3095557000022069
squat_incomplete_range_1.mp4_001,squat,incomplete_range,12,31,61.57489879117004,60.44272224585027,49.93616017651334,52.250183212954,164.0709219054762,158.65271583197566,91.10818423350337,89.08519823969286,0.1723745247453312,-2.427392545598238,-1.220723748303243,-2.844420451541893,-1.3567186811510226,0.5982759152707047,0.7771075244466772,0.5396760486154051,0.4255390186561385,-0.3283960694894432
squat_incomplete_range_1.mp4_001,squat,incomplete_range,13,31,59.57050820235597,59.45928872751532,48.21584703741082,51.45603261197842,165.84971228418212,159.82896261798138,91.51291478860522,89.1451322313137,0.1730484594309448,-2.0043905888140756,-0.9834335183349481,-1.7203131391025224,-0.794150600975577,1.7787903787059065,1.17624678600572,0.40473055510184963,0.0599339916208379,0.4230019567841623
squat_incomplete_range_1.mp4_001,squat,incomplete_range,14,31,57.96244904238488,58.10345607102606,47.02341984754086,50.20149865746813,167.22643177082145,161.1293045840457,92.451917187892,90.43457517407177,0.17359219487612454,-1.6080591599710843,-1.3558326564892624,-1.19242718986996,-1.2545339545102934,1.376719486639331,1.3003419660643374,0.9390023992867782,1.2894429427580718,0.39633142884299133
squat_incomplete_range_1.mp4_001,squat,incomplete_range,15,31,56.39313766293636,57.146871165081784,45.93903411601514,49.397358688584575,166.80487289150798,160.24792632304369,91.93827564009132,90.34977317674799,0.17414948824831714,-1.5693113794485214,-0.9565849059442755,-1.084385731525721,-0.804139968883554,-0.4215588793134657,-0.8813782610020269,-0.513641547800674,-0.08480199732377969,0.03874778052256289
squat_incomplete_range_1.mp4_001,squat,incomplete_range,16,31,54.94332759896839,55.675814485452825,44.884182064727995,48.03909304329749,166.949402853079,160.89394877924957,92.13914665524528,90.87382168749987,0.17542224543866866,-1.4498100639679734,-1.4710566796289584,-1.054852051287142,-1.3582656452870836,0.14452996157100984,0.646022456205884,0.20087101515396455,0.5240485107518822,0.11950131548054799
squat_incomplete_range_1.mp4_001,squat,incomplete_range,17,31,54.07591426508446,55.24609475817441,44.41315773317996,47.5657412568742,166.56254262223567,159.25322144776294,92.55230182640335,90.81341804631462,0.17568626275714458,-0.8674133338839312,-0.42971972727841745,-0.4710243315480369,-0.4733517864232937,-0.3868602308433253,-1.6407273314866302,0.413155171158067,-0.060403641185246215,0.5823967300840422
squat_incomplete_range_1.mp4_001,squat,incomplete_range,18,31,53.53503925369201,54.55045143404866,44.274542146136014,46.82560883327761,166.46273160705326,159.0185636555343,92.90988702080293,91.59021107217806,0.17591840570128242,-0.5408750113924441,-0.6956433241257471,-0.13861558704394383,-0.7401324235965845,-0.09981101518241076,-0.23465779222863148,0.3575851943995758,0.7767930258634408,0.32653832249148707
squat_incomplete_range_1.mp4_001,squat,incomplete_range,19,31,53.42424553496754,54.2878591395712,44.72668568352522,46.489751642081515,166.41844264199221,158.55523716455517,93.3104077858739,91.87531427787198,0.17584457903868872,-0.11079371872447297,-0.26259229447746435,0.45214353738920465,-0.3358571911960979,-0.04428896506104252,-0.46332649097914214,0.4005207650709792,0.2851032056939147,0.4300812926679711
squat_incomplete_range_1.mp4_001,squat,incomplete_range,20,31,53.50815417657781,54.11527743706568,45.15785296891919,46.264120368928374,166.7937356366196,158.31132616355325,93.53202725876714,91.52312674160474,0.1761321672128123,0.08390864161027167,-0.17258170250551785,0.4311672853939683,-0.2256312731531409,0.37529299462738663,-0.2439110010019192,0.2216194728932379,-0.35218753626723753,0.19470236033474464
squat_incomplete_range_1.mp4_001,squat,incomplete_range,21,31,53.55577001756405,54.30805756007068,45.51555464105107,46.423171126260414,166.74105851134047,157.4637407611549,94.01503919098472,91.00941105634618,0.17626071097495005,0.04761584098623928,0.1927801230050008,0.3577016721318813,0.15905075733203944,-0.05267712527913204,-0.8475854023983516,0.483011932217579,-0.5137156852585605,-0.036292800624032395
squat_incomplete_range_1.mp4_001,squat,incomplete_range,22,31,52.80789787957957,54.73333515736939,45.43288835332355,46.98307274431332,167.44049603323137,158.0034870263053,94.78847007561482,91.0742853073257,0.17632948830306902,-0.7478721379844799,0.4252775972987095,-0.08266628772751972,0.5599016180529048,0.6994375218908999,0.5397462651503986,0.7734308846301019,0.06487425097951416,-0.7954879789707192
squat_incomplete_range_1.mp4_001,squat,incomplete_range,23,31,52.81182345573441,55.18241326037067,45.42341263863408,47.48557689580034,167.79344535291162,157.26743501205692,94.86307272839488,90.79988124772525,0.17590294982431998,0.003925576154841792,0.44907810300128403,-0.009475714689465065,0.5025041514870239,0.3529493196802491,-0.7360520142483722,0.07460265278005807,-0.27440405960044245,0.7517977141393217
squat_incomplete_range_1.mp4_001,squat,incomplete_range,24,31,52.71763072889667,55.518660524910715,45.46037156825278,48.2952532356113,163.270480817428,153.32949955232212,94.49694040918509,90.27650435913279,0.1760076549982496,-0.09419272683773983,0.3362472645400416,0.03695892961869873,0.8096763398109559,-4.522964535483624,-3.9379354597348026,-0.3661323192097967,-0.5233768885924661,-0.09811830299258162
squat_incomplete_range_1.mp4_001,squat,incomplete_range,25,31,53.10484480707025,57.38231490868579,45.960706175384054,50.43397031023205,158.36188529381528,149.8948053917309,95.7257494031483,90.9853806209207,0.1761831531663952,0.387214078173578,1.8636543837750779,0.500334607131272,2.1387170746207502,-4.908595523612718,-3.4346941605912207,1.228808993963213,0.708876261787907,0.48140680501131783
squat_incomplete_range_1.mp4_001,squat,incomplete_range,26,31,55.735203503898965,61.2120984054093,48.478914602410285,54.56173841341681,155.67048006728118,151.58187132372723,95.24240156157693,92.42465665394704,0.17761805169628614,2.630358696828715,3.8297834967235076,2.518208427026231,4.1277681031847635,-2.6914052265341013,1.6870659319963295,-0.4833478415713728,1.4392760330263457,2.243144618655137
squat_incomplete_range_1.mp4_001,squat,incomplete_range,27,31,61.43022081459546,66.84358812028174,54.73529681191306,61.1348063785836,151.23217111761798,149.35041910284193,94.23385709432536,91.7392482021897,0.18006820371549428,5.6950173106964925,5.631489714872437,6.256382209502775,6.573067965166786,-4.438308949663195,-2.231452220885302,-1.0085444672515678,-0.6854084517573398,3.0646586138677776
squat_incomplete_range_1.mp4_001,squat,incomplete_range,28,31,69.12245569530006,72.24700975875818,62.59154684536115,66.37771650942393,151.81464477208684,152.00111914265543,94.54516395903039,93.5779437402117,0.18041335691056418,7.6922348807046035,5.403421638476445,7.856250033448092,5.242910130840336,0.5824736544688562,2.6507000398135006,0.3113068647050312,1.8386955380219945,1.997217570008111
squat_incomplete_range_1.mp4_001,squat,incomplete_range,29,31,79.07055163608896,78.7627894414165,71.44713875123391,73.02851558172578,151.56503019777495,150.38587064755657,96.40096749890401,95.13953830850646,0.17950316578412934,9.948095940788903,6.515779682658319,8.855591905872757,6.650799072301851,-0.2496145743118916,-1.6152484950988537,1.8558035398736195,1.5615945682947654,2.2558610600842997
squat_incomplete_range_1.mp4_001,squat,incomplete_range,30,31,87.52192084907828,84.84006004446023,78.75766931426834,78.79615064653696,150.3278587241396,147.64358969505435,97.57409162259387,94.69934744049003,0.17795465716366035,8.45136921298932,6.077270603043729,7.310530563034433,5.767635064811174,-1.2371714736353567,-2.7422809525022274,1.1731241236898597,-0.4401908680164297,-1.496726727799583
squat_incomplete_range_1.mp4_001,squat,incomplete_range,31,31,95.12380212846362,92.03183500287741,85.54998364663984,86.24267292975873,149.54997058124232,145.16203851214362,97.91410417753931,93.66330052361477,0.17799318546133153,7.6018812793853385,7.191774958417184,6.792314332371504,7.446522283221768,-0.7778881428972682,-2.481551182910721,0.3400125549454458,-1.0360469168752644,-0.8494879336039816
squat_incomplete_range_2.mp4_000,squat,incomplete_range,1,11,98.91748420555965,126.18046930955136,84.0915437786723,114.0486270783196,134.2902874397143,134.1017872656231,16.17777901672165,15.214015069254572,0.13483167572047242,-27.974590090929752,-9.745955509534028,-27.78624764131679,-9.628681775012979,-0.5866007433190816,-0.23584191897012374,-0.11617562693065864,0.019324896736851116,-18.22473058001617
squat_incomplete_range_2.mp4_000,squat,incomplete_range,2,11,87.40025689917978,118.75426513156175,72.64942900922969,106.7392654357039,132.8876472441968,133.83516798820898,15.88272225091434,15.060784086714923,0.1369698915444984,-11.517227306379866,-7.426204177989604,-11.442114769442611,-7.309361642615698,-1.4026401955174777,-0.2666192774141223,-0.29505676580731155,-0.1532309825396485,16.457362784549886
squat_incomplete_range_2.mp4_000,squat,incomplete_range,3,11,78.5697649298649,115.48291543722044,63.890657468269296,103.49184965587072,132.4688590099591,133.98739595965378,15.651895537706244,14.917071702979976,0.13751239428093062,-8.830491969314878,-3.2713496943413105,-8.758771540960396,-3.247415779833176,-0.4187882342377236,0.15222797144480182,-0.23082671320809567,-0.14371238373494677,2.686735337064988
squat_incomplete_range_2.mp4_000,squat,incomplete_range,4,11,76.61094855147509,118.5039852343285,62.032838839459416,106.52468812427529,129.36814522927455,133.43530522497085,15.410335636248274,15.15972920529764,0.13693951742462743,-1.9588163783898125,3.021069797108055,-1.8578186288098806,3.032838468404563,-3.1007137806845435,-0.5520907346829347,-0.24155990145797013,0.24265750231766425,6.871675590925065
squat_incomplete_range_2.mp4_000,squat,incomplete_range,5,11,77.57383599455684,118.67480187401941,63.010863072917346,106.76061815035419,125.4946563620719,130.7010228548003,15.302541900722602,15.454033830611628,0.13632959621478738,0.9628874430817547,0.1708166396909121,0.9780242334579299,0.23593002607890412,-3.873488867202653,-2.734282370170547,-0.10779373552567151,0.2943046253139876,2.921703821471567
squat_incomplete_range_2.mp4_000,squat,incomplete_range,6,11,81.80035246851648,122.85091459702438,67.16782852305892,110.92156209140954,125.78884034799272,130.0709614930264,15.410369305473447,15.715751792127593,0.13589974818636255,4.226516473959634,4.176112723004977,4.15696545014157,4.160943941055351,0.2941839859208244,-0.6300613617738975,0.10782740475084474,0.2617179615159646,3.2636290308778797
squat_incomplete_range_2.mp4_000,squat,incomplete_range,7,11,82.55454046183235,124.28305868541099,67.93052383906422,112.14797416083434,126.21442344882068,129.33857776638672,15.161865687968751,16.022248423982667,0.13594880246064073,0.7541879933158668,1.4321440883866075,0.7626953160053063,1.2264120694247964,0.42558310082796424,-0.7323837266396822,-0.24850361750469574,0.30649663185507414,-3.4723284806437675
squat_incomplete_range_2.mp4_000,squat,incomplete_range,8,11,64.6277754959275,97.29025846205893,50.630530557342716,86.4210033534331,119.26502427147496,119.36604890648762,14.584591751335891,16.92564970000111,0.139298753069276,-17.92676496590485,-26.992800223352063,-17.299993281721505,-25.726970807401244,-6.949399177345725,-9.9725288598991,-0.5772739366328601,0.9034012760184424,-18.68095295922072
squat_incomplete_range_2.mp4_000,squat,incomplete_range,9,11,73.19225586785356,94.02403841189218,59.54654844173281,84.51435799989866,108.402977298816,115.70354836960912,14.74997276171825,17.791605781763263,0.14181491181425443,8.564480371926066,-3.2662200501667513,8.916017884390094,-1.9066453535344294,-10.862046972658959,-3.662500536878497,0.16538101038235986,0.8659560817621532,26.491245337830918
squat_incomplete_range_2.mp4_000,squat,incomplete_range,10,11,103.23355368724802,97.4311629656324,89.64329903023538,88.13815898610889,103.70582666317061,101.84709785866461,15.441270885081401,19.299764785165795,0.13934668586740606,30.041297819394458,3.4071245537402177,30.096750588502573,3.6238009862102274,-4.697150635645386,-13.856450510944512,0.6912981233631506,1.5081590034025325,21.47681744746839
squat_incomplete_range_2.mp4_000,squat,incomplete_range,11,11,143.87332901234464,137.92893791808828,130.38824950433875,126.50229438656254,101.93820572996368,93.13577404484643,16.729410693185606,18.78455358367552,0.13689777028244385,40.63977532509662,40.497774952455885,40.74495047410336,38.36413540045365,-1.7676209332069277,-8.711323813818183,1.288139808104205,-0.5152112014902741,10.598477505702164
squat_incomplete_range_2.mp4_001,squat,incomplete_range,1,11,105.59944675046769,128.27679069168053,90.36072047585273,115.40034717542804,125.53741361806667,117.43972038707194,13.20966536434765,17.993861701273826,0.1424183209618949,-15.89814156556423,-9.903018150922009,-15.608088433872325,-10.125662208129071,-0.7952438441076026,-1.4979236433502194,0.32615437362586164,0.06953571061931285,5.210609818259385
squat_incomplete_range_2.mp4_001,squat,incomplete_range,2,11,90.11419597211456,119.94835713493372,75.274733042869,107.02042994660995,114.63795660224513,114.06027975338475,12.41037578068426,17.723303590395385,0.14062132498266186,-15.485250778353134,-8.328433556746816,-15.085987432983728,-8.379917228818087,-10.89945701582154,-3.379440633687196,-0.7992895836633895,-0.27055811087844006,0.4128907872110972
squat_incomplete_range_2.mp4_001,squat,incomplete_range,3,11,76.55788585730984,108.46562490149667,62.20061348458213,95.40425302069005,114.21249649473651,112.1659786946242,12.512607966944657,18.193313475170537,0.1401062498504668,-13.556310114804717,-11.482732233437048,-13.074119558286874,-11.616176925919902,-0.42546010750861285,-1.894301058760547,0.10223218626039632,0.47000988477515193,1.928940663548417
squat_incomplete_range_2.mp4_001,squat,incomplete_range,4,11,65.79453688582282,89.74176981054522,51.75990060297707,76.61121466918448,107.8539302550621,108.04911086285519,12.163633471040232,18.118647562730747,0.14148682001268761,-10.76334897148702,-18.723855090951446,-10.440712881605059,-18.793038351505572,-6.358566239674417,-4.116867831769014,-0.3489744959044252,-0.07466591243979082,2.7929611433176973
squat_incomplete_range_2.mp4_001,squat,incomplete_range,5,11,63.54596675575732,80.35784850082281,49.72859940197009,67.62631370131311,109.95263445461775,108.10278471256181,12.604832079084243,18.299845696054955,0.1423210041378572,-2.2485701300655023,-9.38392130972241,-2.0313012010069826,-8.984900967871368,2.0987041995556552,0.0536738497066267,0.44119860804401156,0.18119813332420875,8.514778841421517
squat_incomplete_range_2.mp4_001,squat,incomplete_range,6,11,60.39042397388694,79.68969928052873,46.72438134214133,66.88181681373375,104.5679804120288,102.9365876717399,12.3777494529608,18.333725298742955,0.14183498402737896,-3.1555427818703805,-0.6681492202940831,-3.0042180598287587,-0.7444968875793592,-5.384654042588949,-5.166197040821913,-0.227082626123444,0.03387960268799972,-0.9069726518048782
squat_incomplete_range_2.mp4_001,squat,incomplete_range,7,11,67.5376230207771,81.57455794119839,54.01419116887305,69.00378629602555,103.77957711134586,104.13894298311314,12.948894051173637,19.06374911020312,0.14140849373209752,7.147199046890165,1.8848586606696642,7.2898098267317195,2.121969482291803,-0.7884033006829441,1.202355311373239,0.5711445982128378,0.730023811460164,10.302741828760546
squat_incomplete_range_2.mp4_001,squat,incomplete_range,8,11,71.09753912156341,86.17074711516575,57.619275098021006,75.81450784932936,103.45946598587854,106.56102770644767,14.477782914928351,19.69379145385547,0.14153799876826606,3.5599161007863103,4.59618917396736,3.605083929147959,6.810721553303807,-0.3201111254673208,2.4220847233345353,1.5288888637547142,0.6300423436523523,-3.587282946103855
squat_incomplete_range_2.mp4_001,squat,incomplete_range,9,11,73.38095305024595,84.62432539650199,60.171463023652215,75.7568923175322,86.9933787414862,86.26813125527201,15.300126393657807,20.70346220206812,0.14143445060906995,2.283413928682535,-1.5464217186637654,2.552187925631209,-0.05761553179715406,-16.46608724439234,-20.292896451175665,0.8223434787294561,1.009670748212649,-1.2765021721037755
squat_incomplete_range_2.mp4_001,squat,incomplete_range,10,11,102.49903743213974,102.75133531167043,89.37637483978473,94.489518249075,89.48550464059853,78.03207187533891,16.980094756379902,22.996073375498778,0.13882136464441172,29.118084381893794,18.127009915168443,29.204911816132515,18.7326259315428,2.492125899112338,-8.236059379933096,1.6799683627220947,2.2926111734306573,26.83467045321126
squat_incomplete_range_2.mp4_001,squat,incomplete_range,11,11,144.19888401000523,141.57604302457628,131.3364752473414,132.21696433801424,84.43496316626229,77.08566940357272,17.23184382789727,23.916614832321912,0.1365469380445056,41.699846577865486,38.82470771290585,41.96010040755668,37.72744608893923,-5.050541474336242,-0.9464024717661914,0.2517490715173665,0.920541456823134,12.581762195971692
squat_correct_1.mp4_000,squat,correct,1,26,90.99697931650014,88.55107421219411,80.24881711541829,80.47166156081484,156.00025277780588,153.0460049727328,80.05731168961937,81.33876558780607,0.17181761971841653,-4.905340854967065,-2.777164313617334,-5.231438492432119,-2.6406893923361707,-1.6284336778822137,-1.8601709326769935,1.5400346179476117,-0.04765305870309078,-0.9952857050326855
squat_correct_1.mp4_000,squat,correct,2,26,86.4355551280545,84.77175706981299,75.9547790811098,77.08465898764328,154.3172767258437,150.13065073281447,81.01004773664906,81.09402967273003,0.17291562134912544,-4.561424188445642,-3.7793171423811174,-4.294038034308485,-3.387002573171557,-1.6829760519621857,-2.915354239918315,0.9527360470296884,-0.24473591507603487,0.34391666652142305
squat_correct_1.mp4_000,squat,correct,3,26,84.83054412729841,82.75040309266767,75.41716406064845,74.99569321190833,156.7852663796229,151.10997017354123,82.21060201370857,82.34714055732374,0.17190992737700855,-1.6050110007560932,-2.021353977145324,-0.5376150204613594,-2.0889657757349482,2.467989653779199,0.9793194407267549,1.20055427705951,1.2531108845937098,2.9564131876895487
squat_correct_1.mp4_000,squat,correct,4,26,84.71075720446484,81.03194785850044,76.14053582436934,73.5443726303114,155.66647048835097,149.38036242055531,83.07035999404543,83.21926256872267,0.17071968554539127,-0.11978692283356907,-1.718455234167223,0.7233717637208912,-1.4513205815969314,-1.1187958912719296,-1.7296077529859133,0.859757980336866,0.872122011398929,1.485224077922524
squat_correct_1.mp4_000,squat,correct,5,26,84.18364024641176,79.92871884166075,76.51612178300269,72.5592455247552,156.12937076799537,149.86121336185244,83.19605785284064,84.19328404198559,0.1698578662193495,-0.5271169580530852,-1.1032290168396912,0.3755859586333514,-0.9851271055562023,0.4629002796444013,0.48085094129712047,0.12569785879520623,0.9740214732629227,-0.40733003521951616
squat_correct_1.mp4_000,squat,correct,6,26,81.47078680657118,77.85263333488744,74.6383168420964,70.99791246874162,154.58381890975744,148.54593421158316,83.32787938828152,83.76707794640403,0.17014297012875215,-2.712853439840572,-2.0760855067733104,-1.8778049409062874,-1.5613330560135807,-1.5455518582379284,-1.3152791502692764,0.13182153544087782,-0.42620609558156275,-2.1857364817874867
squat_correct_1.mp4_000,squat,correct,7,26,79.23423622403624,76.41968172491673,73.43600986404918,69.68154726406881,153.25030029587407,147.6828451177491,83.39449165633897,84.23874585153796,0.16979073729920557,-2.236550582534946,-1.432951609970715,-1.2023069780472184,-1.316365204672806,-1.3335186138833706,-0.8630890938340485,0.06661226805745457,0.471667905133927,0.47630285730562605
squat_correct_1.mp4_000,squat,correct,8,26,78.72231853780404,75.51330843310944,72.87905445022884,69.14638754513551,154.12583910263294,149.28542962544208,83.99345740575504,84.89361590332763,0.1690188115922185,-0.511917686232195,-0.9063732918072844,-0.5569554138203472,-0.5351597189333006,0.8755388067588683,1.602584507692967,0.5989657494160667,0.654870051789672,1.7246328963027509
squat_correct_1.mp4_000,squat,correct,9,26,75.75363609809318,74.42288052614605,69.96644048796549,68.26221565094593,154.34626963338346,148.61482194332092,84.19801553142223,84.31629091004285,0.16967585231432988,-2.968682439710861,-1.0904279069633986,-2.9126139622633502,-0.8841718941895778,0.22043053075051944,-0.6706076821211582,0.2045581256671909,-0.5773249932847762,-2.456764753478666
squat_correct_1.mp4_000,squat,correct,10,26,74.7727331672256,72.38894325059188,69.1119532131163,66.19208208868628,153.87537941305595,148.70608557484272,84.13520515088837,85.40081300471289,0.16964314175411419,-0.9809029308675861,-2.033937275554166,-0.8544872748491912,-2.070133562259656,-0.4708902203275045,0.09126363152179806,-0.06281038053386112,1.0845220946700351,1.9877795088432748
squat_correct_1.mp4_000,squat,correct,11,26,73.45256017063822,71.25913702030854,67.75408295334748,64.97501278992682,153.3517485200217,148.382079263545,84.9372650669987,85.38742894392948,0.1692087251881198,-1.3201729965873739,-1.1298062302833358,-1.3578702597688164,-1.217069298759455,-0.5236308930342659,-0.3240063112977225,0.8020599161103377,-0.013384060783408813,-0.3392700657197878
squat_correct_1.mp4_000,squat,correct,12,26,73.25330960965134,70.09101714615817,67.62949449193687,63.99887648662695,151.53176152084743,146.57292250014373,83.63772696446712,85.07485530303562,0.16970458424615328,-0.19925056098688287,-1.1681198741503778,-0.12458846141061031,-0.9761363032998744,-1.8199869991742617,-1.809156763401262,-1.299538102531585,-0.3125736408938593,1.120922435600491
squat_correct_1.mp4_000,squat,correct,13,26,72.55881646262087,69.38407813488173,66.97449189783197,63.26577040544524,151.6377172076105,146.1273962144608,83.53305207906543,85.21712524726817,0.17002677160687746,-0.6944931470304709,-0.7069390112764324,-0.6550025941049,-0.7331060811817096,0.10595568676308176,-0.44552628568294494,-0.10467488540169256,0.14226994423255235,-0.49524258604358806
squat_correct_1.mp4_000,squat,correct,14,26,71.4073231941175,68.64240791677896,65.93990278599671,62.580773573090895,151.1461525084513,145.37871859954544,83.57175660892197,85.17466813741088,0.1701704498283799,-1.1514932685033727,-0.7416702181027688,-1.0345891118352597,-0.6849968323543436,-0.4915646991591984,-0.7486776149153513,0.03870452985654538,-0.04245710985729545,-0.4570001214729018
squat_correct_1.mp4_000,squat,correct,15,26,70.91854170215046,67.60536648540652,65.3734706490404,61.61846774053995,150.2578791340777,145.31606653852177,82.8887240408485,85.51365913349078,0.17094377790718207,-0.4887814919670319,-1.0370414313724439,-0.5664321369563083,-0.9623058325509461,-0.8882733743735969,-0.0626520610236696,-0.6830325680734717,0.33899099607990024,0.6627117765363408
squat_correct_1.mp4_000,squat,correct,16,26,69.77012646845655,67.07342892918861,63.856994436642786,61.289136326812134,150.52494501209998,144.656245656732,83.91228076492558,85.08538956607748,0.17099693051386403,-1.1484152336939104,-0.5319375562179118,-1.5164762123976132,-0.3293314137278145,0.2670658780222652,-0.6598208817897557,1.023556724077082,-0.42826956741329525,-0.6596337417268785
squat_correct_1.mp4_000,squat,correct,17,26,68.59194322789041,66.15623340224573,62.7605121090304,60.563721566680066,150.8833448149915,144.98087564793403,84.1476013759398,85.02262527878737,0.17178042538557425,-1.1781832405661419,-0.9171955269428764,-1.0964823276123852,-0.7254147601320682,0.35839980289151185,0.3246299912020163,0.23532061101421675,-0.06276428729010775,-0.029768006872231467
squat_correct_1.mp4_000,squat,correct,18,26,67.45157442431606,65.1603105379612,61.25430567172791,59.32682672321648,151.94218909545503,146.0490965763179,85.84092175539213,85.14350044807118,0.1716170360429596,-1.1403688035743471,-0.9959228642845375,-1.5062064373024882,-1.2368948434635882,1.0588442804635463,1.0682209283838802,1.6933203794523308,0.12087516928380637,0.037814436991794764
squat_correct_1.mp4_000,squat,correct,19,26,66.71614266191527,64.67571456140509,60.519058319175954,58.72560576402497,149.09572917919058,142.14621034886486,85.64894086143322,84.83137537748222,0.17228609283996432,-0.7354317624007933,-0.48459597655610764,-0.7352473525519585,-0.6012209591915081,-2.8464599162644504,-3.9028862274530525,-0.19198089395891316,-0.3121250705889622,0.4049370411735538
squat_correct_1.mp4_000,squat,correct,20,26,65.60527169345565,64.02280578296478,58.84568187947543,57.659604655611744,147.79960725427966,138.99472511841785,88.82085934201702,87.54433316416466,0.1726850539324881,-1.110870968459622,-0.652908778440306,-1.673376439700526,-1.066001108413225,-1.2961219249109206,-3.1514852304470082,3.1719184805837983,2.7129577866824377,-0.37543920605882874
squat_correct_1.mp4_000,squat,correct,21,26,63.50335727516499,63.48364929541218,55.692319955578284,57.08056962862466,148.8917380167118,141.44670730662122,94.93403811963493,92.80793528367533,0.17338116593515668,-2.1019144182906615,-0.5391564875526029,-3.153361923897144,-0.5790350269870856,1.0921307624321344,2.451982188203374,6.113178777617918,5.263602119510679,-0.9910434498310394
squat_correct_1.mp4_000,squat,correct,22,26,62.45879003252649,65.03459058260088,54.17133191698506,59.23841978623749,142.77322503451862,137.2273261840522,96.07978100639816,93.4409159968179,0.1758877328530984,-1.0445672426385002,1.5509412871887065,-1.5209880385932237,2.1578501576128346,-6.118512982193181,-4.219381122569018,1.1457428867632302,0.6329807131425724,1.0573471756521613
squat_correct_1.mp4_000,squat,correct,23,26,68.84318485028282,69.61959960058176,60.13212772961898,63.43767744650668,134.61015610109953,133.05772416656364,95.20151732840392,95.74852752765824,0.17560223735656486,6.384394817756338,4.58500901798088,5.9607958126339184,4.19925766026919,-8.163068933419083,-4.1696020174885575,-0.8782636779942408,2.307611530840333,7.428962060394838
squat_correct_1.mp4_000,squat,correct,24,26,77.38262527838504,77.11604986053962,68.58289475708379,71.15036646467202,130.51578766391862,128.13776353318266,96.47821186876905,95.7994745232384,0.17610945728707636,8.53944042810221,7.496450259957854,8.450767027464813,7.712689018165335,-4.094368437180918,-4.919960633380981,1.2766945403651278,0.050946995580162024,2.155045610345873
squat_correct_1.mp4_000,squat,correct,25,26,87.1121005666283,83.80235297870168,78.31080293534647,78.1869175088704,124.66509179627742,125.4786734104922,94.80658441758398,94.43698818585295,0.17723513298175075,9.729475288243265,6.6863031181620585,9.72790817826268,7.036551044198376,-5.850695867641193,-2.6590901226904577,-1.6716274511850742,-1.362486337385448,1.1900348601410542
squat_correct_1.mp4_000,squat,correct,26,26,95.76128245572987,91.64956795784803,86.8817200848242,86.1390481127309,124.7254702688999,123.80833602599319,94.68625461359483,93.26578260756528,0.17792161743053336,8.64918188910157,7.847214979146358,8.570917149477722,7.95213060386051,0.06037847262247453,-1.670337384499021,-0.12032980398915072,-1.171205578287669,-1.080293399141695
squat_correct_1.mp4_001,squat,correct,1,31,92.03727901925731,86.002938337632,78.5802897607239,75.06804299644524,162.28735244474584,157.52086312656562,93.991451469298,92.38871280101195,0.16827158868438932,-1.9475079017236823,-2.784051454280629,-1.5190570720965866,-2.5318429353443435,-0.08533371031671777,-1.9617902959363391,0.675164296131399,0.04920541278320911,1.0933071179934046
squat_correct_1.mp4_001,squat,correct,2,31,88.37806783396157,82.82530138753208,76.50150172250376,72.76263274252356,160.98241206696272,157.03487192277746,93.77446864421444,92.17807724712684,0.16839476762613473,-3.659211185295746,-3.1776369500999238,-2.0787880382201394,-2.3054102539216785,-1.3049403777831117,-0.48599120378815996,-0.21698282508356215,-0.2106355538851119,-1.7117032835720636
squat_correct_1.mp4_001,squat,correct,3,31,84.21207282765059,79.3682472288708,72.98876344128108,70.89779306647232,161.20529308750653,156.7137219455454,93.31554690227563,90.63496673800195,0.17012460557610673,-4.165995006310979,-3.457054158661279,-3.5127382812226813,-1.864839676051247,0.22288102054380943,-0.32114997723206784,-0.4589217419388092,-1.5431105091248867,-0.5067838210152331
squat_correct_1.mp4_001,squat,correct,4,31,80.37475362102983,76.08362540832148,70.72678610180121,68.26865101655007,159.67374281666346,156.1056623327389,90.64155609322187,90.43132484587899,0.1719684645143596,-3.837319206620762,-3.2846218205493187,-2.26197733947987,-2.629142049922251,-1.53155027084307,-0.6080596128064997,-2.6739908090537625,-0.2036418921229597,0.32867579969021676
squat_correct_1.mp4_001,squat,correct,5,31,77.06977513469894,74.42773023300403,67.68397358455809,66.9336161723113,160.42348226713838,154.63801147674485,91.49158893609197,89.05793329870981,0.17156589088376598,-3.3049784863308815,-1.655895175317454,-3.042812517243121,-1.3350348442387627,0.7497394504749195,-1.4676508559940373,0.8500328428701067,-1.3733915471691773,0.5323407202898807
squat_correct_1.mp4_001,squat,correct,6,31,74.49626200728191,72.13876311043711,65.25816925430104,64.57757742641532,159.69777989796884,154.4148726786945,91.10437504969558,88.44383971380681,0.17196943108116444,-2.57351312741703,-2.288967122566916,-2.4258043302570513,-2.3560387458959866,-0.7257023691695395,-0.22313879805034276,-0.3872138863963954,-0.6140935849030029,0.7314653589138516
squat_correct_1.mp4_001,squat,correct,7,31,72.4023816868958,69.67409353934795,63.332418154678976,62.195789191702325,159.66709698714592,155.6433484969817,90.0138324926274,88.50946461577163,0.17252720369002553,-2.09388032038612,-2.4646695710891606,-1.9257510996220617,-2.3817882347129924,-0.030682910822918075,1.228475818287194,-1.0905425570681757,0.06562490196482429,0.47963280703091016
squat_correct_1.mp4_001,squat,correct,8,31,70.40075656382022,67.33890055585289,60.57940141657339,59.548366002545755,161.25053096546011,157.57524301615004,89.80298221769968,88.89254813527911,0.17248148889984163,-2.00162512307557,-2.3351929834950624,-2.753016738105586,-2.6474231891565694,1.58343397831419,1.9318945191683383,-0.21085027492772213,0.38308351950747976,0.09225519731054987
squat_correct_1.mp4_001,squat,correct,9,31,68.04773880552945,65.66425198876802,57.62991679811524,57.78321181454487,163.00308907304483,157.60355729808703,90.351438444121,88.75680118852007,0.172299653162978,-2.3530177582907754,-1.6746485670848728,-2.9494846184581505,-1.765154188000885,1.7525581075847185,0.028314281936985708,0.5484562264213224,-0.13574694675904198,-0.3513926352152055
squat_correct_1.mp4_001,squat,correct,10,31,66.22601390143171,63.457255568111165,55.56634985100928,55.40324657281967,162.34525762643702,158.1527114362404,90.0194797348872,88.92288007649371,0.17224857006731759,-1.821724904097735,-2.20699642065685,-2.0635669471059614,-2.379965241725202,-0.6578314466078155,0.5491541381533693,-0.33195870923380255,0.16607888797364012,0.5312928541930404
squat_correct_1.mp4_001,squat,correct,11,31,64.1002133128071,61.63744477419245,52.90355764033614,53.54907277522525,163.5055133931574,157.97868078096246,90.5636289426377,88.74440315555066,0.1723060267395274,-2.125800588624614,-1.8198107939187125,-2.662792210673139,-1.8541737975944201,1.1602557667203826,-0.1740306552779316,0.5441492077505075,-0.178476920943055,-0.30407568452687883
squat_correct_1.mp4_001,squat,correct,12,31,61.639174585932366,60.446698061200415,50.02198103705493,52.22937325387201,164.03742180370497,158.61908128564593,91.0885064715744,89.1277092279673,0.1723813772892826,-2.461038726874733,-1.1907467129920377,-2.8815766032812107,-1.319699521353236,0.5319084105475724,0.6404005046834698,0.5248775289366989,0.3833060724166444,-0.3352381382501193
squat_correct_1.mp4_001,squat,correct,13,31,59.61599091856783,59.4956658583484,48.25888575702884,51.4761213154618,165.78180289728598,159.67861598266603,91.5273329892962,89.13756278121353,0.1730329364326723,-2.0231836673645347,-0.9510322028520122,-1.7630952800260857,-0.7532519384102088,1.744381093581012,1.0595346970200978,0.43882651772179315,0.009853553246230717,0.43785505951019843
squat_correct_1.mp4_001,squat,correct,14,31,57.97711254849624,58.11191817953818,47.047889606565825,50.21642359317761,167.22980245805226,161.06103984169167,92.462937782473,90.3967506838049,0.1736147777763358,-1.6388783700715948,-1.3837476788102236,-1.2109961504630178,-1.2596977222841943,1.4479995607662772,1.3824238590256357,0.9356047931768074,1.2591879025913641,0.38430529729293994
squat_correct_1.mp4_001,squat,correct,15,31,56.44452337410897,57.19610512147028,45.982472998539954,49.44452100970416,166.6961030167057,160.00436345379768,91.8847316109833,90.23434478231192,0.17410934674111073,-1.5325891743872688,-0.9158130580678971,-1.0654166080258705,-0.7719025834734481,-0.5336994413465561,-1.0566763878939867,-0.5782061714897111,-0.16240590149297418,0.10628919568432593
squat_correct_1.mp4_001,squat,correct,16,31,55.015315453960014,55.736559259467334,44.95383042060731,48.07703034777316,166.90321866199085,160.79797216294463,92.1013500396956,90.84405083975344,0.17536238208513846,-1.4292079201489543,-1.4595458620029476,-1.0286425779326436,-1.3674906619310008,0.2071156452851426,0.7936087091469517,0.21661842871230874,0.6097060574415138,0.10338125423831457
squat_correct_1.mp4_001,squat,correct,17,31,54.079090795553164,55.26944273300791,44.430152882142984,47.58159638568254,166.54345150766542,159.15995808993185,92.5832849389069,90.80668946278917,0.17565030738375356,-0.9362246584068501,-0.4671165264594279,-0.5236775384643266,-0.4954339620906225,-0.35976715432542505,-1.6380140730127835,0.4819348992112964,-0.03736137696427022,0.49298326174210416
squat_correct_1.mp4_001,squat,correct,18,31,53.55763553015628,54.54969597129764,44.31216634157693,46.81486020062738,166.41781193323493,158.9788312231329,92.90226980114649,91.60964741441596,0.17589157103927922,-0.5214552653968809,-0.7197467617102689,-0.11798654056605073,-0.7667361850551586,-0.1256395744304939,-0.18112686679896228,0.31898486223958855,0.8029579516267944,0.4147693930099692
squat_correct_1.mp4_001,squat,correct,19,31,53.445782443053254,54.28075874336304,44.76562281534336,46.47746909647741,166.29655914677525,158.4806121395976,93.24485358345613,91.87141859372514,0.1758375630832448,-0.11185308710302877,-0.2689372279346003,0.4534564737664297,-0.3373911041499724,-0.12125278645967796,-0.49821908353527533,0.3425837823096458,0.2617711793091786,0.40960217829385215
squat_correct_1.mp4_001,squat,correct,20,31,53.524915277464785,54.09234545470772,45.193734511610785,46.23789089635772,166.73946847779695,158.31693566598034,93.50062814474143,91.56156215619878,0.17614659815239866,0.0791328344115314,-0.18841328865531892,0.42811169626742185,-0.23957820011968778,0.4429093310216956,-0.16367647361727222,0.25577456128529263,-0.3098564375263635,0.19098592151456018
squat_correct_1.mp4_001,squat,correct,21,31,53.563380565966085,54.295196727206566,45.5378433876096,46.410798188288155,166.77436131431932,157.51171944268964,94.04955254604013,91.05629871119201,0.17625852876144263,0.03846528850129971,0.20285127249884738,0.34410887599881335,0.17290729193043575,0.03489283652237418,-0.8052162232906994,0.5489244012987058,-0.5052634450067615,-0.040667545910231695
squat_correct_1.mp4_001,squat,correct,22,31,52.80302794807373,54.725509419999305,45.44403405340828,46.98365157704114,167.44750529707525,158.03536701136397,94.81384368045576,91.11348660153243,0.1763097023887275,-0.7603526178923516,0.4303126927927394,-0.09380933420131754,0.5728533887529821,0.6731439827559313,0.5236475686743347,0.7642911344156289,0.05718789034041549,-0.7988179063936514
squat_correct_1.mp4_001,squat,correct,23,31,52.793266806799956,55.17756317185443,45.42140004390746,47.48774624403615,167.77854793918598,157.24918394967034,94.8940736222883,90.83394461185392,0.17586918742362878,-0.009761141273777696,0.4520537518551251,-0.02263400950081973,0.5040946669950159,0.33104264211073087,-0.7861830616936345,0.08022994183254184,-0.2795419896785063,0.750591476618574
squat_correct_1.mp4_001,squat,correct,24,31,52.7171376314534,55.51898004583971,45.4685208241223,48.29588863665091,163.19781314094803,153.3389041656171,94.51791446607916,90.31395530693125,0.17596641210162484,-0.0761291753465585,0.3414168739852812,0.0471207802148399,0.8081423926147551,-4.580734798237955,-3.9102797840532446,-0.3761591562091411,-0.5199893049226745,-0.0663680340727808
squat_correct_1.mp4_001,squat,correct,25,31,53.0924671118362,57.38657071249229,45.97046965270421,50.455002965987624,158.40777729563385,149.94318555501223,95.75623531949631,91.00533370473606,0.17617100858530005,0.37532948038280267,1.8675906666525819,0.5019488285819094,2.1591143293367168,-4.790035845314179,-3.3957186106048596,1.2383208534171501,0.6913783978048116,0.45145865572936117
squat_correct_1.mp4_001,squat,correct,26,31,55.71302204294521,61.21071361624062,48.49799138612902,54.5860404825562,155.70737375549456,151.53795570417395,95.25279383993234,92.38467798796657,0.17767499669859899,2.6205549311090124,3.8241429037483243,2.5275217334248126,4.1310375165685755,-2.700403540139291,1.594770149161718,-0.5034414795639748,1.379344283230509,2.2452254507262097
squat_correct_1.mp4_001,squat,correct,27,31,61.433028917794026,66.81916268646565,54.75156089120082,61.12121493289477,151.03960795771337,149.21468814405134,94.09031570440993,91.65182605363069,0.18010021040846586,5.7200068748488135,5.608449070225028,6.253569505071795,6.535174450338573,-4.667765797781186,-2.3232675601226163,-1.1624781355224059,-0.7328519343358835,3.099451943739801
squat_correct_1.mp4_001,squat,correct,28,31,69.12648175341201,72.23872694561831,62.59052920269697,66.35887782060759,151.67152180864647,151.93331027505425,94.5359232029779,93.60138776452064,0.18039305657759155,7.6934528356179825,5.419564259152665,7.838968311496153,5.2376628877128155,0.6319138509331026,2.718622131002917,0.44560749856796633,1.9495617108899523,1.973445960769169
squat_correct_1.mp4_001,squat,correct,29,31,79.12989273824978,78.76627515900131,71.50331564398824,73.01273202268175,151.55673671751353,150.46100952222005,96.40175468367545,95.24735096753284,0.17947529329137485,10.003410984837771,6.527548213383,8.912786441291274,6.653854202074157,-0.11478509113294422,-1.472300752834201,1.8658314806975511,1.645963203012201,2.3099581492197885
squat_correct_1.mp4_001,squat,correct,30,31,87.52792583139616,84.81702444326083,78.74433713651767,78.75971938358867,150.29651910522546,147.72222166013975,97.59046072219473,94.80288653529057,0.17793087517891584,8.398033093146381,6.050749284259524,7.241021492529427,5.746987360906928,-1.2602176122880735,-2.738787862080301,1.1887060385192854,-0.4444644322422704,-1.60537789169139
squat_correct_1.mp4_001,squat,correct,31,31,95.04490822794621,92.09435877459421,85.40464686270386,86.31015856830112,149.79910192771683,145.33479541516155,98.08824728878652,93.70269969286562,0.17797553606685407,7.516982396550048,7.277334331333378,6.660309726186185,7.550439184712445,-0.49741717750862335,-2.387426244978201,0.49778656659178466,-1.1001868424249466,-0.8810506965963327
squat_correct_2.mp4_000,squat,correct,1,11,97.98222913936866,125.98624693559552,83.12648382257296,113.89578864157536,134.21050046128266,134.0284740617417,16.13983824784212,15.199527030694709,0.13502774579032095,-29.28840050988829,-10.191366533629548,-29.076088378761085,-10.0565442492112,-0.7396995461255642,-0.436314530662429,-0.1476026540700488,-0.006919091171237568,-20.303085191698756
squat_correct_2.mp4_000,squat,correct,2,11,87.15598506461166,119.03821275779197,72.38051822518356,107.05145829990755,132.97307405240167,134.07921370657607,15.875049180452308,15.067681083516453,0.13699136673742182,-10.826244074757,-6.9480341778035495,-10.7459655973894,-6.844330341667813,-1.2374264088809923,0.05073964483437976,-0.2647890673898132,-0.13184594717825604,18.46215643513129
squat_correct_2.mp4_000,squat,correct,3,11,76.01523650592547,114.90422929571773,61.380522638001814,102.95983492235683,132.34346228825322,133.92281333101621,15.620967186153287,14.882256575581774,0.13766423276628117,-11.140748558686184,-4.133983462074241,-10.99999558718175,-4.091623377550718,-0.62961176414845,-0.15640037555985487,-0.2540819942990211,-0.18542450793467857,-0.3145044839291842
squat_correct_2.mp4_000,squat,correct,4,11,75.31312880455862,118.32604397472899,60.75655860887675,106.37868205833821,129.18652940904985,133.21876016443076,15.382665537113304,15.12695999924817,0.1368603555504082,-0.702107701366856,3.4218146790112627,-0.6239640291250623,3.4188471359813803,-3.1569328792033673,-0.704053166585453,-0.23830164903998252,0.24470342366639564,10.438640857319328
squat_correct_2.mp4_000,squat,correct,5,11,76.33747813605204,118.11252438015251,61.792307973679804,106.2293796958659,125.43855126743821,130.63221213581926,15.296970677336878,15.433543431677617,0.1364486468192495,1.0243493314934256,-0.21351959457648206,1.0357493648030527,-0.1493023624723122,-3.7479781416116396,-2.586548028611503,-0.08569485977642621,0.30658343242944675,1.7264570328602815
squat_correct_2.mp4_000,squat,correct,6,11,80.67793100344444,122.6389616206772,66.03743328096604,110.71618542186634,125.7343760902813,129.98555022166568,15.380400323339867,15.667849093381147,0.13599358226866778,4.3404528673924005,4.526437240524686,4.245125307286237,4.486805726000441,0.29582482284308753,-0.646661914153583,0.08342964600298863,0.23430566170353018,3.316103535898975
squat_correct_2.mp4_000,squat,correct,7,11,81.89421640944111,124.21602957615077,67.26066507910134,112.05352066025581,126.30395475705483,129.3581910734868,15.144985537084029,15.97951712905752,0.13602192814126784,1.216285405996672,1.5770679554735807,1.223231798135302,1.3373352383894712,0.5695786667735234,-0.6273591481788685,-0.23541478625583778,0.311668035676373,-3.1241674613957287
squat_correct_2.mp4_000,squat,correct,8,11,66.7115918614742,97.26339149334413,52.66977469140461,86.37157180893949,119.37191285747794,119.20372796545996,14.58414004558049,16.888803098330765,0.13938799981258526,-15.18262454796691,-26.952638082806644,-14.590890387696732,-25.68194885131632,-6.9320418995768875,-10.154463108026846,-0.5608454915035388,0.9092859692732453,-16.39890995396358
squat_correct_2.mp4_000,squat,correct,9,11,74.24504244787066,94.18582738092941,60.56502342657241,84.61655146801749,108.35122979538365,115.43558529818606,14.75048486814539,17.73358628528961,0.14178947653780477,7.533450586396455,-3.07756411241472,7.895248735167797,-1.7550203409220018,-11.020683062094292,-3.7681426672739065,0.16634482256490024,0.8447831869588462,22.716075134363365
squat_correct_2.mp4_000,squat,correct,10,11,103.17160477284283,97.21866226578739,89.58460075761491,87.89873592285694,103.65367863867614,101.76333906377569,15.444400956921585,19.237115780765635,0.13936050325210267,28.926562324972167,3.0328348848579765,29.0195773310425,3.2821844548394523,-4.697551156707505,-13.672246234410366,0.693916088776195,1.5035294954760232,21.393111738575712
squat_correct_2.mp4_000,squat,correct,11,11,143.7498201243973,137.73945490674495,130.2582748451504,126.2879348378723,102.03779389228335,93.03732150570706,16.740796145633972,18.728439993059986,0.13689489631275992,40.578215351554476,40.520792640957566,40.67367408753549,38.389198915015356,-1.6158847463927941,-8.726017558068634,1.2963951887123866,-0.5086757877056485,11.65165302658231
squat_correct_2.mp4_001,squat,correct,1,10,89.00553987583388,119.93818985577349,74.16147664496636,107.03430252867187,114.64813902994311,113.94342814894549,12.427886945802506,17.72202917467351,0.14071259544480297,-17.946908497862466,-8.666272856679,-17.54973796685043,-8.737325365082,-10.710388761492268,-3.6105700365445585,-0.7847299484686641,-0.25763109536453044,-3.400207892511091
squat_correct_2.mp4_001,squat,correct,2,10,76.217393189,108.51491744645246,61.864515818173786,95.48277546279427,114.37595884879174,112.15596452633608,12.52416782766129,18.152836198559037,0.14024684498810108,-12.78814668683387,-11.42327240932103,-12.29696082679257,-11.551527065877607,-0.27218018115137,-1.7874636226094083,0.09628088185878525,0.43080702388552794,5.158761811028597
squat_correct_2.mp4_001,squat,correct,3,10,65.64769424819129,89.37905696545481,51.61919929886611,76.28020530699514,107.8905170444299,108.23859825949718,12.179679097117296,18.109275437702717,0.14154626246138283,-10.56969894080872,-19.13586048099765,-10.245316519307679,-19.202570155799123,-6.485441804361841,-3.917366266838897,-0.3444887305439952,-0.04356076085631955,2.2184477460251486
squat_correct_2.mp4_001,squat,correct,4,10,63.41366985569024,79.6325126185417,49.61284744151532,66.93282802363379,110.21824838039828,108.18910595686528,12.592151367233582,18.27968580782505,0.14245973755119434,-2.2340243925010483,-9.746544346913112,-2.0063518573507864,-9.347377283361354,2.32773133596838,-0.049492302631904295,0.41247227011628596,0.17041037012233318,8.335674548307672
squat_correct_2.mp4_001,squat,correct,5,10,60.79990502508113,79.20693042344773,47.142326553977796,66.42612271949132,104.08825271282642,103.00528669063237,12.344034492502464,18.313364040307754,0.1418502456500682,-2.6137648306091066,-0.4255821950939662,-2.470520887537525,-0.5067053041424714,-6.129995667571862,-5.183819266232902,-0.24811687473111732,0.03367823248270341,-0.37974043810805824
squat_correct_2.mp4_001,squat,correct,6,10,67.3860848082039,80.59958128424928,53.875449261487944,68.06259785101891,103.46964706647702,104.13541486232745,12.941347125193507,19.0576323343285,0.1414889522103081,6.586179783122773,1.3926508608015524,6.733122707510148,1.6364751315275896,-0.6186056463493941,1.1301281716950768,0.5973126326910432,0.7442682940207455,9.19994461373188
squat_correct_2.mp4_001,squat,correct,7,10,71.2754393082868,85.94672691335914,57.81320855671215,75.67609284913125,103.3769139450191,106.57149022430808,14.496047464489411,19.67984456044975,0.14157660633770378,3.889354500082902,5.3471456291098605,3.937759295224204,7.613494998112344,-0.09273312145792545,2.4360753619806275,1.5547003392959038,0.6222122261212526,-2.696825283039871
squat_correct_2.mp4_001,squat,correct,8,10,73.21549751579914,84.90317982162328,60.040062941800315,76.07792781432042,87.21046917887577,86.23564886114016,15.342508276937227,20.655982379954448,0.1415119882320624,1.9400582075123367,-1.04354709173586,2.226854385088167,0.40183496518916684,-16.16644476614333,-20.335841363167916,0.8464608124478161,0.9761378195046966,-1.9492962925705655
squat_correct_2.mp4_001,squat,correct,9,10,102.6539071177722,103.08565222111166,89.57094567597085,94.82450629243681,89.82316587320123,78.2217516160103,17.015066791245076,23.001791222889494,0.1389044991315981,29.438409601973063,18.182472399488375,29.530882734170532,18.74657847811639,2.6126966943254644,-8.013897245129868,1.6725585143078483,2.345808842935046,27.498351394460727
squat_correct_2.mp4_001,squat,correct,10,10,143.93855841557604,141.5976832688601,131.07422592887102,132.25522008910775,84.86288277103596,76.94867045391194,17.255923238310604,23.890981309981846,0.13660339957538448,41.28465129780383,38.51203104774844,41.50328025290017,37.43071379667094,-4.960283102165278,-1.2730811620983502,0.24085644706552856,0.8891900870923521,11.84624169583077
